Datetime,Consumption_MW
2024-01-01 00:00:00,456.95
2024-01-01 01:00:00,452.03
2024-01-01 02:00:00,494.01
2024-01-01 03:00:00,480.71
2024-01-01 04:00:00,500.32
2024-01-01 05:00:00,481.95
2024-01-01 06:00:00,549.54
2024-01-01 07:00:00,507.8
2024-01-01 08:00:00,537.09
2024-01-01 09:00:00,555.33
2024-01-01 10:00:00,574.54
2024-01-01 11:00:00,571.6
2024-01-01 12:00:00,548.01
2024-01-01 13:00:00,548.46
2024-01-01 14:00:00,543.62
2024-01-01 15:00:00,535.72
2024-01-01 16:00:00,543.4
2024-01-01 17:00:00,531.37
2024-01-01 18:00:00,596.47
2024-01-01 19:00:00,590.94
2024-01-01 20:00:00,582.94
2024-01-01 21:00:00,577.52
2024-01-01 22:00:00,581.93
2024-01-01 23:00:00,476.77
2024-01-02 00:00:00,439.66
2024-01-02 01:00:00,465.27
2024-01-02 02:00:00,475.01
2024-01-02 03:00:00,475.16
2024-01-02 04:00:00,505.91
2024-01-02 05:00:00,457.24
2024-01-02 06:00:00,513.9
2024-01-02 07:00:00,524.85
2024-01-02 08:00:00,534.55
2024-01-02 09:00:00,514.16
2024-01-02 10:00:00,583.24
2024-01-02 11:00:00,548.92
2024-01-02 12:00:00,572.87
2024-01-02 13:00:00,585.78
2024-01-02 14:00:00,542.86
2024-01-02 15:00:00,529.4
2024-01-02 16:00:00,535.8
2024-01-02 17:00:00,546.05
2024-01-02 18:00:00,594.54
2024-01-02 19:00:00,593.6
2024-01-02 20:00:00,602.44
2024-01-02 21:00:00,558.55
2024-01-02 22:00:00,546.96
2024-01-02 23:00:00,464.52
2024-01-03 00:00:00,455.68
2024-01-03 01:00:00,479.33
2024-01-03 02:00:00,454.84
2024-01-03 03:00:00,470.44
2024-01-03 04:00:00,476.11
2024-01-03 05:00:00,493.93
2024-01-03 06:00:00,557.55
2024-01-03 07:00:00,535.22
2024-01-03 08:00:00,545.81
2024-01-03 09:00:00,588.81
2024-01-03 10:00:00,538.26
2024-01-03 11:00:00,563.39
2024-01-03 12:00:00,549.36
2024-01-03 13:00:00,584.54
2024-01-03 14:00:00,558.3
2024-01-03 15:00:00,558.69
2024-01-03 16:00:00,515.99
2024-01-03 17:00:00,528.77
2024-01-03 18:00:00,607.27
2024-01-03 19:00:00,603.52
2024-01-03 20:00:00,587.92
2024-01-03 21:00:00,571.48
2024-01-03 22:00:00,558.23
2024-01-03 23:00:00,463.02
2024-01-04 00:00:00,468.21
2024-01-04 01:00:00,473.94
2024-01-04 02:00:00,473.51
2024-01-04 03:00:00,445.06
2024-01-04 04:00:00,509.22
2024-01-04 05:00:00,486.05
2024-01-04 06:00:00,511.78
2024-01-04 07:00:00,504.9
2024-01-04 08:00:00,539.59
2024-01-04 09:00:00,582.89
2024-01-04 10:00:00,533.78
2024-01-04 11:00:00,542.61
2024-01-04 12:00:00,547.79
2024-01-04 13:00:00,553.65
2024-01-04 14:00:00,535.65
2024-01-04 15:00:00,539.92
2024-01-04 16:00:00,510.77
2024-01-04 17:00:00,527.74
2024-01-04 18:00:00,565.07
2024-01-04 19:00:00,591.96
2024-01-04 20:00:00,578.35
2024-01-04 21:00:00,568.91
2024-01-04 22:00:00,570.63
2024-01-04 23:00:00,474.19
2024-01-05 00:00:00,427.36
2024-01-05 01:00:00,459.49
2024-01-05 02:00:00,473.96
2024-01-05 03:00:00,462.26
2024-01-05 04:00:00,480.1
2024-01-05 05:00:00,472.96
2024-01-05 06:00:00,529.33
2024-01-05 07:00:00,535.91
2024-01-05 08:00:00,548.67
2024-01-05 09:00:00,511.27
2024-01-05 10:00:00,556.37
2024-01-05 11:00:00,575.67
2024-01-05 12:00:00,552.39
2024-01-05 13:00:00,580.12
2024-01-05 14:00:00,575.03
2024-01-05 15:00:00,548.43
2024-01-05 16:00:00,534.65
2024-01-05 17:00:00,508.25
2024-01-05 18:00:00,621.19
2024-01-05 19:00:00,577.49
2024-01-05 20:00:00,590.59
2024-01-05 21:00:00,559.85
2024-01-05 22:00:00,568.99
2024-01-05 23:00:00,449.42
2024-01-06 00:00:00,427.77
2024-01-06 01:00:00,411.33
2024-01-06 02:00:00,454.24
2024-01-06 03:00:00,440.62
2024-01-06 04:00:00,459.01
2024-01-06 05:00:00,440.7
2024-01-06 06:00:00,477.05
2024-01-06 07:00:00,497.07
2024-01-06 08:00:00,455.97
2024-01-06 09:00:00,500.93
2024-01-06 10:00:00,523.6
2024-01-06 11:00:00,512.31
2024-01-06 12:00:00,538.2
2024-01-06 13:00:00,534.45
2024-01-06 14:00:00,525.79
2024-01-06 15:00:00,513.81
2024-01-06 16:00:00,530.12
2024-01-06 17:00:00,482.72
2024-01-06 18:00:00,589.4
2024-01-06 19:00:00,558.76
2024-01-06 20:00:00,553.3
2024-01-06 21:00:00,537.61
2024-01-06 22:00:00,529.42
2024-01-06 23:00:00,438.25
2024-01-07 00:00:00,437.91
2024-01-07 01:00:00,421.95
2024-01-07 02:00:00,435.55
2024-01-07 03:00:00,442.95
2024-01-07 04:00:00,461.39
2024-01-07 05:00:00,466.28
2024-01-07 06:00:00,483.98
2024-01-07 07:00:00,488.6
2024-01-07 08:00:00,514.2
2024-01-07 09:00:00,517.31
2024-01-07 10:00:00,553.36
2024-01-07 11:00:00,508.15
2024-01-07 12:00:00,508.44
2024-01-07 13:00:00,508.91
2024-01-07 14:00:00,514.32
2024-01-07 15:00:00,543.13
2024-01-07 16:00:00,512.05
2024-01-07 17:00:00,505.81
2024-01-07 18:00:00,576.73
2024-01-07 19:00:00,545.76
2024-01-07 20:00:00,552.12
2024-01-07 21:00:00,539.13
2024-01-07 22:00:00,519.78
2024-01-07 23:00:00,434.49
2024-01-08 00:00:00,471.13
2024-01-08 01:00:00,465.37
2024-01-08 02:00:00,469.17
2024-01-08 03:00:00,489.88
2024-01-08 04:00:00,472.92
2024-01-08 05:00:00,495.08
2024-01-08 06:00:00,515.46
2024-01-08 07:00:00,537.2
2024-01-08 08:00:00,540.54
2024-01-08 09:00:00,534.67
2024-01-08 10:00:00,535.06
2024-01-08 11:00:00,534.52
2024-01-08 12:00:00,559.15
2024-01-08 13:00:00,546.55
2024-01-08 14:00:00,518.56
2024-01-08 15:00:00,540.9
2024-01-08 16:00:00,513.32
2024-01-08 17:00:00,506.54
2024-01-08 18:00:00,620.65
2024-01-08 19:00:00,577.26
2024-01-08 20:00:00,601.0
2024-01-08 21:00:00,547.96
2024-01-08 22:00:00,551.41
2024-01-08 23:00:00,445.99
2024-01-09 00:00:00,476.83
2024-01-09 01:00:00,462.09
2024-01-09 02:00:00,455.11
2024-01-09 03:00:00,442.05
2024-01-09 04:00:00,480.33
2024-01-09 05:00:00,493.05
2024-01-09 06:00:00,522.81
2024-01-09 07:00:00,537.33
2024-01-09 08:00:00,531.63
2024-01-09 09:00:00,535.3
2024-01-09 10:00:00,551.93
2024-01-09 11:00:00,539.44
2024-01-09 12:00:00,573.72
2024-01-09 13:00:00,561.4
2024-01-09 14:00:00,536.56
2024-01-09 15:00:00,519.01
2024-01-09 16:00:00,535.4
2024-01-09 17:00:00,535.66
2024-01-09 18:00:00,609.92
2024-01-09 19:00:00,589.32
2024-01-09 20:00:00,609.11
2024-01-09 21:00:00,563.91
2024-01-09 22:00:00,557.72
2024-01-09 23:00:00,464.47
2024-01-10 00:00:00,433.24
2024-01-10 01:00:00,462.14
2024-01-10 02:00:00,453.0
2024-01-10 03:00:00,475.73
2024-01-10 04:00:00,484.48
2024-01-10 05:00:00,507.59
2024-01-10 06:00:00,520.08
2024-01-10 07:00:00,518.3
2024-01-10 08:00:00,529.13
2024-01-10 09:00:00,545.66
2024-01-10 10:00:00,537.34
2024-01-10 11:00:00,556.01
2024-01-10 12:00:00,583.85
2024-01-10 13:00:00,529.32
2024-01-10 14:00:00,543.55
2024-01-10 15:00:00,587.26
2024-01-10 16:00:00,499.76
2024-01-10 17:00:00,545.56
2024-01-10 18:00:00,581.04
2024-01-10 19:00:00,581.51
2024-01-10 20:00:00,572.52
2024-01-10 21:00:00,571.7
2024-01-10 22:00:00,545.17
2024-01-10 23:00:00,459.11
2024-01-11 00:00:00,453.49
2024-01-11 01:00:00,473.54
2024-01-11 02:00:00,465.6
2024-01-11 03:00:00,496.97
2024-01-11 04:00:00,472.04
2024-01-11 05:00:00,493.26
2024-01-11 06:00:00,496.35
2024-01-11 07:00:00,509.3
2024-01-11 08:00:00,548.54
2024-01-11 09:00:00,551.25
2024-01-11 10:00:00,538.51
2024-01-11 11:00:00,564.21
2024-01-11 12:00:00,560.18
2024-01-11 13:00:00,559.33
2024-01-11 14:00:00,556.95
2024-01-11 15:00:00,555.1
2024-01-11 16:00:00,513.58
2024-01-11 17:00:00,549.63
2024-01-11 18:00:00,626.38
2024-01-11 19:00:00,576.01
2024-01-11 20:00:00,596.98
2024-01-11 21:00:00,612.17
2024-01-11 22:00:00,568.85
2024-01-11 23:00:00,478.02
2024-01-12 00:00:00,459.37
2024-01-12 01:00:00,461.5
2024-01-12 02:00:00,447.3
2024-01-12 03:00:00,473.06
2024-01-12 04:00:00,485.2
2024-01-12 05:00:00,523.91
2024-01-12 06:00:00,521.69
2024-01-12 07:00:00,524.45
2024-01-12 08:00:00,539.83
2024-01-12 09:00:00,573.34
2024-01-12 10:00:00,533.26
2024-01-12 11:00:00,568.68
2024-01-12 12:00:00,526.95
2024-01-12 13:00:00,558.87
2024-01-12 14:00:00,546.32
2024-01-12 15:00:00,543.75
2024-01-12 16:00:00,532.38
2024-01-12 17:00:00,546.5
2024-01-12 18:00:00,584.8
2024-01-12 19:00:00,555.57
2024-01-12 20:00:00,572.45
2024-01-12 21:00:00,575.19
2024-01-12 22:00:00,586.79
2024-01-12 23:00:00,452.09
2024-01-13 00:00:00,417.01
2024-01-13 01:00:00,445.47
2024-01-13 02:00:00,432.86
2024-01-13 03:00:00,435.01
2024-01-13 04:00:00,472.78
2024-01-13 05:00:00,447.48
2024-01-13 06:00:00,483.09
2024-01-13 07:00:00,491.43
2024-01-13 08:00:00,495.93
2024-01-13 09:00:00,507.45
2024-01-13 10:00:00,535.07
2024-01-13 11:00:00,517.8
2024-01-13 12:00:00,538.68
2024-01-13 13:00:00,543.54
2024-01-13 14:00:00,525.48
2024-01-13 15:00:00,512.69
2024-01-13 16:00:00,488.35
2024-01-13 17:00:00,494.94
2024-01-13 18:00:00,559.45
2024-01-13 19:00:00,543.36
2024-01-13 20:00:00,549.74
2024-01-13 21:00:00,540.94
2024-01-13 22:00:00,528.4
2024-01-13 23:00:00,462.59
2024-01-14 00:00:00,439.46
2024-01-14 01:00:00,421.7
2024-01-14 02:00:00,434.78
2024-01-14 03:00:00,442.97
2024-01-14 04:00:00,474.2
2024-01-14 05:00:00,499.23
2024-01-14 06:00:00,484.84
2024-01-14 07:00:00,479.29
2024-01-14 08:00:00,496.51
2024-01-14 09:00:00,525.89
2024-01-14 10:00:00,540.66
2024-01-14 11:00:00,530.8
2024-01-14 12:00:00,511.27
2024-01-14 13:00:00,524.76
2024-01-14 14:00:00,536.99
2024-01-14 15:00:00,524.62
2024-01-14 16:00:00,499.07
2024-01-14 17:00:00,524.35
2024-01-14 18:00:00,547.03
2024-01-14 19:00:00,583.68
2024-01-14 20:00:00,548.22
2024-01-14 21:00:00,544.41
2024-01-14 22:00:00,558.95
2024-01-14 23:00:00,409.65
2024-01-15 00:00:00,472.97
2024-01-15 01:00:00,460.12
2024-01-15 02:00:00,473.22
2024-01-15 03:00:00,452.73
2024-01-15 04:00:00,482.34
2024-01-15 05:00:00,491.94
2024-01-15 06:00:00,508.55
2024-01-15 07:00:00,575.04
2024-01-15 08:00:00,523.47
2024-01-15 09:00:00,540.97
2024-01-15 10:00:00,549.13
2024-01-15 11:00:00,560.58
2024-01-15 12:00:00,569.95
2024-01-15 13:00:00,557.99
2024-01-15 14:00:00,568.54
2024-01-15 15:00:00,546.52
2024-01-15 16:00:00,519.34
2024-01-15 17:00:00,525.53
2024-01-15 18:00:00,594.8
2024-01-15 19:00:00,582.94
2024-01-15 20:00:00,594.88
2024-01-15 21:00:00,596.45
2024-01-15 22:00:00,568.58
2024-01-15 23:00:00,453.55
2024-01-16 00:00:00,448.93
2024-01-16 01:00:00,440.14
2024-01-16 02:00:00,472.63
2024-01-16 03:00:00,444.85
2024-01-16 04:00:00,476.18
2024-01-16 05:00:00,488.18
2024-01-16 06:00:00,534.93
2024-01-16 07:00:00,531.11
2024-01-16 08:00:00,530.04
2024-01-16 09:00:00,544.16
2024-01-16 10:00:00,566.46
2024-01-16 11:00:00,537.2
2024-01-16 12:00:00,532.83
2024-01-16 13:00:00,564.7
2024-01-16 14:00:00,534.01
2024-01-16 15:00:00,552.2
2024-01-16 16:00:00,537.9
2024-01-16 17:00:00,522.79
2024-01-16 18:00:00,608.65
2024-01-16 19:00:00,590.73
2024-01-16 20:00:00,577.41
2024-01-16 21:00:00,594.72
2024-01-16 22:00:00,584.79
2024-01-16 23:00:00,495.94
2024-01-17 00:00:00,455.88
2024-01-17 01:00:00,464.77
2024-01-17 02:00:00,444.77
2024-01-17 03:00:00,486.62
2024-01-17 04:00:00,496.89
2024-01-17 05:00:00,481.5
2024-01-17 06:00:00,503.47
2024-01-17 07:00:00,534.92
2024-01-17 08:00:00,551.45
2024-01-17 09:00:00,550.38
2024-01-17 10:00:00,576.33
2024-01-17 11:00:00,539.27
2024-01-17 12:00:00,575.08
2024-01-17 13:00:00,570.23
2024-01-17 14:00:00,564.06
2024-01-17 15:00:00,521.72
2024-01-17 16:00:00,541.22
2024-01-17 17:00:00,520.98
2024-01-17 18:00:00,631.97
2024-01-17 19:00:00,595.7
2024-01-17 20:00:00,557.07
2024-01-17 21:00:00,585.77
2024-01-17 22:00:00,559.19
2024-01-17 23:00:00,439.5
2024-01-18 00:00:00,466.59
2024-01-18 01:00:00,499.51
2024-01-18 02:00:00,474.95
2024-01-18 03:00:00,498.49
2024-01-18 04:00:00,478.93
2024-01-18 05:00:00,526.11
2024-01-18 06:00:00,530.12
2024-01-18 07:00:00,523.48
2024-01-18 08:00:00,512.49
2024-01-18 09:00:00,517.81
2024-01-18 10:00:00,560.36
2024-01-18 11:00:00,538.24
2024-01-18 12:00:00,550.81
2024-01-18 13:00:00,571.97
2024-01-18 14:00:00,591.08
2024-01-18 15:00:00,527.02
2024-01-18 16:00:00,543.75
2024-01-18 17:00:00,501.43
2024-01-18 18:00:00,602.16
2024-01-18 19:00:00,597.75
2024-01-18 20:00:00,573.45
2024-01-18 21:00:00,571.76
2024-01-18 22:00:00,583.89
2024-01-18 23:00:00,452.56
2024-01-19 00:00:00,455.27
2024-01-19 01:00:00,477.97
2024-01-19 02:00:00,478.81
2024-01-19 03:00:00,466.02
2024-01-19 04:00:00,499.51
2024-01-19 05:00:00,520.35
2024-01-19 06:00:00,497.77
2024-01-19 07:00:00,515.19
2024-01-19 08:00:00,567.96
2024-01-19 09:00:00,534.09
2024-01-19 10:00:00,552.5
2024-01-19 11:00:00,573.94
2024-01-19 12:00:00,532.74
2024-01-19 13:00:00,563.9
2024-01-19 14:00:00,556.46
2024-01-19 15:00:00,545.19
2024-01-19 16:00:00,530.57
2024-01-19 17:00:00,535.6
2024-01-19 18:00:00,621.82
2024-01-19 19:00:00,613.53
2024-01-19 20:00:00,601.33
2024-01-19 21:00:00,566.25
2024-01-19 22:00:00,587.18
2024-01-19 23:00:00,458.8
2024-01-20 00:00:00,425.22
2024-01-20 01:00:00,429.29
2024-01-20 02:00:00,415.17
2024-01-20 03:00:00,449.77
2024-01-20 04:00:00,440.27
2024-01-20 05:00:00,448.15
2024-01-20 06:00:00,432.47
2024-01-20 07:00:00,490.49
2024-01-20 08:00:00,502.32
2024-01-20 09:00:00,499.02
2024-01-20 10:00:00,523.76
2024-01-20 11:00:00,521.05
2024-01-20 12:00:00,528.19
2024-01-20 13:00:00,552.57
2024-01-20 14:00:00,535.6
2024-01-20 15:00:00,508.98
2024-01-20 16:00:00,505.02
2024-01-20 17:00:00,502.0
2024-01-20 18:00:00,609.83
2024-01-20 19:00:00,601.33
2024-01-20 20:00:00,578.42
2024-01-20 21:00:00,537.5
2024-01-20 22:00:00,508.43
2024-01-20 23:00:00,441.81
2024-01-21 00:00:00,435.98
2024-01-21 01:00:00,427.02
2024-01-21 02:00:00,449.86
2024-01-21 03:00:00,452.53
2024-01-21 04:00:00,441.45
2024-01-21 05:00:00,479.94
2024-01-21 06:00:00,483.67
2024-01-21 07:00:00,488.16
2024-01-21 08:00:00,498.87
2024-01-21 09:00:00,506.73
2024-01-21 10:00:00,494.42
2024-01-21 11:00:00,540.7
2024-01-21 12:00:00,522.12
2024-01-21 13:00:00,531.51
2024-01-21 14:00:00,522.16
2024-01-21 15:00:00,496.04
2024-01-21 16:00:00,508.69
2024-01-21 17:00:00,502.94
2024-01-21 18:00:00,606.79
2024-01-21 19:00:00,570.09
2024-01-21 20:00:00,558.24
2024-01-21 21:00:00,560.47
2024-01-21 22:00:00,548.78
2024-01-21 23:00:00,423.86
2024-01-22 00:00:00,486.16
2024-01-22 01:00:00,451.84
2024-01-22 02:00:00,451.1
2024-01-22 03:00:00,461.04
2024-01-22 04:00:00,519.4
2024-01-22 05:00:00,488.26
2024-01-22 06:00:00,524.48
2024-01-22 07:00:00,539.53
2024-01-22 08:00:00,540.89
2024-01-22 09:00:00,535.82
2024-01-22 10:00:00,558.63
2024-01-22 11:00:00,586.13
2024-01-22 12:00:00,544.42
2024-01-22 13:00:00,562.35
2024-01-22 14:00:00,542.7
2024-01-22 15:00:00,549.2
2024-01-22 16:00:00,515.97
2024-01-22 17:00:00,538.34
2024-01-22 18:00:00,593.92
2024-01-22 19:00:00,635.85
2024-01-22 20:00:00,599.83
2024-01-22 21:00:00,569.82
2024-01-22 22:00:00,567.32
2024-01-22 23:00:00,452.18
2024-01-23 00:00:00,436.47
2024-01-23 01:00:00,445.97
2024-01-23 02:00:00,472.71
2024-01-23 03:00:00,460.25
2024-01-23 04:00:00,479.2
2024-01-23 05:00:00,482.25
2024-01-23 06:00:00,514.35
2024-01-23 07:00:00,529.4
2024-01-23 08:00:00,554.98
2024-01-23 09:00:00,532.79
2024-01-23 10:00:00,544.75
2024-01-23 11:00:00,590.41
2024-01-23 12:00:00,560.84
2024-01-23 13:00:00,577.63
2024-01-23 14:00:00,554.16
2024-01-23 15:00:00,521.96
2024-01-23 16:00:00,535.04
2024-01-23 17:00:00,530.79
2024-01-23 18:00:00,580.72
2024-01-23 19:00:00,602.99
2024-01-23 20:00:00,599.25
2024-01-23 21:00:00,566.8
2024-01-23 22:00:00,561.38
2024-01-23 23:00:00,480.66
2024-01-24 00:00:00,497.04
2024-01-24 01:00:00,460.5
2024-01-24 02:00:00,462.49
2024-01-24 03:00:00,492.81
2024-01-24 04:00:00,466.32
2024-01-24 05:00:00,478.66
2024-01-24 06:00:00,507.07
2024-01-24 07:00:00,534.25
2024-01-24 08:00:00,529.64
2024-01-24 09:00:00,556.89
2024-01-24 10:00:00,566.6
2024-01-24 11:00:00,561.27
2024-01-24 12:00:00,555.14
2024-01-24 13:00:00,574.24
2024-01-24 14:00:00,536.05
2024-01-24 15:00:00,533.53
2024-01-24 16:00:00,551.2
2024-01-24 17:00:00,533.19
2024-01-24 18:00:00,628.83
2024-01-24 19:00:00,583.28
2024-01-24 20:00:00,591.81
2024-01-24 21:00:00,570.97
2024-01-24 22:00:00,581.7
2024-01-24 23:00:00,452.25
2024-01-25 00:00:00,452.49
2024-01-25 01:00:00,438.25
2024-01-25 02:00:00,465.56
2024-01-25 03:00:00,464.74
2024-01-25 04:00:00,486.0
2024-01-25 05:00:00,542.49
2024-01-25 06:00:00,510.71
2024-01-25 07:00:00,522.51
2024-01-25 08:00:00,518.46
2024-01-25 09:00:00,545.0
2024-01-25 10:00:00,574.62
2024-01-25 11:00:00,564.62
2024-01-25 12:00:00,546.0
2024-01-25 13:00:00,565.72
2024-01-25 14:00:00,539.13
2024-01-25 15:00:00,543.37
2024-01-25 16:00:00,519.69
2024-01-25 17:00:00,541.17
2024-01-25 18:00:00,613.44
2024-01-25 19:00:00,599.05
2024-01-25 20:00:00,577.13
2024-01-25 21:00:00,575.68
2024-01-25 22:00:00,562.46
2024-01-25 23:00:00,474.1
2024-01-26 00:00:00,439.69
2024-01-26 01:00:00,460.59
2024-01-26 02:00:00,458.18
2024-01-26 03:00:00,479.56
2024-01-26 04:00:00,487.45
2024-01-26 05:00:00,492.71
2024-01-26 06:00:00,509.8
2024-01-26 07:00:00,547.73
2024-01-26 08:00:00,539.4
2024-01-26 09:00:00,571.33
2024-01-26 10:00:00,569.84
2024-01-26 11:00:00,580.25
2024-01-26 12:00:00,586.61
2024-01-26 13:00:00,555.79
2024-01-26 14:00:00,575.65
2024-01-26 15:00:00,532.09
2024-01-26 16:00:00,549.22
2024-01-26 17:00:00,525.85
2024-01-26 18:00:00,627.25
2024-01-26 19:00:00,592.23
2024-01-26 20:00:00,605.32
2024-01-26 21:00:00,587.43
2024-01-26 22:00:00,580.6
2024-01-26 23:00:00,458.2
2024-01-27 00:00:00,421.79
2024-01-27 01:00:00,435.43
2024-01-27 02:00:00,455.99
2024-01-27 03:00:00,458.39
2024-01-27 04:00:00,473.58
2024-01-27 05:00:00,466.89
2024-01-27 06:00:00,469.09
2024-01-27 07:00:00,471.9
2024-01-27 08:00:00,504.32
2024-01-27 09:00:00,517.47
2024-01-27 10:00:00,511.68
2024-01-27 11:00:00,536.39
2024-01-27 12:00:00,554.73
2024-01-27 13:00:00,523.43
2024-01-27 14:00:00,545.26
2024-01-27 15:00:00,529.96
2024-01-27 16:00:00,496.85
2024-01-27 17:00:00,482.07
2024-01-27 18:00:00,572.95
2024-01-27 19:00:00,559.23
2024-01-27 20:00:00,556.1
2024-01-27 21:00:00,571.56
2024-01-27 22:00:00,544.13
2024-01-27 23:00:00,422.16
2024-01-28 00:00:00,428.06
2024-01-28 01:00:00,435.4
2024-01-28 02:00:00,430.58
2024-01-28 03:00:00,441.92
2024-01-28 04:00:00,447.43
2024-01-28 05:00:00,460.61
2024-01-28 06:00:00,485.25
2024-01-28 07:00:00,497.77
2024-01-28 08:00:00,499.68
2024-01-28 09:00:00,520.59
2024-01-28 10:00:00,523.62
2024-01-28 11:00:00,518.33
2024-01-28 12:00:00,535.43
2024-01-28 13:00:00,561.92
2024-01-28 14:00:00,512.59
2024-01-28 15:00:00,500.9
2024-01-28 16:00:00,523.02
2024-01-28 17:00:00,486.8
2024-01-28 18:00:00,585.73
2024-01-28 19:00:00,554.39
2024-01-28 20:00:00,560.73
2024-01-28 21:00:00,546.21
2024-01-28 22:00:00,531.71
2024-01-28 23:00:00,441.12
2024-01-29 00:00:00,462.71
2024-01-29 01:00:00,470.67
2024-01-29 02:00:00,456.43
2024-01-29 03:00:00,499.24
2024-01-29 04:00:00,480.62
2024-01-29 05:00:00,487.72
2024-01-29 06:00:00,539.13
2024-01-29 07:00:00,522.51
2024-01-29 08:00:00,523.37
2024-01-29 09:00:00,544.87
2024-01-29 10:00:00,575.2
2024-01-29 11:00:00,574.22
2024-01-29 12:00:00,532.66
2024-01-29 13:00:00,592.16
2024-01-29 14:00:00,548.18
2024-01-29 15:00:00,561.02
2024-01-29 16:00:00,544.5
2024-01-29 17:00:00,550.49
2024-01-29 18:00:00,617.13
2024-01-29 19:00:00,606.53
2024-01-29 20:00:00,594.9
2024-01-29 21:00:00,566.65
2024-01-29 22:00:00,583.7
2024-01-29 23:00:00,466.94
2024-01-30 00:00:00,474.45
2024-01-30 01:00:00,467.33
2024-01-30 02:00:00,482.49
2024-01-30 03:00:00,463.54
2024-01-30 04:00:00,499.82
2024-01-30 05:00:00,501.46
2024-01-30 06:00:00,497.24
2024-01-30 07:00:00,529.39
2024-01-30 08:00:00,546.08
2024-01-30 09:00:00,543.32
2024-01-30 10:00:00,554.46
2024-01-30 11:00:00,576.98
2024-01-30 12:00:00,559.98
2024-01-30 13:00:00,542.12
2024-01-30 14:00:00,550.76
2024-01-30 15:00:00,556.48
2024-01-30 16:00:00,520.16
2024-01-30 17:00:00,532.5
2024-01-30 18:00:00,614.68
2024-01-30 19:00:00,607.58
2024-01-30 20:00:00,570.99
2024-01-30 21:00:00,567.15
2024-01-30 22:00:00,572.27
2024-01-30 23:00:00,468.73
2024-01-31 00:00:00,465.92
2024-01-31 01:00:00,453.87
2024-01-31 02:00:00,494.8
2024-01-31 03:00:00,469.18
2024-01-31 04:00:00,484.24
2024-01-31 05:00:00,501.18
2024-01-31 06:00:00,533.74
2024-01-31 07:00:00,501.96
2024-01-31 08:00:00,534.67
2024-01-31 09:00:00,550.9
2024-01-31 10:00:00,523.71
2024-01-31 11:00:00,560.23
2024-01-31 12:00:00,571.98
2024-01-31 13:00:00,553.06
2024-01-31 14:00:00,537.79
2024-01-31 15:00:00,543.1
2024-01-31 16:00:00,536.99
2024-01-31 17:00:00,526.4
2024-01-31 18:00:00,622.02
2024-01-31 19:00:00,614.23
2024-01-31 20:00:00,563.96
2024-01-31 21:00:00,594.64
2024-01-31 22:00:00,588.52
2024-01-31 23:00:00,451.95
2024-02-01 00:00:00,476.66
2024-02-01 01:00:00,442.66
2024-02-01 02:00:00,450.25
2024-02-01 03:00:00,456.51
2024-02-01 04:00:00,459.09
2024-02-01 05:00:00,496.63
2024-02-01 06:00:00,505.13
2024-02-01 07:00:00,486.46
2024-02-01 08:00:00,510.98
2024-02-01 09:00:00,517.21
2024-02-01 10:00:00,549.36
2024-02-01 11:00:00,577.87
2024-02-01 12:00:00,554.58
2024-02-01 13:00:00,555.82
2024-02-01 14:00:00,519.98
2024-02-01 15:00:00,535.58
2024-02-01 16:00:00,531.73
2024-02-01 17:00:00,506.55
2024-02-01 18:00:00,585.83
2024-02-01 19:00:00,570.41
2024-02-01 20:00:00,587.74
2024-02-01 21:00:00,574.18
2024-02-01 22:00:00,543.91
2024-02-01 23:00:00,455.6
2024-02-02 00:00:00,432.62
2024-02-02 01:00:00,464.72
2024-02-02 02:00:00,452.57
2024-02-02 03:00:00,455.53
2024-02-02 04:00:00,489.75
2024-02-02 05:00:00,479.51
2024-02-02 06:00:00,483.76
2024-02-02 07:00:00,532.49
2024-02-02 08:00:00,506.62
2024-02-02 09:00:00,529.32
2024-02-02 10:00:00,570.34
2024-02-02 11:00:00,551.44
2024-02-02 12:00:00,550.44
2024-02-02 13:00:00,566.79
2024-02-02 14:00:00,541.67
2024-02-02 15:00:00,545.63
2024-02-02 16:00:00,511.8
2024-02-02 17:00:00,531.3
2024-02-02 18:00:00,596.94
2024-02-02 19:00:00,590.39
2024-02-02 20:00:00,592.5
2024-02-02 21:00:00,572.62
2024-02-02 22:00:00,553.79
2024-02-02 23:00:00,456.12
2024-02-03 00:00:00,414.42
2024-02-03 01:00:00,429.12
2024-02-03 02:00:00,432.6
2024-02-03 03:00:00,420.62
2024-02-03 04:00:00,448.76
2024-02-03 05:00:00,453.81
2024-02-03 06:00:00,471.95
2024-02-03 07:00:00,502.09
2024-02-03 08:00:00,470.64
2024-02-03 09:00:00,478.25
2024-02-03 10:00:00,490.66
2024-02-03 11:00:00,477.45
2024-02-03 12:00:00,523.79
2024-02-03 13:00:00,529.06
2024-02-03 14:00:00,525.41
2024-02-03 15:00:00,501.29
2024-02-03 16:00:00,486.27
2024-02-03 17:00:00,482.63
2024-02-03 18:00:00,576.72
2024-02-03 19:00:00,550.61
2024-02-03 20:00:00,557.15
2024-02-03 21:00:00,529.67
2024-02-03 22:00:00,518.62
2024-02-03 23:00:00,433.94
2024-02-04 00:00:00,433.18
2024-02-04 01:00:00,404.2
2024-02-04 02:00:00,436.79
2024-02-04 03:00:00,431.58
2024-02-04 04:00:00,469.3
2024-02-04 05:00:00,467.94
2024-02-04 06:00:00,448.16
2024-02-04 07:00:00,467.44
2024-02-04 08:00:00,516.82
2024-02-04 09:00:00,506.02
2024-02-04 10:00:00,528.91
2024-02-04 11:00:00,510.52
2024-02-04 12:00:00,519.92
2024-02-04 13:00:00,532.06
2024-02-04 14:00:00,507.51
2024-02-04 15:00:00,493.85
2024-02-04 16:00:00,490.61
2024-02-04 17:00:00,472.6
2024-02-04 18:00:00,549.45
2024-02-04 19:00:00,548.38
2024-02-04 20:00:00,538.26
2024-02-04 21:00:00,511.37
2024-02-04 22:00:00,515.64
2024-02-04 23:00:00,423.5
2024-02-05 00:00:00,453.84
2024-02-05 01:00:00,454.86
2024-02-05 02:00:00,480.35
2024-02-05 03:00:00,481.09
2024-02-05 04:00:00,461.71
2024-02-05 05:00:00,481.85
2024-02-05 06:00:00,518.75
2024-02-05 07:00:00,514.55
2024-02-05 08:00:00,518.61
2024-02-05 09:00:00,519.23
2024-02-05 10:00:00,541.7
2024-02-05 11:00:00,537.25
2024-02-05 12:00:00,532.92
2024-02-05 13:00:00,535.7
2024-02-05 14:00:00,554.49
2024-02-05 15:00:00,525.67
2024-02-05 16:00:00,511.56
2024-02-05 17:00:00,539.55
2024-02-05 18:00:00,599.27
2024-02-05 19:00:00,591.82
2024-02-05 20:00:00,565.76
2024-02-05 21:00:00,571.73
2024-02-05 22:00:00,561.11
2024-02-05 23:00:00,484.48
2024-02-06 00:00:00,465.14
2024-02-06 01:00:00,452.78
2024-02-06 02:00:00,449.27
2024-02-06 03:00:00,455.26
2024-02-06 04:00:00,487.59
2024-02-06 05:00:00,469.73
2024-02-06 06:00:00,507.58
2024-02-06 07:00:00,522.44
2024-02-06 08:00:00,504.58
2024-02-06 09:00:00,530.22
2024-02-06 10:00:00,538.43
2024-02-06 11:00:00,544.12
2024-02-06 12:00:00,540.81
2024-02-06 13:00:00,564.76
2024-02-06 14:00:00,555.78
2024-02-06 15:00:00,557.99
2024-02-06 16:00:00,529.73
2024-02-06 17:00:00,512.2
2024-02-06 18:00:00,595.34
2024-02-06 19:00:00,566.05
2024-02-06 20:00:00,568.23
2024-02-06 21:00:00,557.57
2024-02-06 22:00:00,568.78
2024-02-06 23:00:00,438.97
2024-02-07 00:00:00,446.4
2024-02-07 01:00:00,468.1
2024-02-07 02:00:00,471.29
2024-02-07 03:00:00,454.94
2024-02-07 04:00:00,462.7
2024-02-07 05:00:00,488.92
2024-02-07 06:00:00,485.37
2024-02-07 07:00:00,513.62
2024-02-07 08:00:00,523.34
2024-02-07 09:00:00,545.97
2024-02-07 10:00:00,506.0
2024-02-07 11:00:00,547.52
2024-02-07 12:00:00,536.84
2024-02-07 13:00:00,545.29
2024-02-07 14:00:00,541.54
2024-02-07 15:00:00,555.51
2024-02-07 16:00:00,548.0
2024-02-07 17:00:00,513.99
2024-02-07 18:00:00,606.43
2024-02-07 19:00:00,594.67
2024-02-07 20:00:00,568.89
2024-02-07 21:00:00,546.79
2024-02-07 22:00:00,556.76
2024-02-07 23:00:00,447.84
2024-02-08 00:00:00,449.99
2024-02-08 01:00:00,447.74
2024-02-08 02:00:00,431.93
2024-02-08 03:00:00,446.82
2024-02-08 04:00:00,467.18
2024-02-08 05:00:00,486.04
2024-02-08 06:00:00,499.58
2024-02-08 07:00:00,533.63
2024-02-08 08:00:00,502.83
2024-02-08 09:00:00,529.81
2024-02-08 10:00:00,531.82
2024-02-08 11:00:00,534.18
2024-02-08 12:00:00,545.34
2024-02-08 13:00:00,536.24
2024-02-08 14:00:00,524.35
2024-02-08 15:00:00,513.28
2024-02-08 16:00:00,512.23
2024-02-08 17:00:00,488.15
2024-02-08 18:00:00,604.53
2024-02-08 19:00:00,558.7
2024-02-08 20:00:00,570.93
2024-02-08 21:00:00,560.29
2024-02-08 22:00:00,539.23
2024-02-08 23:00:00,460.46
2024-02-09 00:00:00,458.3
2024-02-09 01:00:00,445.25
2024-02-09 02:00:00,458.26
2024-02-09 03:00:00,443.25
2024-02-09 04:00:00,430.25
2024-02-09 05:00:00,516.28
2024-02-09 06:00:00,482.17
2024-02-09 07:00:00,525.73
2024-02-09 08:00:00,498.43
2024-02-09 09:00:00,531.15
2024-02-09 10:00:00,541.51
2024-02-09 11:00:00,546.85
2024-02-09 12:00:00,552.61
2024-02-09 13:00:00,531.08
2024-02-09 14:00:00,557.05
2024-02-09 15:00:00,531.69
2024-02-09 16:00:00,496.25
2024-02-09 17:00:00,517.17
2024-02-09 18:00:00,599.66
2024-02-09 19:00:00,595.59
2024-02-09 20:00:00,552.11
2024-02-09 21:00:00,543.18
2024-02-09 22:00:00,535.45
2024-02-09 23:00:00,449.93
2024-02-10 00:00:00,424.92
2024-02-10 01:00:00,419.73
2024-02-10 02:00:00,444.39
2024-02-10 03:00:00,399.92
2024-02-10 04:00:00,474.4
2024-02-10 05:00:00,446.96
2024-02-10 06:00:00,480.97
2024-02-10 07:00:00,453.06
2024-02-10 08:00:00,502.64
2024-02-10 09:00:00,504.95
2024-02-10 10:00:00,513.29
2024-02-10 11:00:00,506.89
2024-02-10 12:00:00,523.21
2024-02-10 13:00:00,528.54
2024-02-10 14:00:00,501.2
2024-02-10 15:00:00,498.58
2024-02-10 16:00:00,528.55
2024-02-10 17:00:00,476.48
2024-02-10 18:00:00,584.51
2024-02-10 19:00:00,561.67
2024-02-10 20:00:00,546.15
2024-02-10 21:00:00,545.89
2024-02-10 22:00:00,511.25
2024-02-10 23:00:00,405.39
2024-02-11 00:00:00,396.8
2024-02-11 01:00:00,418.11
2024-02-11 02:00:00,414.88
2024-02-11 03:00:00,416.22
2024-02-11 04:00:00,451.55
2024-02-11 05:00:00,451.84
2024-02-11 06:00:00,484.62
2024-02-11 07:00:00,498.33
2024-02-11 08:00:00,475.6
2024-02-11 09:00:00,504.66
2024-02-11 10:00:00,501.49
2024-02-11 11:00:00,521.61
2024-02-11 12:00:00,485.46
2024-02-11 13:00:00,512.73
2024-02-11 14:00:00,527.88
2024-02-11 15:00:00,496.91
2024-02-11 16:00:00,497.63
2024-02-11 17:00:00,484.15
2024-02-11 18:00:00,570.14
2024-02-11 19:00:00,566.0
2024-02-11 20:00:00,538.65
2024-02-11 21:00:00,560.28
2024-02-11 22:00:00,518.22
2024-02-11 23:00:00,405.45
2024-02-12 00:00:00,449.86
2024-02-12 01:00:00,467.38
2024-02-12 02:00:00,452.97
2024-02-12 03:00:00,470.75
2024-02-12 04:00:00,474.11
2024-02-12 05:00:00,497.89
2024-02-12 06:00:00,521.99
2024-02-12 07:00:00,522.23
2024-02-12 08:00:00,539.09
2024-02-12 09:00:00,550.11
2024-02-12 10:00:00,518.3
2024-02-12 11:00:00,544.56
2024-02-12 12:00:00,544.31
2024-02-12 13:00:00,554.92
2024-02-12 14:00:00,557.63
2024-02-12 15:00:00,541.59
2024-02-12 16:00:00,518.49
2024-02-12 17:00:00,510.28
2024-02-12 18:00:00,627.96
2024-02-12 19:00:00,618.1
2024-02-12 20:00:00,571.49
2024-02-12 21:00:00,530.57
2024-02-12 22:00:00,539.31
2024-02-12 23:00:00,458.87
2024-02-13 00:00:00,405.14
2024-02-13 01:00:00,455.88
2024-02-13 02:00:00,467.69
2024-02-13 03:00:00,453.26
2024-02-13 04:00:00,497.29
2024-02-13 05:00:00,493.2
2024-02-13 06:00:00,496.5
2024-02-13 07:00:00,512.03
2024-02-13 08:00:00,516.99
2024-02-13 09:00:00,556.12
2024-02-13 10:00:00,544.94
2024-02-13 11:00:00,559.87
2024-02-13 12:00:00,526.55
2024-02-13 13:00:00,589.9
2024-02-13 14:00:00,572.09
2024-02-13 15:00:00,549.15
2024-02-13 16:00:00,497.82
2024-02-13 17:00:00,494.35
2024-02-13 18:00:00,583.82
2024-02-13 19:00:00,562.71
2024-02-13 20:00:00,599.96
2024-02-13 21:00:00,571.27
2024-02-13 22:00:00,583.24
2024-02-13 23:00:00,440.75
2024-02-14 00:00:00,456.99
2024-02-14 01:00:00,458.46
2024-02-14 02:00:00,444.77
2024-02-14 03:00:00,455.75
2024-02-14 04:00:00,460.87
2024-02-14 05:00:00,483.92
2024-02-14 06:00:00,488.59
2024-02-14 07:00:00,491.76
2024-02-14 08:00:00,498.03
2024-02-14 09:00:00,528.78
2024-02-14 10:00:00,545.3
2024-02-14 11:00:00,545.34
2024-02-14 12:00:00,548.29
2024-02-14 13:00:00,539.86
2024-02-14 14:00:00,516.02
2024-02-14 15:00:00,540.72
2024-02-14 16:00:00,510.27
2024-02-14 17:00:00,528.26
2024-02-14 18:00:00,580.65
2024-02-14 19:00:00,594.02
2024-02-14 20:00:00,590.52
2024-02-14 21:00:00,552.81
2024-02-14 22:00:00,546.68
2024-02-14 23:00:00,449.24
2024-02-15 00:00:00,470.16
2024-02-15 01:00:00,450.21
2024-02-15 02:00:00,472.36
2024-02-15 03:00:00,457.92
2024-02-15 04:00:00,492.98
2024-02-15 05:00:00,500.28
2024-02-15 06:00:00,495.96
2024-02-15 07:00:00,498.68
2024-02-15 08:00:00,513.95
2024-02-15 09:00:00,543.54
2024-02-15 10:00:00,533.09
2024-02-15 11:00:00,543.79
2024-02-15 12:00:00,546.78
2024-02-15 13:00:00,560.95
2024-02-15 14:00:00,563.26
2024-02-15 15:00:00,535.13
2024-02-15 16:00:00,522.37
2024-02-15 17:00:00,493.22
2024-02-15 18:00:00,581.47
2024-02-15 19:00:00,613.3
2024-02-15 20:00:00,554.67
2024-02-15 21:00:00,562.18
2024-02-15 22:00:00,550.25
2024-02-15 23:00:00,473.64
2024-02-16 00:00:00,439.61
2024-02-16 01:00:00,450.09
2024-02-16 02:00:00,448.62
2024-02-16 03:00:00,464.4
2024-02-16 04:00:00,504.77
2024-02-16 05:00:00,519.86
2024-02-16 06:00:00,483.37
2024-02-16 07:00:00,511.1
2024-02-16 08:00:00,553.07
2024-02-16 09:00:00,552.09
2024-02-16 10:00:00,573.94
2024-02-16 11:00:00,565.71
2024-02-16 12:00:00,536.67
2024-02-16 13:00:00,554.64
2024-02-16 14:00:00,530.5
2024-02-16 15:00:00,537.88
2024-02-16 16:00:00,523.11
2024-02-16 17:00:00,510.1
2024-02-16 18:00:00,622.52
2024-02-16 19:00:00,594.55
2024-02-16 20:00:00,565.25
2024-02-16 21:00:00,568.11
2024-02-16 22:00:00,574.03
2024-02-16 23:00:00,464.76
2024-02-17 00:00:00,424.86
2024-02-17 01:00:00,460.63
2024-02-17 02:00:00,445.55
2024-02-17 03:00:00,428.08
2024-02-17 04:00:00,473.69
2024-02-17 05:00:00,470.43
2024-02-17 06:00:00,488.68
2024-02-17 07:00:00,498.53
2024-02-17 08:00:00,486.73
2024-02-17 09:00:00,482.71
2024-02-17 10:00:00,487.69
2024-02-17 11:00:00,497.88
2024-02-17 12:00:00,509.56
2024-02-17 13:00:00,510.07
2024-02-17 14:00:00,518.92
2024-02-17 15:00:00,497.38
2024-02-17 16:00:00,493.82
2024-02-17 17:00:00,474.43
2024-02-17 18:00:00,587.69
2024-02-17 19:00:00,562.2
2024-02-17 20:00:00,565.5
2024-02-17 21:00:00,534.5
2024-02-17 22:00:00,550.94
2024-02-17 23:00:00,412.48
2024-02-18 00:00:00,416.39
2024-02-18 01:00:00,420.68
2024-02-18 02:00:00,384.94
2024-02-18 03:00:00,434.14
2024-02-18 04:00:00,436.75
2024-02-18 05:00:00,490.57
2024-02-18 06:00:00,480.83
2024-02-18 07:00:00,458.19
2024-02-18 08:00:00,460.08
2024-02-18 09:00:00,509.89
2024-02-18 10:00:00,523.18
2024-02-18 11:00:00,503.54
2024-02-18 12:00:00,529.27
2024-02-18 13:00:00,527.49
2024-02-18 14:00:00,492.32
2024-02-18 15:00:00,482.53
2024-02-18 16:00:00,506.93
2024-02-18 17:00:00,490.45
2024-02-18 18:00:00,589.78
2024-02-18 19:00:00,565.01
2024-02-18 20:00:00,547.81
2024-02-18 21:00:00,537.58
2024-02-18 22:00:00,530.03
2024-02-18 23:00:00,414.52
2024-02-19 00:00:00,467.86
2024-02-19 01:00:00,433.2
2024-02-19 02:00:00,452.37
2024-02-19 03:00:00,467.28
2024-02-19 04:00:00,458.64
2024-02-19 05:00:00,486.26
2024-02-19 06:00:00,464.92
2024-02-19 07:00:00,485.59
2024-02-19 08:00:00,512.48
2024-02-19 09:00:00,547.31
2024-02-19 10:00:00,552.81
2024-02-19 11:00:00,525.0
2024-02-19 12:00:00,507.34
2024-02-19 13:00:00,544.03
2024-02-19 14:00:00,556.09
2024-02-19 15:00:00,541.12
2024-02-19 16:00:00,523.96
2024-02-19 17:00:00,495.87
2024-02-19 18:00:00,584.58
2024-02-19 19:00:00,572.0
2024-02-19 20:00:00,556.13
2024-02-19 21:00:00,546.4
2024-02-19 22:00:00,536.18
2024-02-19 23:00:00,457.29
2024-02-20 00:00:00,446.08
2024-02-20 01:00:00,437.36
2024-02-20 02:00:00,429.21
2024-02-20 03:00:00,450.5
2024-02-20 04:00:00,484.3
2024-02-20 05:00:00,468.6
2024-02-20 06:00:00,506.23
2024-02-20 07:00:00,509.07
2024-02-20 08:00:00,535.99
2024-02-20 09:00:00,540.47
2024-02-20 10:00:00,520.39
2024-02-20 11:00:00,556.54
2024-02-20 12:00:00,540.06
2024-02-20 13:00:00,537.45
2024-02-20 14:00:00,536.05
2024-02-20 15:00:00,519.26
2024-02-20 16:00:00,536.53
2024-02-20 17:00:00,506.21
2024-02-20 18:00:00,611.11
2024-02-20 19:00:00,588.74
2024-02-20 20:00:00,560.89
2024-02-20 21:00:00,569.68
2024-02-20 22:00:00,563.16
2024-02-20 23:00:00,447.89
2024-02-21 00:00:00,467.27
2024-02-21 01:00:00,444.59
2024-02-21 02:00:00,446.25
2024-02-21 03:00:00,503.18
2024-02-21 04:00:00,485.46
2024-02-21 05:00:00,509.24
2024-02-21 06:00:00,508.76
2024-02-21 07:00:00,497.54
2024-02-21 08:00:00,495.48
2024-02-21 09:00:00,528.37
2024-02-21 10:00:00,550.22
2024-02-21 11:00:00,553.24
2024-02-21 12:00:00,555.65
2024-02-21 13:00:00,543.04
2024-02-21 14:00:00,544.78
2024-02-21 15:00:00,516.96
2024-02-21 16:00:00,541.86
2024-02-21 17:00:00,533.62
2024-02-21 18:00:00,626.15
2024-02-21 19:00:00,581.56
2024-02-21 20:00:00,554.25
2024-02-21 21:00:00,548.43
2024-02-21 22:00:00,585.14
2024-02-21 23:00:00,436.11
2024-02-22 00:00:00,457.3
2024-02-22 01:00:00,442.18
2024-02-22 02:00:00,469.66
2024-02-22 03:00:00,449.4
2024-02-22 04:00:00,445.32
2024-02-22 05:00:00,481.42
2024-02-22 06:00:00,484.36
2024-02-22 07:00:00,518.47
2024-02-22 08:00:00,528.27
2024-02-22 09:00:00,557.83
2024-02-22 10:00:00,571.46
2024-02-22 11:00:00,563.44
2024-02-22 12:00:00,559.02
2024-02-22 13:00:00,553.91
2024-02-22 14:00:00,562.93
2024-02-22 15:00:00,548.29
2024-02-22 16:00:00,527.21
2024-02-22 17:00:00,492.65
2024-02-22 18:00:00,602.11
2024-02-22 19:00:00,578.72
2024-02-22 20:00:00,564.16
2024-02-22 21:00:00,587.18
2024-02-22 22:00:00,533.84
2024-02-22 23:00:00,439.15
2024-02-23 00:00:00,454.36
2024-02-23 01:00:00,438.81
2024-02-23 02:00:00,451.48
2024-02-23 03:00:00,485.6
2024-02-23 04:00:00,469.89
2024-02-23 05:00:00,472.61
2024-02-23 06:00:00,500.32
2024-02-23 07:00:00,523.34
2024-02-23 08:00:00,513.62
2024-02-23 09:00:00,505.78
2024-02-23 10:00:00,528.93
2024-02-23 11:00:00,555.09
2024-02-23 12:00:00,550.85
2024-02-23 13:00:00,570.36
2024-02-23 14:00:00,532.77
2024-02-23 15:00:00,543.63
2024-02-23 16:00:00,515.16
2024-02-23 17:00:00,535.27
2024-02-23 18:00:00,622.01
2024-02-23 19:00:00,577.72
2024-02-23 20:00:00,583.52
2024-02-23 21:00:00,541.56
2024-02-23 22:00:00,552.47
2024-02-23 23:00:00,469.83
2024-02-24 00:00:00,423.56
2024-02-24 01:00:00,422.9
2024-02-24 02:00:00,420.3
2024-02-24 03:00:00,435.85
2024-02-24 04:00:00,442.3
2024-02-24 05:00:00,502.08
2024-02-24 06:00:00,481.51
2024-02-24 07:00:00,441.44
2024-02-24 08:00:00,468.58
2024-02-24 09:00:00,517.81
2024-02-24 10:00:00,520.01
2024-02-24 11:00:00,538.61
2024-02-24 12:00:00,537.01
2024-02-24 13:00:00,534.35
2024-02-24 14:00:00,525.64
2024-02-24 15:00:00,482.51
2024-02-24 16:00:00,492.72
2024-02-24 17:00:00,472.79
2024-02-24 18:00:00,542.7
2024-02-24 19:00:00,574.6
2024-02-24 20:00:00,532.27
2024-02-24 21:00:00,554.37
2024-02-24 22:00:00,530.98
2024-02-24 23:00:00,430.25
2024-02-25 00:00:00,394.0
2024-02-25 01:00:00,415.43
2024-02-25 02:00:00,445.23
2024-02-25 03:00:00,449.3
2024-02-25 04:00:00,446.29
2024-02-25 05:00:00,442.67
2024-02-25 06:00:00,477.12
2024-02-25 07:00:00,489.88
2024-02-25 08:00:00,520.27
2024-02-25 09:00:00,474.72
2024-02-25 10:00:00,522.45
2024-02-25 11:00:00,518.8
2024-02-25 12:00:00,524.31
2024-02-25 13:00:00,509.01
2024-02-25 14:00:00,521.64
2024-02-25 15:00:00,512.54
2024-02-25 16:00:00,501.7
2024-02-25 17:00:00,479.41
2024-02-25 18:00:00,604.5
2024-02-25 19:00:00,513.11
2024-02-25 20:00:00,557.34
2024-02-25 21:00:00,512.27
2024-02-25 22:00:00,524.01
2024-02-25 23:00:00,396.65
2024-02-26 00:00:00,422.15
2024-02-26 01:00:00,426.68
2024-02-26 02:00:00,449.37
2024-02-26 03:00:00,492.4
2024-02-26 04:00:00,464.86
2024-02-26 05:00:00,483.68
2024-02-26 06:00:00,494.84
2024-02-26 07:00:00,518.73
2024-02-26 08:00:00,523.69
2024-02-26 09:00:00,564.08
2024-02-26 10:00:00,563.58
2024-02-26 11:00:00,544.11
2024-02-26 12:00:00,550.39
2024-02-26 13:00:00,561.5
2024-02-26 14:00:00,549.82
2024-02-26 15:00:00,549.24
2024-02-26 16:00:00,515.68
2024-02-26 17:00:00,501.92
2024-02-26 18:00:00,585.85
2024-02-26 19:00:00,580.12
2024-02-26 20:00:00,588.66
2024-02-26 21:00:00,541.34
2024-02-26 22:00:00,564.66
2024-02-26 23:00:00,457.1
2024-02-27 00:00:00,445.09
2024-02-27 01:00:00,448.16
2024-02-27 02:00:00,458.72
2024-02-27 03:00:00,472.32
2024-02-27 04:00:00,459.39
2024-02-27 05:00:00,509.31
2024-02-27 06:00:00,494.27
2024-02-27 07:00:00,548.32
2024-02-27 08:00:00,522.83
2024-02-27 09:00:00,538.83
2024-02-27 10:00:00,541.49
2024-02-27 11:00:00,573.15
2024-02-27 12:00:00,528.58
2024-02-27 13:00:00,542.29
2024-02-27 14:00:00,539.37
2024-02-27 15:00:00,551.88
2024-02-27 16:00:00,546.28
2024-02-27 17:00:00,523.37
2024-02-27 18:00:00,578.88
2024-02-27 19:00:00,570.98
2024-02-27 20:00:00,574.58
2024-02-27 21:00:00,587.82
2024-02-27 22:00:00,549.77
2024-02-27 23:00:00,468.5
2024-02-28 00:00:00,426.33
2024-02-28 01:00:00,450.45
2024-02-28 02:00:00,437.08
2024-02-28 03:00:00,473.91
2024-02-28 04:00:00,476.56
2024-02-28 05:00:00,479.07
2024-02-28 06:00:00,493.89
2024-02-28 07:00:00,492.67
2024-02-28 08:00:00,506.19
2024-02-28 09:00:00,515.12
2024-02-28 10:00:00,538.04
2024-02-28 11:00:00,558.67
2024-02-28 12:00:00,547.3
2024-02-28 13:00:00,570.16
2024-02-28 14:00:00,559.21
2024-02-28 15:00:00,545.3
2024-02-28 16:00:00,540.95
2024-02-28 17:00:00,518.24
2024-02-28 18:00:00,573.44
2024-02-28 19:00:00,606.49
2024-02-28 20:00:00,571.57
2024-02-28 21:00:00,580.04
2024-02-28 22:00:00,545.25
2024-02-28 23:00:00,447.48
2024-02-29 00:00:00,444.29
2024-02-29 01:00:00,422.59
2024-02-29 02:00:00,471.48
2024-02-29 03:00:00,463.05
2024-02-29 04:00:00,497.88
2024-02-29 05:00:00,471.59
2024-02-29 06:00:00,485.16
2024-02-29 07:00:00,510.25
2024-02-29 08:00:00,512.17
2024-02-29 09:00:00,541.43
2024-02-29 10:00:00,518.88
2024-02-29 11:00:00,530.68
2024-02-29 12:00:00,537.85
2024-02-29 13:00:00,561.51
2024-02-29 14:00:00,551.51
2024-02-29 15:00:00,526.5
2024-02-29 16:00:00,517.15
2024-02-29 17:00:00,510.97
2024-02-29 18:00:00,621.01
2024-02-29 19:00:00,633.58
2024-02-29 20:00:00,577.95
2024-02-29 21:00:00,549.66
2024-02-29 22:00:00,548.79
2024-02-29 23:00:00,452.63
2024-03-01 00:00:00,392.07
2024-03-01 01:00:00,448.05
2024-03-01 02:00:00,421.22
2024-03-01 03:00:00,431.63
2024-03-01 04:00:00,437.67
2024-03-01 05:00:00,461.41
2024-03-01 06:00:00,492.28
2024-03-01 07:00:00,468.26
2024-03-01 08:00:00,466.74
2024-03-01 09:00:00,522.37
2024-03-01 10:00:00,504.49
2024-03-01 11:00:00,518.54
2024-03-01 12:00:00,504.09
2024-03-01 13:00:00,504.49
2024-03-01 14:00:00,515.25
2024-03-01 15:00:00,528.9
2024-03-01 16:00:00,490.03
2024-03-01 17:00:00,474.53
2024-03-01 18:00:00,566.54
2024-03-01 19:00:00,601.67
2024-03-01 20:00:00,545.42
2024-03-01 21:00:00,548.82
2024-03-01 22:00:00,523.41
2024-03-01 23:00:00,417.94
2024-03-02 00:00:00,344.26
2024-03-02 01:00:00,384.06
2024-03-02 02:00:00,394.02
2024-03-02 03:00:00,422.72
2024-03-02 04:00:00,427.31
2024-03-02 05:00:00,417.3
2024-03-02 06:00:00,429.61
2024-03-02 07:00:00,442.5
2024-03-02 08:00:00,469.64
2024-03-02 09:00:00,495.03
2024-03-02 10:00:00,472.68
2024-03-02 11:00:00,484.37
2024-03-02 12:00:00,468.5
2024-03-02 13:00:00,482.54
2024-03-02 14:00:00,483.8
2024-03-02 15:00:00,458.41
2024-03-02 16:00:00,454.0
2024-03-02 17:00:00,467.9
2024-03-02 18:00:00,538.55
2024-03-02 19:00:00,521.04
2024-03-02 20:00:00,531.74
2024-03-02 21:00:00,530.96
2024-03-02 22:00:00,507.04
2024-03-02 23:00:00,394.5
2024-03-03 00:00:00,405.15
2024-03-03 01:00:00,391.61
2024-03-03 02:00:00,383.01
2024-03-03 03:00:00,415.34
2024-03-03 04:00:00,392.04
2024-03-03 05:00:00,407.21
2024-03-03 06:00:00,432.41
2024-03-03 07:00:00,462.79
2024-03-03 08:00:00,469.61
2024-03-03 09:00:00,495.1
2024-03-03 10:00:00,492.23
2024-03-03 11:00:00,478.82
2024-03-03 12:00:00,478.19
2024-03-03 13:00:00,472.81
2024-03-03 14:00:00,499.54
2024-03-03 15:00:00,460.67
2024-03-03 16:00:00,462.5
2024-03-03 17:00:00,426.7
2024-03-03 18:00:00,550.53
2024-03-03 19:00:00,552.7
2024-03-03 20:00:00,510.66
2024-03-03 21:00:00,509.75
2024-03-03 22:00:00,493.84
2024-03-03 23:00:00,386.14
2024-03-04 00:00:00,430.76
2024-03-04 01:00:00,412.94
2024-03-04 02:00:00,418.97
2024-03-04 03:00:00,421.88
2024-03-04 04:00:00,448.29
2024-03-04 05:00:00,457.36
2024-03-04 06:00:00,470.26
2024-03-04 07:00:00,476.22
2024-03-04 08:00:00,520.42
2024-03-04 09:00:00,505.72
2024-03-04 10:00:00,504.54
2024-03-04 11:00:00,520.21
2024-03-04 12:00:00,502.67
2024-03-04 13:00:00,517.92
2024-03-04 14:00:00,496.21
2024-03-04 15:00:00,511.42
2024-03-04 16:00:00,483.04
2024-03-04 17:00:00,480.82
2024-03-04 18:00:00,561.8
2024-03-04 19:00:00,528.6
2024-03-04 20:00:00,523.04
2024-03-04 21:00:00,537.43
2024-03-04 22:00:00,522.48
2024-03-04 23:00:00,436.09
2024-03-05 00:00:00,401.19
2024-03-05 01:00:00,404.9
2024-03-05 02:00:00,403.77
2024-03-05 03:00:00,440.44
2024-03-05 04:00:00,457.48
2024-03-05 05:00:00,431.91
2024-03-05 06:00:00,468.51
2024-03-05 07:00:00,481.8
2024-03-05 08:00:00,480.04
2024-03-05 09:00:00,500.34
2024-03-05 10:00:00,517.14
2024-03-05 11:00:00,545.11
2024-03-05 12:00:00,500.97
2024-03-05 13:00:00,547.3
2024-03-05 14:00:00,515.82
2024-03-05 15:00:00,523.78
2024-03-05 16:00:00,511.55
2024-03-05 17:00:00,498.62
2024-03-05 18:00:00,573.22
2024-03-05 19:00:00,558.69
2024-03-05 20:00:00,540.9
2024-03-05 21:00:00,531.02
2024-03-05 22:00:00,542.33
2024-03-05 23:00:00,428.28
2024-03-06 00:00:00,431.2
2024-03-06 01:00:00,400.26
2024-03-06 02:00:00,414.0
2024-03-06 03:00:00,450.6
2024-03-06 04:00:00,443.13
2024-03-06 05:00:00,439.7
2024-03-06 06:00:00,478.67
2024-03-06 07:00:00,465.93
2024-03-06 08:00:00,495.05
2024-03-06 09:00:00,520.05
2024-03-06 10:00:00,513.93
2024-03-06 11:00:00,517.1
2024-03-06 12:00:00,508.58
2024-03-06 13:00:00,498.86
2024-03-06 14:00:00,527.33
2024-03-06 15:00:00,531.29
2024-03-06 16:00:00,502.95
2024-03-06 17:00:00,492.27
2024-03-06 18:00:00,563.73
2024-03-06 19:00:00,548.27
2024-03-06 20:00:00,558.07
2024-03-06 21:00:00,545.93
2024-03-06 22:00:00,512.0
2024-03-06 23:00:00,426.45
2024-03-07 00:00:00,424.99
2024-03-07 01:00:00,410.66
2024-03-07 02:00:00,436.69
2024-03-07 03:00:00,440.07
2024-03-07 04:00:00,428.15
2024-03-07 05:00:00,448.37
2024-03-07 06:00:00,478.82
2024-03-07 07:00:00,492.52
2024-03-07 08:00:00,454.75
2024-03-07 09:00:00,501.39
2024-03-07 10:00:00,488.2
2024-03-07 11:00:00,530.39
2024-03-07 12:00:00,496.88
2024-03-07 13:00:00,524.46
2024-03-07 14:00:00,495.84
2024-03-07 15:00:00,511.92
2024-03-07 16:00:00,514.84
2024-03-07 17:00:00,473.34
2024-03-07 18:00:00,589.49
2024-03-07 19:00:00,575.34
2024-03-07 20:00:00,560.51
2024-03-07 21:00:00,544.26
2024-03-07 22:00:00,560.21
2024-03-07 23:00:00,418.26
2024-03-08 00:00:00,414.13
2024-03-08 01:00:00,411.01
2024-03-08 02:00:00,437.93
2024-03-08 03:00:00,438.44
2024-03-08 04:00:00,439.03
2024-03-08 05:00:00,469.22
2024-03-08 06:00:00,463.78
2024-03-08 07:00:00,477.29
2024-03-08 08:00:00,481.07
2024-03-08 09:00:00,490.91
2024-03-08 10:00:00,512.77
2024-03-08 11:00:00,502.81
2024-03-08 12:00:00,533.95
2024-03-08 13:00:00,534.12
2024-03-08 14:00:00,546.78
2024-03-08 15:00:00,519.77
2024-03-08 16:00:00,528.5
2024-03-08 17:00:00,488.45
2024-03-08 18:00:00,572.25
2024-03-08 19:00:00,571.57
2024-03-08 20:00:00,544.14
2024-03-08 21:00:00,527.87
2024-03-08 22:00:00,522.72
2024-03-08 23:00:00,406.57
2024-03-09 00:00:00,394.84
2024-03-09 01:00:00,375.76
2024-03-09 02:00:00,396.32
2024-03-09 03:00:00,406.34
2024-03-09 04:00:00,399.44
2024-03-09 05:00:00,430.51
2024-03-09 06:00:00,448.17
2024-03-09 07:00:00,442.82
2024-03-09 08:00:00,470.72
2024-03-09 09:00:00,454.35
2024-03-09 10:00:00,463.88
2024-03-09 11:00:00,485.95
2024-03-09 12:00:00,495.53
2024-03-09 13:00:00,474.34
2024-03-09 14:00:00,482.63
2024-03-09 15:00:00,477.71
2024-03-09 16:00:00,447.72
2024-03-09 17:00:00,480.25
2024-03-09 18:00:00,509.35
2024-03-09 19:00:00,520.49
2024-03-09 20:00:00,549.71
2024-03-09 21:00:00,502.48
2024-03-09 22:00:00,477.11
2024-03-09 23:00:00,390.93
2024-03-10 00:00:00,408.54
2024-03-10 01:00:00,373.57
2024-03-10 02:00:00,384.12
2024-03-10 03:00:00,393.63
2024-03-10 04:00:00,407.21
2024-03-10 05:00:00,442.1
2024-03-10 06:00:00,433.08
2024-03-10 07:00:00,424.77
2024-03-10 08:00:00,466.58
2024-03-10 09:00:00,489.74
2024-03-10 10:00:00,466.57
2024-03-10 11:00:00,510.09
2024-03-10 12:00:00,505.18
2024-03-10 13:00:00,482.62
2024-03-10 14:00:00,498.96
2024-03-10 15:00:00,484.79
2024-03-10 16:00:00,454.98
2024-03-10 17:00:00,443.13
2024-03-10 18:00:00,563.52
2024-03-10 19:00:00,515.07
2024-03-10 20:00:00,487.22
2024-03-10 21:00:00,515.38
2024-03-10 22:00:00,459.81
2024-03-10 23:00:00,400.96
2024-03-11 00:00:00,449.27
2024-03-11 01:00:00,421.31
2024-03-11 02:00:00,439.03
2024-03-11 03:00:00,442.45
2024-03-11 04:00:00,452.4
2024-03-11 05:00:00,439.79
2024-03-11 06:00:00,485.29
2024-03-11 07:00:00,478.78
2024-03-11 08:00:00,509.33
2024-03-11 09:00:00,505.67
2024-03-11 10:00:00,536.92
2024-03-11 11:00:00,499.57
2024-03-11 12:00:00,502.05
2024-03-11 13:00:00,505.9
2024-03-11 14:00:00,513.79
2024-03-11 15:00:00,489.98
2024-03-11 16:00:00,508.63
2024-03-11 17:00:00,490.67
2024-03-11 18:00:00,558.14
2024-03-11 19:00:00,577.81
2024-03-11 20:00:00,552.0
2024-03-11 21:00:00,560.5
2024-03-11 22:00:00,492.71
2024-03-11 23:00:00,426.21
2024-03-12 00:00:00,411.24
2024-03-12 01:00:00,417.52
2024-03-12 02:00:00,438.25
2024-03-12 03:00:00,417.13
2024-03-12 04:00:00,436.96
2024-03-12 05:00:00,470.16
2024-03-12 06:00:00,458.44
2024-03-12 07:00:00,490.43
2024-03-12 08:00:00,492.48
2024-03-12 09:00:00,508.49
2024-03-12 10:00:00,497.24
2024-03-12 11:00:00,509.42
2024-03-12 12:00:00,544.59
2024-03-12 13:00:00,517.53
2024-03-12 14:00:00,521.16
2024-03-12 15:00:00,503.07
2024-03-12 16:00:00,493.51
2024-03-12 17:00:00,509.18
2024-03-12 18:00:00,560.56
2024-03-12 19:00:00,598.78
2024-03-12 20:00:00,544.37
2024-03-12 21:00:00,538.8
2024-03-12 22:00:00,546.19
2024-03-12 23:00:00,423.94
2024-03-13 00:00:00,396.18
2024-03-13 01:00:00,434.73
2024-03-13 02:00:00,407.69
2024-03-13 03:00:00,426.98
2024-03-13 04:00:00,437.84
2024-03-13 05:00:00,492.76
2024-03-13 06:00:00,475.6
2024-03-13 07:00:00,466.1
2024-03-13 08:00:00,505.97
2024-03-13 09:00:00,508.1
2024-03-13 10:00:00,500.29
2024-03-13 11:00:00,498.43
2024-03-13 12:00:00,512.95
2024-03-13 13:00:00,512.24
2024-03-13 14:00:00,522.58
2024-03-13 15:00:00,516.3
2024-03-13 16:00:00,490.69
2024-03-13 17:00:00,467.14
2024-03-13 18:00:00,581.97
2024-03-13 19:00:00,553.87
2024-03-13 20:00:00,532.54
2024-03-13 21:00:00,528.54
2024-03-13 22:00:00,506.47
2024-03-13 23:00:00,421.72
2024-03-14 00:00:00,439.06
2024-03-14 01:00:00,404.69
2024-03-14 02:00:00,391.26
2024-03-14 03:00:00,427.48
2024-03-14 04:00:00,461.36
2024-03-14 05:00:00,441.88
2024-03-14 06:00:00,475.89
2024-03-14 07:00:00,488.24
2024-03-14 08:00:00,503.0
2024-03-14 09:00:00,498.64
2024-03-14 10:00:00,520.8
2024-03-14 11:00:00,527.67
2024-03-14 12:00:00,529.93
2024-03-14 13:00:00,540.81
2024-03-14 14:00:00,528.86
2024-03-14 15:00:00,490.56
2024-03-14 16:00:00,496.02
2024-03-14 17:00:00,492.45
2024-03-14 18:00:00,570.38
2024-03-14 19:00:00,570.11
2024-03-14 20:00:00,546.41
2024-03-14 21:00:00,528.82
2024-03-14 22:00:00,537.67
2024-03-14 23:00:00,423.28
2024-03-15 00:00:00,414.26
2024-03-15 01:00:00,426.07
2024-03-15 02:00:00,426.19
2024-03-15 03:00:00,428.84
2024-03-15 04:00:00,446.34
2024-03-15 05:00:00,438.61
2024-03-15 06:00:00,467.35
2024-03-15 07:00:00,489.5
2024-03-15 08:00:00,485.53
2024-03-15 09:00:00,480.95
2024-03-15 10:00:00,512.42
2024-03-15 11:00:00,537.65
2024-03-15 12:00:00,516.7
2024-03-15 13:00:00,494.98
2024-03-15 14:00:00,517.29
2024-03-15 15:00:00,513.85
2024-03-15 16:00:00,481.24
2024-03-15 17:00:00,497.09
2024-03-15 18:00:00,578.19
2024-03-15 19:00:00,552.37
2024-03-15 20:00:00,559.33
2024-03-15 21:00:00,542.22
2024-03-15 22:00:00,528.48
2024-03-15 23:00:00,406.82
2024-03-16 00:00:00,378.93
2024-03-16 01:00:00,411.0
2024-03-16 02:00:00,378.85
2024-03-16 03:00:00,386.82
2024-03-16 04:00:00,442.85
2024-03-16 05:00:00,428.58
2024-03-16 06:00:00,435.41
2024-03-16 07:00:00,435.85
2024-03-16 08:00:00,433.8
2024-03-16 09:00:00,462.15
2024-03-16 10:00:00,461.74
2024-03-16 11:00:00,493.73
2024-03-16 12:00:00,501.14
2024-03-16 13:00:00,457.66
2024-03-16 14:00:00,464.87
2024-03-16 15:00:00,463.64
2024-03-16 16:00:00,451.92
2024-03-16 17:00:00,453.46
2024-03-16 18:00:00,531.45
2024-03-16 19:00:00,491.96
2024-03-16 20:00:00,520.54
2024-03-16 21:00:00,489.22
2024-03-16 22:00:00,482.96
2024-03-16 23:00:00,385.13
2024-03-17 00:00:00,398.9
2024-03-17 01:00:00,408.77
2024-03-17 02:00:00,406.83
2024-03-17 03:00:00,422.54
2024-03-17 04:00:00,416.55
2024-03-17 05:00:00,411.05
2024-03-17 06:00:00,461.69
2024-03-17 07:00:00,468.69
2024-03-17 08:00:00,466.97
2024-03-17 09:00:00,472.76
2024-03-17 10:00:00,479.5
2024-03-17 11:00:00,490.15
2024-03-17 12:00:00,472.35
2024-03-17 13:00:00,492.49
2024-03-17 14:00:00,472.81
2024-03-17 15:00:00,486.04
2024-03-17 16:00:00,482.27
2024-03-17 17:00:00,472.12
2024-03-17 18:00:00,527.29
2024-03-17 19:00:00,516.2
2024-03-17 20:00:00,545.14
2024-03-17 21:00:00,506.38
2024-03-17 22:00:00,515.65
2024-03-17 23:00:00,401.73
2024-03-18 00:00:00,420.11
2024-03-18 01:00:00,433.81
2024-03-18 02:00:00,383.39
2024-03-18 03:00:00,444.63
2024-03-18 04:00:00,455.03
2024-03-18 05:00:00,449.27
2024-03-18 06:00:00,458.74
2024-03-18 07:00:00,497.03
2024-03-18 08:00:00,501.53
2024-03-18 09:00:00,488.64
2024-03-18 10:00:00,521.37
2024-03-18 11:00:00,557.48
2024-03-18 12:00:00,535.6
2024-03-18 13:00:00,505.71
2024-03-18 14:00:00,519.85
2024-03-18 15:00:00,515.23
2024-03-18 16:00:00,481.14
2024-03-18 17:00:00,477.79
2024-03-18 18:00:00,567.11
2024-03-18 19:00:00,541.74
2024-03-18 20:00:00,546.19
2024-03-18 21:00:00,490.32
2024-03-18 22:00:00,550.29
2024-03-18 23:00:00,413.21
2024-03-19 00:00:00,420.33
2024-03-19 01:00:00,435.5
2024-03-19 02:00:00,444.29
2024-03-19 03:00:00,429.63
2024-03-19 04:00:00,429.7
2024-03-19 05:00:00,445.03
2024-03-19 06:00:00,483.09
2024-03-19 07:00:00,495.52
2024-03-19 08:00:00,511.65
2024-03-19 09:00:00,501.33
2024-03-19 10:00:00,508.04
2024-03-19 11:00:00,498.43
2024-03-19 12:00:00,493.42
2024-03-19 13:00:00,538.98
2024-03-19 14:00:00,515.93
2024-03-19 15:00:00,507.89
2024-03-19 16:00:00,494.12
2024-03-19 17:00:00,499.77
2024-03-19 18:00:00,557.81
2024-03-19 19:00:00,515.23
2024-03-19 20:00:00,542.9
2024-03-19 21:00:00,567.24
2024-03-19 22:00:00,549.24
2024-03-19 23:00:00,412.87
2024-03-20 00:00:00,407.35
2024-03-20 01:00:00,396.42
2024-03-20 02:00:00,425.61
2024-03-20 03:00:00,456.95
2024-03-20 04:00:00,449.26
2024-03-20 05:00:00,461.45
2024-03-20 06:00:00,451.24
2024-03-20 07:00:00,487.86
2024-03-20 08:00:00,516.62
2024-03-20 09:00:00,502.35
2024-03-20 10:00:00,528.45
2024-03-20 11:00:00,518.29
2024-03-20 12:00:00,524.74
2024-03-20 13:00:00,509.5
2024-03-20 14:00:00,526.91
2024-03-20 15:00:00,507.67
2024-03-20 16:00:00,496.88
2024-03-20 17:00:00,511.81
2024-03-20 18:00:00,568.99
2024-03-20 19:00:00,567.82
2024-03-20 20:00:00,533.34
2024-03-20 21:00:00,539.66
2024-03-20 22:00:00,517.53
2024-03-20 23:00:00,419.49
2024-03-21 00:00:00,395.04
2024-03-21 01:00:00,429.11
2024-03-21 02:00:00,429.32
2024-03-21 03:00:00,433.87
2024-03-21 04:00:00,439.44
2024-03-21 05:00:00,449.4
2024-03-21 06:00:00,486.61
2024-03-21 07:00:00,490.73
2024-03-21 08:00:00,503.04
2024-03-21 09:00:00,507.53
2024-03-21 10:00:00,518.98
2024-03-21 11:00:00,534.71
2024-03-21 12:00:00,527.58
2024-03-21 13:00:00,513.36
2024-03-21 14:00:00,519.47
2024-03-21 15:00:00,488.65
2024-03-21 16:00:00,518.32
2024-03-21 17:00:00,470.14
2024-03-21 18:00:00,550.29
2024-03-21 19:00:00,575.62
2024-03-21 20:00:00,556.43
2024-03-21 21:00:00,531.62
2024-03-21 22:00:00,534.02
2024-03-21 23:00:00,402.08
2024-03-22 00:00:00,434.3
2024-03-22 01:00:00,407.14
2024-03-22 02:00:00,411.73
2024-03-22 03:00:00,454.32
2024-03-22 04:00:00,448.63
2024-03-22 05:00:00,466.19
2024-03-22 06:00:00,483.56
2024-03-22 07:00:00,483.8
2024-03-22 08:00:00,506.17
2024-03-22 09:00:00,497.73
2024-03-22 10:00:00,517.95
2024-03-22 11:00:00,532.38
2024-03-22 12:00:00,515.26
2024-03-22 13:00:00,497.31
2024-03-22 14:00:00,512.17
2024-03-22 15:00:00,508.16
2024-03-22 16:00:00,486.13
2024-03-22 17:00:00,507.8
2024-03-22 18:00:00,550.96
2024-03-22 19:00:00,553.18
2024-03-22 20:00:00,524.61
2024-03-22 21:00:00,550.42
2024-03-22 22:00:00,517.84
2024-03-22 23:00:00,431.88
2024-03-23 00:00:00,377.83
2024-03-23 01:00:00,391.15
2024-03-23 02:00:00,383.84
2024-03-23 03:00:00,395.9
2024-03-23 04:00:00,407.3
2024-03-23 05:00:00,439.35
2024-03-23 06:00:00,414.9
2024-03-23 07:00:00,460.12
2024-03-23 08:00:00,463.4
2024-03-23 09:00:00,447.2
2024-03-23 10:00:00,495.38
2024-03-23 11:00:00,489.73
2024-03-23 12:00:00,502.83
2024-03-23 13:00:00,506.93
2024-03-23 14:00:00,509.84
2024-03-23 15:00:00,484.99
2024-03-23 16:00:00,447.08
2024-03-23 17:00:00,441.29
2024-03-23 18:00:00,519.74
2024-03-23 19:00:00,532.39
2024-03-23 20:00:00,509.14
2024-03-23 21:00:00,469.35
2024-03-23 22:00:00,492.85
2024-03-23 23:00:00,384.28
2024-03-24 00:00:00,376.43
2024-03-24 01:00:00,389.69
2024-03-24 02:00:00,402.48
2024-03-24 03:00:00,405.88
2024-03-24 04:00:00,426.76
2024-03-24 05:00:00,427.32
2024-03-24 06:00:00,436.54
2024-03-24 07:00:00,453.47
2024-03-24 08:00:00,478.37
2024-03-24 09:00:00,450.88
2024-03-24 10:00:00,476.05
2024-03-24 11:00:00,465.91
2024-03-24 12:00:00,514.16
2024-03-24 13:00:00,476.94
2024-03-24 14:00:00,450.42
2024-03-24 15:00:00,497.76
2024-03-24 16:00:00,465.09
2024-03-24 17:00:00,457.32
2024-03-24 18:00:00,533.68
2024-03-24 19:00:00,531.32
2024-03-24 20:00:00,482.71
2024-03-24 21:00:00,494.79
2024-03-24 22:00:00,502.23
2024-03-24 23:00:00,363.28
2024-03-25 00:00:00,450.92
2024-03-25 01:00:00,428.86
2024-03-25 02:00:00,411.59
2024-03-25 03:00:00,423.58
2024-03-25 04:00:00,432.45
2024-03-25 05:00:00,458.76
2024-03-25 06:00:00,458.0
2024-03-25 07:00:00,465.54
2024-03-25 08:00:00,489.05
2024-03-25 09:00:00,501.46
2024-03-25 10:00:00,540.47
2024-03-25 11:00:00,503.06
2024-03-25 12:00:00,504.43
2024-03-25 13:00:00,535.96
2024-03-25 14:00:00,522.04
2024-03-25 15:00:00,503.93
2024-03-25 16:00:00,510.65
2024-03-25 17:00:00,485.68
2024-03-25 18:00:00,579.72
2024-03-25 19:00:00,545.46
2024-03-25 20:00:00,554.67
2024-03-25 21:00:00,526.3
2024-03-25 22:00:00,573.83
2024-03-25 23:00:00,426.83
2024-03-26 00:00:00,420.97
2024-03-26 01:00:00,446.66
2024-03-26 02:00:00,489.21
2024-03-26 03:00:00,439.84
2024-03-26 04:00:00,431.52
2024-03-26 05:00:00,438.34
2024-03-26 06:00:00,482.47
2024-03-26 07:00:00,485.94
2024-03-26 08:00:00,498.25
2024-03-26 09:00:00,497.95
2024-03-26 10:00:00,519.17
2024-03-26 11:00:00,510.35
2024-03-26 12:00:00,524.4
2024-03-26 13:00:00,494.63
2024-03-26 14:00:00,533.98
2024-03-26 15:00:00,508.0
2024-03-26 16:00:00,497.09
2024-03-26 17:00:00,479.63
2024-03-26 18:00:00,585.8
2024-03-26 19:00:00,561.73
2024-03-26 20:00:00,534.08
2024-03-26 21:00:00,569.82
2024-03-26 22:00:00,540.1
2024-03-26 23:00:00,440.53
2024-03-27 00:00:00,441.96
2024-03-27 01:00:00,423.8
2024-03-27 02:00:00,461.19
2024-03-27 03:00:00,412.54
2024-03-27 04:00:00,434.91
2024-03-27 05:00:00,473.07
2024-03-27 06:00:00,472.74
2024-03-27 07:00:00,506.01
2024-03-27 08:00:00,493.14
2024-03-27 09:00:00,507.08
2024-03-27 10:00:00,534.86
2024-03-27 11:00:00,511.07
2024-03-27 12:00:00,543.13
2024-03-27 13:00:00,532.28
2024-03-27 14:00:00,539.19
2024-03-27 15:00:00,515.37
2024-03-27 16:00:00,479.3
2024-03-27 17:00:00,441.95
2024-03-27 18:00:00,575.79
2024-03-27 19:00:00,556.03
2024-03-27 20:00:00,567.8
2024-03-27 21:00:00,543.6
2024-03-27 22:00:00,540.04
2024-03-27 23:00:00,420.74
2024-03-28 00:00:00,413.78
2024-03-28 01:00:00,442.11
2024-03-28 02:00:00,422.97
2024-03-28 03:00:00,435.63
2024-03-28 04:00:00,439.87
2024-03-28 05:00:00,485.79
2024-03-28 06:00:00,471.95
2024-03-28 07:00:00,507.43
2024-03-28 08:00:00,481.2
2024-03-28 09:00:00,496.62
2024-03-28 10:00:00,502.09
2024-03-28 11:00:00,537.31
2024-03-28 12:00:00,528.57
2024-03-28 13:00:00,477.81
2024-03-28 14:00:00,504.41
2024-03-28 15:00:00,517.06
2024-03-28 16:00:00,489.52
2024-03-28 17:00:00,470.22
2024-03-28 18:00:00,586.02
2024-03-28 19:00:00,585.23
2024-03-28 20:00:00,544.07
2024-03-28 21:00:00,536.95
2024-03-28 22:00:00,548.55
2024-03-28 23:00:00,427.96
2024-03-29 00:00:00,425.55
2024-03-29 01:00:00,428.86
2024-03-29 02:00:00,419.52
2024-03-29 03:00:00,438.9
2024-03-29 04:00:00,413.64
2024-03-29 05:00:00,481.59
2024-03-29 06:00:00,452.65
2024-03-29 07:00:00,473.47
2024-03-29 08:00:00,502.81
2024-03-29 09:00:00,499.15
2024-03-29 10:00:00,531.68
2024-03-29 11:00:00,536.87
2024-03-29 12:00:00,518.79
2024-03-29 13:00:00,527.55
2024-03-29 14:00:00,528.26
2024-03-29 15:00:00,485.57
2024-03-29 16:00:00,508.71
2024-03-29 17:00:00,502.54
2024-03-29 18:00:00,577.9
2024-03-29 19:00:00,567.06
2024-03-29 20:00:00,540.54
2024-03-29 21:00:00,527.36
2024-03-29 22:00:00,517.04
2024-03-29 23:00:00,431.42
2024-03-30 00:00:00,385.3
2024-03-30 01:00:00,374.85
2024-03-30 02:00:00,389.78
2024-03-30 03:00:00,416.35
2024-03-30 04:00:00,440.39
2024-03-30 05:00:00,436.59
2024-03-30 06:00:00,458.89
2024-03-30 07:00:00,442.65
2024-03-30 08:00:00,466.95
2024-03-30 09:00:00,455.42
2024-03-30 10:00:00,491.53
2024-03-30 11:00:00,478.09
2024-03-30 12:00:00,461.71
2024-03-30 13:00:00,477.89
2024-03-30 14:00:00,474.76
2024-03-30 15:00:00,490.54
2024-03-30 16:00:00,453.47
2024-03-30 17:00:00,474.13
2024-03-30 18:00:00,518.93
2024-03-30 19:00:00,552.07
2024-03-30 20:00:00,496.89
2024-03-30 21:00:00,506.2
2024-03-30 22:00:00,511.31
2024-03-30 23:00:00,390.93
2024-03-31 00:00:00,398.44
2024-03-31 01:00:00,398.62
2024-03-31 02:00:00,416.56
2024-03-31 03:00:00,389.83
2024-03-31 04:00:00,407.89
2024-03-31 05:00:00,424.48
2024-03-31 06:00:00,434.82
2024-03-31 07:00:00,451.84
2024-03-31 08:00:00,454.97
2024-03-31 09:00:00,487.41
2024-03-31 10:00:00,484.54
2024-03-31 11:00:00,492.31
2024-03-31 12:00:00,474.15
2024-03-31 13:00:00,502.48
2024-03-31 14:00:00,496.13
2024-03-31 15:00:00,503.75
2024-03-31 16:00:00,472.22
2024-03-31 17:00:00,440.47
2024-03-31 18:00:00,556.19
2024-03-31 19:00:00,516.62
2024-03-31 20:00:00,498.44
2024-03-31 21:00:00,495.44
2024-03-31 22:00:00,486.86
2024-03-31 23:00:00,395.74
2024-04-01 00:00:00,353.18
2024-04-01 01:00:00,364.76
2024-04-01 02:00:00,379.81
2024-04-01 03:00:00,393.72
2024-04-01 04:00:00,395.63
2024-04-01 05:00:00,412.3
2024-04-01 06:00:00,438.07
2024-04-01 07:00:00,441.84
2024-04-01 08:00:00,435.21
2024-04-01 09:00:00,466.39
2024-04-01 10:00:00,484.68
2024-04-01 11:00:00,452.56
2024-04-01 12:00:00,471.32
2024-04-01 13:00:00,467.12
2024-04-01 14:00:00,441.49
2024-04-01 15:00:00,449.04
2024-04-01 16:00:00,435.79
2024-04-01 17:00:00,446.6
2024-04-01 18:00:00,535.0
2024-04-01 19:00:00,505.79
2024-04-01 20:00:00,510.84
2024-04-01 21:00:00,509.06
2024-04-01 22:00:00,500.55
2024-04-01 23:00:00,418.18
2024-04-02 00:00:00,402.9
2024-04-02 01:00:00,368.54
2024-04-02 02:00:00,366.92
2024-04-02 03:00:00,349.12
2024-04-02 04:00:00,408.7
2024-04-02 05:00:00,411.07
2024-04-02 06:00:00,399.48
2024-04-02 07:00:00,452.56
2024-04-02 08:00:00,442.03
2024-04-02 09:00:00,498.56
2024-04-02 10:00:00,451.54
2024-04-02 11:00:00,493.6
2024-04-02 12:00:00,483.26
2024-04-02 13:00:00,481.65
2024-04-02 14:00:00,467.84
2024-04-02 15:00:00,471.39
2024-04-02 16:00:00,462.02
2024-04-02 17:00:00,441.04
2024-04-02 18:00:00,547.28
2024-04-02 19:00:00,505.23
2024-04-02 20:00:00,503.9
2024-04-02 21:00:00,487.26
2024-04-02 22:00:00,495.23
2024-04-02 23:00:00,388.15
2024-04-03 00:00:00,391.74
2024-04-03 01:00:00,394.33
2024-04-03 02:00:00,395.38
2024-04-03 03:00:00,406.48
2024-04-03 04:00:00,395.5
2024-04-03 05:00:00,403.46
2024-04-03 06:00:00,443.76
2024-04-03 07:00:00,445.51
2024-04-03 08:00:00,458.0
2024-04-03 09:00:00,497.2
2024-04-03 10:00:00,477.03
2024-04-03 11:00:00,479.6
2024-04-03 12:00:00,488.69
2024-04-03 13:00:00,462.41
2024-04-03 14:00:00,451.1
2024-04-03 15:00:00,467.39
2024-04-03 16:00:00,431.02
2024-04-03 17:00:00,433.29
2024-04-03 18:00:00,520.61
2024-04-03 19:00:00,517.68
2024-04-03 20:00:00,502.09
2024-04-03 21:00:00,473.08
2024-04-03 22:00:00,473.01
2024-04-03 23:00:00,381.46
2024-04-04 00:00:00,360.92
2024-04-04 01:00:00,389.22
2024-04-04 02:00:00,400.85
2024-04-04 03:00:00,375.11
2024-04-04 04:00:00,401.6
2024-04-04 05:00:00,408.43
2024-04-04 06:00:00,423.33
2024-04-04 07:00:00,452.7
2024-04-04 08:00:00,447.41
2024-04-04 09:00:00,453.6
2024-04-04 10:00:00,479.8
2024-04-04 11:00:00,498.94
2024-04-04 12:00:00,480.15
2024-04-04 13:00:00,484.39
2024-04-04 14:00:00,469.42
2024-04-04 15:00:00,473.29
2024-04-04 16:00:00,449.4
2024-04-04 17:00:00,433.61
2024-04-04 18:00:00,527.28
2024-04-04 19:00:00,504.19
2024-04-04 20:00:00,518.16
2024-04-04 21:00:00,476.61
2024-04-04 22:00:00,493.14
2024-04-04 23:00:00,385.85
2024-04-05 00:00:00,392.17
2024-04-05 01:00:00,379.1
2024-04-05 02:00:00,376.09
2024-04-05 03:00:00,385.03
2024-04-05 04:00:00,434.26
2024-04-05 05:00:00,401.22
2024-04-05 06:00:00,401.07
2024-04-05 07:00:00,430.16
2024-04-05 08:00:00,459.3
2024-04-05 09:00:00,466.23
2024-04-05 10:00:00,485.81
2024-04-05 11:00:00,519.47
2024-04-05 12:00:00,499.75
2024-04-05 13:00:00,464.08
2024-04-05 14:00:00,454.75
2024-04-05 15:00:00,485.86
2024-04-05 16:00:00,435.88
2024-04-05 17:00:00,456.47
2024-04-05 18:00:00,554.56
2024-04-05 19:00:00,504.95
2024-04-05 20:00:00,499.91
2024-04-05 21:00:00,466.65
2024-04-05 22:00:00,502.1
2024-04-05 23:00:00,392.35
2024-04-06 00:00:00,346.37
2024-04-06 01:00:00,353.31
2024-04-06 02:00:00,353.99
2024-04-06 03:00:00,379.56
2024-04-06 04:00:00,390.71
2024-04-06 05:00:00,383.78
2024-04-06 06:00:00,422.82
2024-04-06 07:00:00,409.9
2024-04-06 08:00:00,425.3
2024-04-06 09:00:00,428.08
2024-04-06 10:00:00,458.09
2024-04-06 11:00:00,446.42
2024-04-06 12:00:00,425.05
2024-04-06 13:00:00,435.71
2024-04-06 14:00:00,470.88
2024-04-06 15:00:00,415.43
2024-04-06 16:00:00,432.6
2024-04-06 17:00:00,401.92
2024-04-06 18:00:00,519.7
2024-04-06 19:00:00,494.78
2024-04-06 20:00:00,489.98
2024-04-06 21:00:00,462.61
2024-04-06 22:00:00,461.03
2024-04-06 23:00:00,327.66
2024-04-07 00:00:00,352.37
2024-04-07 01:00:00,365.32
2024-04-07 02:00:00,367.19
2024-04-07 03:00:00,371.21
2024-04-07 04:00:00,412.36
2024-04-07 05:00:00,380.38
2024-04-07 06:00:00,409.97
2024-04-07 07:00:00,402.51
2024-04-07 08:00:00,451.01
2024-04-07 09:00:00,449.16
2024-04-07 10:00:00,461.32
2024-04-07 11:00:00,434.28
2024-04-07 12:00:00,463.61
2024-04-07 13:00:00,459.38
2024-04-07 14:00:00,445.07
2024-04-07 15:00:00,428.52
2024-04-07 16:00:00,416.91
2024-04-07 17:00:00,395.11
2024-04-07 18:00:00,484.0
2024-04-07 19:00:00,495.57
2024-04-07 20:00:00,474.86
2024-04-07 21:00:00,454.91
2024-04-07 22:00:00,461.95
2024-04-07 23:00:00,346.61
2024-04-08 00:00:00,349.06
2024-04-08 01:00:00,376.58
2024-04-08 02:00:00,390.02
2024-04-08 03:00:00,399.77
2024-04-08 04:00:00,416.88
2024-04-08 05:00:00,425.02
2024-04-08 06:00:00,403.17
2024-04-08 07:00:00,439.58
2024-04-08 08:00:00,466.45
2024-04-08 09:00:00,451.85
2024-04-08 10:00:00,488.92
2024-04-08 11:00:00,461.89
2024-04-08 12:00:00,475.25
2024-04-08 13:00:00,467.09
2024-04-08 14:00:00,465.34
2024-04-08 15:00:00,456.0
2024-04-08 16:00:00,452.69
2024-04-08 17:00:00,472.62
2024-04-08 18:00:00,533.41
2024-04-08 19:00:00,539.94
2024-04-08 20:00:00,515.99
2024-04-08 21:00:00,520.44
2024-04-08 22:00:00,496.46
2024-04-08 23:00:00,398.3
2024-04-09 00:00:00,379.82
2024-04-09 01:00:00,355.73
2024-04-09 02:00:00,385.58
2024-04-09 03:00:00,373.23
2024-04-09 04:00:00,426.36
2024-04-09 05:00:00,420.49
2024-04-09 06:00:00,430.29
2024-04-09 07:00:00,435.6
2024-04-09 08:00:00,454.39
2024-04-09 09:00:00,472.42
2024-04-09 10:00:00,471.86
2024-04-09 11:00:00,450.45
2024-04-09 12:00:00,488.54
2024-04-09 13:00:00,464.72
2024-04-09 14:00:00,442.65
2024-04-09 15:00:00,478.26
2024-04-09 16:00:00,442.23
2024-04-09 17:00:00,446.61
2024-04-09 18:00:00,530.53
2024-04-09 19:00:00,500.62
2024-04-09 20:00:00,509.6
2024-04-09 21:00:00,506.75
2024-04-09 22:00:00,485.8
2024-04-09 23:00:00,372.56
2024-04-10 00:00:00,407.74
2024-04-10 01:00:00,396.89
2024-04-10 02:00:00,414.2
2024-04-10 03:00:00,416.71
2024-04-10 04:00:00,421.27
2024-04-10 05:00:00,448.72
2024-04-10 06:00:00,431.73
2024-04-10 07:00:00,430.87
2024-04-10 08:00:00,490.48
2024-04-10 09:00:00,441.37
2024-04-10 10:00:00,493.82
2024-04-10 11:00:00,440.81
2024-04-10 12:00:00,465.91
2024-04-10 13:00:00,486.2
2024-04-10 14:00:00,480.05
2024-04-10 15:00:00,454.77
2024-04-10 16:00:00,460.23
2024-04-10 17:00:00,444.83
2024-04-10 18:00:00,545.41
2024-04-10 19:00:00,531.51
2024-04-10 20:00:00,519.65
2024-04-10 21:00:00,512.41
2024-04-10 22:00:00,454.01
2024-04-10 23:00:00,391.86
2024-04-11 00:00:00,351.09
2024-04-11 01:00:00,394.07
2024-04-11 02:00:00,403.69
2024-04-11 03:00:00,387.56
2024-04-11 04:00:00,408.71
2024-04-11 05:00:00,425.64
2024-04-11 06:00:00,447.69
2024-04-11 07:00:00,432.33
2024-04-11 08:00:00,444.19
2024-04-11 09:00:00,449.35
2024-04-11 10:00:00,454.48
2024-04-11 11:00:00,484.45
2024-04-11 12:00:00,478.27
2024-04-11 13:00:00,492.79
2024-04-11 14:00:00,476.01
2024-04-11 15:00:00,454.46
2024-04-11 16:00:00,456.41
2024-04-11 17:00:00,425.43
2024-04-11 18:00:00,545.95
2024-04-11 19:00:00,518.09
2024-04-11 20:00:00,515.31
2024-04-11 21:00:00,496.35
2024-04-11 22:00:00,491.98
2024-04-11 23:00:00,380.5
2024-04-12 00:00:00,375.73
2024-04-12 01:00:00,403.78
2024-04-12 02:00:00,375.85
2024-04-12 03:00:00,409.08
2024-04-12 04:00:00,389.81
2024-04-12 05:00:00,404.57
2024-04-12 06:00:00,428.24
2024-04-12 07:00:00,445.63
2024-04-12 08:00:00,450.3
2024-04-12 09:00:00,497.52
2024-04-12 10:00:00,499.57
2024-04-12 11:00:00,471.39
2024-04-12 12:00:00,461.45
2024-04-12 13:00:00,493.34
2024-04-12 14:00:00,477.46
2024-04-12 15:00:00,465.3
2024-04-12 16:00:00,462.79
2024-04-12 17:00:00,443.89
2024-04-12 18:00:00,524.22
2024-04-12 19:00:00,522.22
2024-04-12 20:00:00,497.86
2024-04-12 21:00:00,492.87
2024-04-12 22:00:00,494.67
2024-04-12 23:00:00,386.95
2024-04-13 00:00:00,339.72
2024-04-13 01:00:00,339.56
2024-04-13 02:00:00,355.03
2024-04-13 03:00:00,356.98
2024-04-13 04:00:00,374.47
2024-04-13 05:00:00,373.29
2024-04-13 06:00:00,384.77
2024-04-13 07:00:00,412.85
2024-04-13 08:00:00,419.78
2024-04-13 09:00:00,430.9
2024-04-13 10:00:00,448.13
2024-04-13 11:00:00,439.85
2024-04-13 12:00:00,435.01
2024-04-13 13:00:00,435.03
2024-04-13 14:00:00,445.64
2024-04-13 15:00:00,450.66
2024-04-13 16:00:00,414.89
2024-04-13 17:00:00,403.47
2024-04-13 18:00:00,517.45
2024-04-13 19:00:00,506.05
2024-04-13 20:00:00,451.11
2024-04-13 21:00:00,467.43
2024-04-13 22:00:00,483.78
2024-04-13 23:00:00,314.41
2024-04-14 00:00:00,342.97
2024-04-14 01:00:00,361.61
2024-04-14 02:00:00,350.82
2024-04-14 03:00:00,350.25
2024-04-14 04:00:00,386.96
2024-04-14 05:00:00,388.7
2024-04-14 06:00:00,397.42
2024-04-14 07:00:00,434.49
2024-04-14 08:00:00,406.19
2024-04-14 09:00:00,432.15
2024-04-14 10:00:00,454.26
2024-04-14 11:00:00,427.94
2024-04-14 12:00:00,479.51
2024-04-14 13:00:00,447.58
2024-04-14 14:00:00,434.96
2024-04-14 15:00:00,442.71
2024-04-14 16:00:00,413.31
2024-04-14 17:00:00,424.96
2024-04-14 18:00:00,493.05
2024-04-14 19:00:00,503.83
2024-04-14 20:00:00,467.88
2024-04-14 21:00:00,455.19
2024-04-14 22:00:00,439.2
2024-04-14 23:00:00,358.66
2024-04-15 00:00:00,375.61
2024-04-15 01:00:00,401.18
2024-04-15 02:00:00,367.3
2024-04-15 03:00:00,391.97
2024-04-15 04:00:00,413.84
2024-04-15 05:00:00,430.56
2024-04-15 06:00:00,414.43
2024-04-15 07:00:00,433.59
2024-04-15 08:00:00,488.27
2024-04-15 09:00:00,467.72
2024-04-15 10:00:00,463.03
2024-04-15 11:00:00,481.02
2024-04-15 12:00:00,478.71
2024-04-15 13:00:00,459.57
2024-04-15 14:00:00,473.86
2024-04-15 15:00:00,459.24
2024-04-15 16:00:00,469.27
2024-04-15 17:00:00,452.36
2024-04-15 18:00:00,518.94
2024-04-15 19:00:00,530.48
2024-04-15 20:00:00,503.11
2024-04-15 21:00:00,499.62
2024-04-15 22:00:00,470.04
2024-04-15 23:00:00,400.92
2024-04-16 00:00:00,363.09
2024-04-16 01:00:00,396.12
2024-04-16 02:00:00,369.71
2024-04-16 03:00:00,385.64
2024-04-16 04:00:00,386.64
2024-04-16 05:00:00,418.91
2024-04-16 06:00:00,423.5
2024-04-16 07:00:00,446.49
2024-04-16 08:00:00,454.2
2024-04-16 09:00:00,464.98
2024-04-16 10:00:00,476.69
2024-04-16 11:00:00,468.38
2024-04-16 12:00:00,488.27
2024-04-16 13:00:00,498.17
2024-04-16 14:00:00,471.03
2024-04-16 15:00:00,470.31
2024-04-16 16:00:00,453.58
2024-04-16 17:00:00,425.34
2024-04-16 18:00:00,544.01
2024-04-16 19:00:00,525.81
2024-04-16 20:00:00,501.82
2024-04-16 21:00:00,492.82
2024-04-16 22:00:00,479.06
2024-04-16 23:00:00,385.3
2024-04-17 00:00:00,389.54
2024-04-17 01:00:00,377.1
2024-04-17 02:00:00,392.95
2024-04-17 03:00:00,381.79
2024-04-17 04:00:00,417.08
2024-04-17 05:00:00,411.73
2024-04-17 06:00:00,428.71
2024-04-17 07:00:00,432.74
2024-04-17 08:00:00,467.02
2024-04-17 09:00:00,465.18
2024-04-17 10:00:00,474.48
2024-04-17 11:00:00,474.01
2024-04-17 12:00:00,479.71
2024-04-17 13:00:00,486.71
2024-04-17 14:00:00,486.63
2024-04-17 15:00:00,465.29
2024-04-17 16:00:00,461.48
2024-04-17 17:00:00,418.32
2024-04-17 18:00:00,530.89
2024-04-17 19:00:00,526.86
2024-04-17 20:00:00,474.68
2024-04-17 21:00:00,513.89
2024-04-17 22:00:00,467.75
2024-04-17 23:00:00,372.9
2024-04-18 00:00:00,396.82
2024-04-18 01:00:00,390.66
2024-04-18 02:00:00,363.26
2024-04-18 03:00:00,408.42
2024-04-18 04:00:00,414.53
2024-04-18 05:00:00,420.35
2024-04-18 06:00:00,396.47
2024-04-18 07:00:00,464.06
2024-04-18 08:00:00,471.16
2024-04-18 09:00:00,503.33
2024-04-18 10:00:00,488.97
2024-04-18 11:00:00,463.11
2024-04-18 12:00:00,487.81
2024-04-18 13:00:00,486.88
2024-04-18 14:00:00,490.3
2024-04-18 15:00:00,473.69
2024-04-18 16:00:00,466.15
2024-04-18 17:00:00,431.14
2024-04-18 18:00:00,522.95
2024-04-18 19:00:00,533.28
2024-04-18 20:00:00,509.04
2024-04-18 21:00:00,508.68
2024-04-18 22:00:00,478.56
2024-04-18 23:00:00,392.23
2024-04-19 00:00:00,398.96
2024-04-19 01:00:00,378.64
2024-04-19 02:00:00,388.17
2024-04-19 03:00:00,372.79
2024-04-19 04:00:00,396.27
2024-04-19 05:00:00,415.53
2024-04-19 06:00:00,434.87
2024-04-19 07:00:00,450.13
2024-04-19 08:00:00,462.32
2024-04-19 09:00:00,481.1
2024-04-19 10:00:00,470.74
2024-04-19 11:00:00,482.06
2024-04-19 12:00:00,492.31
2024-04-19 13:00:00,455.6
2024-04-19 14:00:00,483.75
2024-04-19 15:00:00,476.98
2024-04-19 16:00:00,452.29
2024-04-19 17:00:00,457.42
2024-04-19 18:00:00,540.97
2024-04-19 19:00:00,512.6
2024-04-19 20:00:00,517.77
2024-04-19 21:00:00,488.7
2024-04-19 22:00:00,483.96
2024-04-19 23:00:00,393.89
2024-04-20 00:00:00,352.35
2024-04-20 01:00:00,346.33
2024-04-20 02:00:00,359.63
2024-04-20 03:00:00,345.85
2024-04-20 04:00:00,384.61
2024-04-20 05:00:00,422.31
2024-04-20 06:00:00,418.94
2024-04-20 07:00:00,412.72
2024-04-20 08:00:00,407.28
2024-04-20 09:00:00,447.04
2024-04-20 10:00:00,453.84
2024-04-20 11:00:00,471.82
2024-04-20 12:00:00,424.38
2024-04-20 13:00:00,427.74
2024-04-20 14:00:00,442.36
2024-04-20 15:00:00,440.2
2024-04-20 16:00:00,441.71
2024-04-20 17:00:00,406.41
2024-04-20 18:00:00,494.6
2024-04-20 19:00:00,495.04
2024-04-20 20:00:00,487.52
2024-04-20 21:00:00,456.66
2024-04-20 22:00:00,453.15
2024-04-20 23:00:00,383.09
2024-04-21 00:00:00,350.7
2024-04-21 01:00:00,348.95
2024-04-21 02:00:00,348.01
2024-04-21 03:00:00,327.76
2024-04-21 04:00:00,357.16
2024-04-21 05:00:00,405.56
2024-04-21 06:00:00,382.34
2024-04-21 07:00:00,399.52
2024-04-21 08:00:00,410.5
2024-04-21 09:00:00,435.8
2024-04-21 10:00:00,444.36
2024-04-21 11:00:00,445.93
2024-04-21 12:00:00,429.26
2024-04-21 13:00:00,439.47
2024-04-21 14:00:00,436.2
2024-04-21 15:00:00,461.93
2024-04-21 16:00:00,440.47
2024-04-21 17:00:00,403.2
2024-04-21 18:00:00,501.36
2024-04-21 19:00:00,476.24
2024-04-21 20:00:00,469.52
2024-04-21 21:00:00,451.11
2024-04-21 22:00:00,463.76
2024-04-21 23:00:00,370.05
2024-04-22 00:00:00,369.63
2024-04-22 01:00:00,369.04
2024-04-22 02:00:00,396.84
2024-04-22 03:00:00,404.27
2024-04-22 04:00:00,426.99
2024-04-22 05:00:00,395.99
2024-04-22 06:00:00,455.53
2024-04-22 07:00:00,431.42
2024-04-22 08:00:00,448.89
2024-04-22 09:00:00,458.19
2024-04-22 10:00:00,471.38
2024-04-22 11:00:00,470.34
2024-04-22 12:00:00,478.31
2024-04-22 13:00:00,466.48
2024-04-22 14:00:00,474.57
2024-04-22 15:00:00,463.84
2024-04-22 16:00:00,444.13
2024-04-22 17:00:00,438.8
2024-04-22 18:00:00,527.75
2024-04-22 19:00:00,539.29
2024-04-22 20:00:00,513.9
2024-04-22 21:00:00,494.94
2024-04-22 22:00:00,481.17
2024-04-22 23:00:00,369.11
2024-04-23 00:00:00,372.17
2024-04-23 01:00:00,376.94
2024-04-23 02:00:00,391.68
2024-04-23 03:00:00,409.35
2024-04-23 04:00:00,390.02
2024-04-23 05:00:00,426.35
2024-04-23 06:00:00,422.21
2024-04-23 07:00:00,422.04
2024-04-23 08:00:00,446.78
2024-04-23 09:00:00,478.74
2024-04-23 10:00:00,477.78
2024-04-23 11:00:00,477.4
2024-04-23 12:00:00,487.85
2024-04-23 13:00:00,478.78
2024-04-23 14:00:00,462.57
2024-04-23 15:00:00,463.33
2024-04-23 16:00:00,458.43
2024-04-23 17:00:00,460.46
2024-04-23 18:00:00,531.95
2024-04-23 19:00:00,503.38
2024-04-23 20:00:00,499.8
2024-04-23 21:00:00,491.15
2024-04-23 22:00:00,495.05
2024-04-23 23:00:00,387.18
2024-04-24 00:00:00,409.97
2024-04-24 01:00:00,380.19
2024-04-24 02:00:00,399.91
2024-04-24 03:00:00,375.58
2024-04-24 04:00:00,406.77
2024-04-24 05:00:00,427.64
2024-04-24 06:00:00,413.92
2024-04-24 07:00:00,439.9
2024-04-24 08:00:00,460.77
2024-04-24 09:00:00,468.43
2024-04-24 10:00:00,452.04
2024-04-24 11:00:00,464.11
2024-04-24 12:00:00,493.52
2024-04-24 13:00:00,509.56
2024-04-24 14:00:00,441.06
2024-04-24 15:00:00,453.23
2024-04-24 16:00:00,448.6
2024-04-24 17:00:00,471.99
2024-04-24 18:00:00,519.75
2024-04-24 19:00:00,513.78
2024-04-24 20:00:00,512.92
2024-04-24 21:00:00,486.17
2024-04-24 22:00:00,488.33
2024-04-24 23:00:00,367.2
2024-04-25 00:00:00,368.09
2024-04-25 01:00:00,392.93
2024-04-25 02:00:00,392.13
2024-04-25 03:00:00,397.65
2024-04-25 04:00:00,417.51
2024-04-25 05:00:00,429.07
2024-04-25 06:00:00,435.77
2024-04-25 07:00:00,425.88
2024-04-25 08:00:00,450.03
2024-04-25 09:00:00,465.97
2024-04-25 10:00:00,459.64
2024-04-25 11:00:00,495.14
2024-04-25 12:00:00,486.44
2024-04-25 13:00:00,479.99
2024-04-25 14:00:00,481.74
2024-04-25 15:00:00,441.11
2024-04-25 16:00:00,440.79
2024-04-25 17:00:00,449.12
2024-04-25 18:00:00,513.02
2024-04-25 19:00:00,530.05
2024-04-25 20:00:00,493.87
2024-04-25 21:00:00,507.38
2024-04-25 22:00:00,492.72
2024-04-25 23:00:00,369.17
2024-04-26 00:00:00,402.52
2024-04-26 01:00:00,357.48
2024-04-26 02:00:00,394.74
2024-04-26 03:00:00,400.4
2024-04-26 04:00:00,395.59
2024-04-26 05:00:00,423.51
2024-04-26 06:00:00,425.44
2024-04-26 07:00:00,460.3
2024-04-26 08:00:00,463.22
2024-04-26 09:00:00,460.27
2024-04-26 10:00:00,477.67
2024-04-26 11:00:00,513.94
2024-04-26 12:00:00,482.09
2024-04-26 13:00:00,490.19
2024-04-26 14:00:00,469.05
2024-04-26 15:00:00,460.8
2024-04-26 16:00:00,435.9
2024-04-26 17:00:00,444.01
2024-04-26 18:00:00,533.92
2024-04-26 19:00:00,527.59
2024-04-26 20:00:00,509.46
2024-04-26 21:00:00,485.25
2024-04-26 22:00:00,493.11
2024-04-26 23:00:00,381.9
2024-04-27 00:00:00,330.71
2024-04-27 01:00:00,331.07
2024-04-27 02:00:00,348.67
2024-04-27 03:00:00,346.41
2024-04-27 04:00:00,385.97
2024-04-27 05:00:00,396.86
2024-04-27 06:00:00,386.53
2024-04-27 07:00:00,443.46
2024-04-27 08:00:00,425.07
2024-04-27 09:00:00,449.01
2024-04-27 10:00:00,429.06
2024-04-27 11:00:00,443.09
2024-04-27 12:00:00,456.65
2024-04-27 13:00:00,416.27
2024-04-27 14:00:00,458.71
2024-04-27 15:00:00,437.85
2024-04-27 16:00:00,401.9
2024-04-27 17:00:00,430.4
2024-04-27 18:00:00,494.58
2024-04-27 19:00:00,498.06
2024-04-27 20:00:00,500.93
2024-04-27 21:00:00,466.19
2024-04-27 22:00:00,455.71
2024-04-27 23:00:00,369.42
2024-04-28 00:00:00,368.61
2024-04-28 01:00:00,348.18
2024-04-28 02:00:00,377.27
2024-04-28 03:00:00,368.23
2024-04-28 04:00:00,391.95
2024-04-28 05:00:00,417.89
2024-04-28 06:00:00,403.56
2024-04-28 07:00:00,413.57
2024-04-28 08:00:00,455.16
2024-04-28 09:00:00,423.54
2024-04-28 10:00:00,452.74
2024-04-28 11:00:00,452.84
2024-04-28 12:00:00,459.18
2024-04-28 13:00:00,467.06
2024-04-28 14:00:00,426.01
2024-04-28 15:00:00,447.65
2024-04-28 16:00:00,452.79
2024-04-28 17:00:00,397.59
2024-04-28 18:00:00,500.5
2024-04-28 19:00:00,489.12
2024-04-28 20:00:00,473.53
2024-04-28 21:00:00,464.62
2024-04-28 22:00:00,423.52
2024-04-28 23:00:00,335.35
2024-04-29 00:00:00,376.52
2024-04-29 01:00:00,391.02
2024-04-29 02:00:00,386.53
2024-04-29 03:00:00,400.95
2024-04-29 04:00:00,408.0
2024-04-29 05:00:00,461.54
2024-04-29 06:00:00,454.73
2024-04-29 07:00:00,425.31
2024-04-29 08:00:00,478.5
2024-04-29 09:00:00,464.23
2024-04-29 10:00:00,485.14
2024-04-29 11:00:00,502.93
2024-04-29 12:00:00,470.6
2024-04-29 13:00:00,463.64
2024-04-29 14:00:00,477.49
2024-04-29 15:00:00,491.65
2024-04-29 16:00:00,469.27
2024-04-29 17:00:00,457.49
2024-04-29 18:00:00,537.09
2024-04-29 19:00:00,514.33
2024-04-29 20:00:00,489.88
2024-04-29 21:00:00,492.99
2024-04-29 22:00:00,476.96
2024-04-29 23:00:00,363.3
2024-04-30 00:00:00,397.91
2024-04-30 01:00:00,377.45
2024-04-30 02:00:00,368.69
2024-04-30 03:00:00,407.01
2024-04-30 04:00:00,375.24
2024-04-30 05:00:00,410.74
2024-04-30 06:00:00,405.56
2024-04-30 07:00:00,465.61
2024-04-30 08:00:00,439.72
2024-04-30 09:00:00,478.47
2024-04-30 10:00:00,494.49
2024-04-30 11:00:00,474.83
2024-04-30 12:00:00,490.43
2024-04-30 13:00:00,445.65
2024-04-30 14:00:00,470.82
2024-04-30 15:00:00,449.91
2024-04-30 16:00:00,473.15
2024-04-30 17:00:00,428.0
2024-04-30 18:00:00,545.74
2024-04-30 19:00:00,509.84
2024-04-30 20:00:00,507.68
2024-04-30 21:00:00,463.62
2024-04-30 22:00:00,489.63
2024-04-30 23:00:00,382.15
2024-05-01 00:00:00,342.81
2024-05-01 01:00:00,356.6
2024-05-01 02:00:00,349.05
2024-05-01 03:00:00,349.09
2024-05-01 04:00:00,374.71
2024-05-01 05:00:00,382.16
2024-05-01 06:00:00,380.85
2024-05-01 07:00:00,418.1
2024-05-01 08:00:00,385.92
2024-05-01 09:00:00,421.68
2024-05-01 10:00:00,427.91
2024-05-01 11:00:00,450.43
2024-05-01 12:00:00,422.28
2024-05-01 13:00:00,442.0
2024-05-01 14:00:00,429.6
2024-05-01 15:00:00,438.24
2024-05-01 16:00:00,402.22
2024-05-01 17:00:00,427.29
2024-05-01 18:00:00,504.86
2024-05-01 19:00:00,445.57
2024-05-01 20:00:00,470.05
2024-05-01 21:00:00,450.59
2024-05-01 22:00:00,409.18
2024-05-01 23:00:00,362.78
2024-05-02 00:00:00,341.57
2024-05-02 01:00:00,335.99
2024-05-02 02:00:00,357.77
2024-05-02 03:00:00,391.4
2024-05-02 04:00:00,357.83
2024-05-02 05:00:00,393.14
2024-05-02 06:00:00,391.48
2024-05-02 07:00:00,410.31
2024-05-02 08:00:00,426.57
2024-05-02 09:00:00,425.5
2024-05-02 10:00:00,430.74
2024-05-02 11:00:00,458.48
2024-05-02 12:00:00,460.85
2024-05-02 13:00:00,413.13
2024-05-02 14:00:00,426.04
2024-05-02 15:00:00,408.43
2024-05-02 16:00:00,385.77
2024-05-02 17:00:00,399.9
2024-05-02 18:00:00,487.26
2024-05-02 19:00:00,464.77
2024-05-02 20:00:00,443.65
2024-05-02 21:00:00,465.01
2024-05-02 22:00:00,440.38
2024-05-02 23:00:00,356.78
2024-05-03 00:00:00,340.46
2024-05-03 01:00:00,358.97
2024-05-03 02:00:00,342.45
2024-05-03 03:00:00,362.02
2024-05-03 04:00:00,335.96
2024-05-03 05:00:00,408.76
2024-05-03 06:00:00,413.99
2024-05-03 07:00:00,391.79
2024-05-03 08:00:00,408.91
2024-05-03 09:00:00,417.92
2024-05-03 10:00:00,436.93
2024-05-03 11:00:00,429.17
2024-05-03 12:00:00,449.2
2024-05-03 13:00:00,461.07
2024-05-03 14:00:00,452.58
2024-05-03 15:00:00,407.7
2024-05-03 16:00:00,406.31
2024-05-03 17:00:00,416.54
2024-05-03 18:00:00,496.64
2024-05-03 19:00:00,480.09
2024-05-03 20:00:00,478.69
2024-05-03 21:00:00,435.3
2024-05-03 22:00:00,453.05
2024-05-03 23:00:00,350.48
2024-05-04 00:00:00,275.76
2024-05-04 01:00:00,308.46
2024-05-04 02:00:00,307.67
2024-05-04 03:00:00,318.7
2024-05-04 04:00:00,363.85
2024-05-04 05:00:00,343.78
2024-05-04 06:00:00,360.49
2024-05-04 07:00:00,398.61
2024-05-04 08:00:00,376.37
2024-05-04 09:00:00,384.16
2024-05-04 10:00:00,381.19
2024-05-04 11:00:00,433.79
2024-05-04 12:00:00,402.35
2024-05-04 13:00:00,397.13
2024-05-04 14:00:00,388.96
2024-05-04 15:00:00,387.15
2024-05-04 16:00:00,394.49
2024-05-04 17:00:00,372.91
2024-05-04 18:00:00,459.92
2024-05-04 19:00:00,443.94
2024-05-04 20:00:00,452.47
2024-05-04 21:00:00,415.76
2024-05-04 22:00:00,429.44
2024-05-04 23:00:00,324.15
2024-05-05 00:00:00,311.2
2024-05-05 01:00:00,313.09
2024-05-05 02:00:00,326.62
2024-05-05 03:00:00,322.18
2024-05-05 04:00:00,333.57
2024-05-05 05:00:00,328.8
2024-05-05 06:00:00,356.41
2024-05-05 07:00:00,368.36
2024-05-05 08:00:00,364.92
2024-05-05 09:00:00,404.58
2024-05-05 10:00:00,417.94
2024-05-05 11:00:00,401.37
2024-05-05 12:00:00,406.04
2024-05-05 13:00:00,418.57
2024-05-05 14:00:00,416.52
2024-05-05 15:00:00,381.27
2024-05-05 16:00:00,404.24
2024-05-05 17:00:00,403.17
2024-05-05 18:00:00,447.7
2024-05-05 19:00:00,448.2
2024-05-05 20:00:00,417.61
2024-05-05 21:00:00,420.83
2024-05-05 22:00:00,401.85
2024-05-05 23:00:00,295.72
2024-05-06 00:00:00,356.17
2024-05-06 01:00:00,336.2
2024-05-06 02:00:00,358.14
2024-05-06 03:00:00,329.46
2024-05-06 04:00:00,367.73
2024-05-06 05:00:00,379.62
2024-05-06 06:00:00,398.42
2024-05-06 07:00:00,409.22
2024-05-06 08:00:00,432.75
2024-05-06 09:00:00,416.89
2024-05-06 10:00:00,405.81
2024-05-06 11:00:00,440.06
2024-05-06 12:00:00,426.58
2024-05-06 13:00:00,429.72
2024-05-06 14:00:00,442.25
2024-05-06 15:00:00,427.84
2024-05-06 16:00:00,434.31
2024-05-06 17:00:00,372.69
2024-05-06 18:00:00,474.25
2024-05-06 19:00:00,461.92
2024-05-06 20:00:00,465.73
2024-05-06 21:00:00,451.69
2024-05-06 22:00:00,453.51
2024-05-06 23:00:00,317.87
2024-05-07 00:00:00,332.2
2024-05-07 01:00:00,365.15
2024-05-07 02:00:00,355.87
2024-05-07 03:00:00,362.91
2024-05-07 04:00:00,367.32
2024-05-07 05:00:00,375.61
2024-05-07 06:00:00,380.52
2024-05-07 07:00:00,418.63
2024-05-07 08:00:00,424.56
2024-05-07 09:00:00,409.4
2024-05-07 10:00:00,449.68
2024-05-07 11:00:00,425.31
2024-05-07 12:00:00,419.44
2024-05-07 13:00:00,464.17
2024-05-07 14:00:00,445.8
2024-05-07 15:00:00,421.5
2024-05-07 16:00:00,402.67
2024-05-07 17:00:00,410.11
2024-05-07 18:00:00,508.42
2024-05-07 19:00:00,439.29
2024-05-07 20:00:00,490.38
2024-05-07 21:00:00,428.2
2024-05-07 22:00:00,433.89
2024-05-07 23:00:00,339.29
2024-05-08 00:00:00,343.1
2024-05-08 01:00:00,355.77
2024-05-08 02:00:00,322.67
2024-05-08 03:00:00,356.0
2024-05-08 04:00:00,360.14
2024-05-08 05:00:00,379.45
2024-05-08 06:00:00,365.31
2024-05-08 07:00:00,372.68
2024-05-08 08:00:00,398.59
2024-05-08 09:00:00,402.98
2024-05-08 10:00:00,396.39
2024-05-08 11:00:00,434.37
2024-05-08 12:00:00,412.6
2024-05-08 13:00:00,443.76
2024-05-08 14:00:00,413.42
2024-05-08 15:00:00,404.07
2024-05-08 16:00:00,410.18
2024-05-08 17:00:00,424.39
2024-05-08 18:00:00,487.12
2024-05-08 19:00:00,474.77
2024-05-08 20:00:00,502.48
2024-05-08 21:00:00,462.37
2024-05-08 22:00:00,426.5
2024-05-08 23:00:00,343.71
2024-05-09 00:00:00,328.14
2024-05-09 01:00:00,339.71
2024-05-09 02:00:00,376.61
2024-05-09 03:00:00,378.19
2024-05-09 04:00:00,360.26
2024-05-09 05:00:00,364.06
2024-05-09 06:00:00,405.33
2024-05-09 07:00:00,430.95
2024-05-09 08:00:00,379.95
2024-05-09 09:00:00,430.16
2024-05-09 10:00:00,409.48
2024-05-09 11:00:00,416.83
2024-05-09 12:00:00,442.46
2024-05-09 13:00:00,454.5
2024-05-09 14:00:00,452.12
2024-05-09 15:00:00,389.41
2024-05-09 16:00:00,393.47
2024-05-09 17:00:00,412.75
2024-05-09 18:00:00,487.22
2024-05-09 19:00:00,464.86
2024-05-09 20:00:00,455.32
2024-05-09 21:00:00,436.45
2024-05-09 22:00:00,464.18
2024-05-09 23:00:00,347.04
2024-05-10 00:00:00,352.41
2024-05-10 01:00:00,378.45
2024-05-10 02:00:00,355.37
2024-05-10 03:00:00,349.95
2024-05-10 04:00:00,392.53
2024-05-10 05:00:00,375.53
2024-05-10 06:00:00,392.82
2024-05-10 07:00:00,363.83
2024-05-10 08:00:00,414.02
2024-05-10 09:00:00,431.03
2024-05-10 10:00:00,437.94
2024-05-10 11:00:00,459.37
2024-05-10 12:00:00,468.75
2024-05-10 13:00:00,422.85
2024-05-10 14:00:00,418.83
2024-05-10 15:00:00,416.95
2024-05-10 16:00:00,430.32
2024-05-10 17:00:00,403.09
2024-05-10 18:00:00,482.75
2024-05-10 19:00:00,479.11
2024-05-10 20:00:00,465.2
2024-05-10 21:00:00,448.84
2024-05-10 22:00:00,446.45
2024-05-10 23:00:00,349.6
2024-05-11 00:00:00,287.34
2024-05-11 01:00:00,318.48
2024-05-11 02:00:00,326.05
2024-05-11 03:00:00,323.03
2024-05-11 04:00:00,343.92
2024-05-11 05:00:00,363.51
2024-05-11 06:00:00,342.21
2024-05-11 07:00:00,391.54
2024-05-11 08:00:00,364.61
2024-05-11 09:00:00,391.98
2024-05-11 10:00:00,401.71
2024-05-11 11:00:00,423.14
2024-05-11 12:00:00,420.12
2024-05-11 13:00:00,416.66
2024-05-11 14:00:00,410.92
2024-05-11 15:00:00,372.76
2024-05-11 16:00:00,392.11
2024-05-11 17:00:00,377.51
2024-05-11 18:00:00,460.78
2024-05-11 19:00:00,480.28
2024-05-11 20:00:00,468.57
2024-05-11 21:00:00,443.27
2024-05-11 22:00:00,406.25
2024-05-11 23:00:00,321.25
2024-05-12 00:00:00,320.77
2024-05-12 01:00:00,324.79
2024-05-12 02:00:00,325.89
2024-05-12 03:00:00,340.28
2024-05-12 04:00:00,311.1
2024-05-12 05:00:00,364.41
2024-05-12 06:00:00,349.84
2024-05-12 07:00:00,346.21
2024-05-12 08:00:00,372.71
2024-05-12 09:00:00,383.19
2024-05-12 10:00:00,428.19
2024-05-12 11:00:00,428.47
2024-05-12 12:00:00,398.01
2024-05-12 13:00:00,425.54
2024-05-12 14:00:00,403.55
2024-05-12 15:00:00,404.31
2024-05-12 16:00:00,406.4
2024-05-12 17:00:00,369.1
2024-05-12 18:00:00,447.5
2024-05-12 19:00:00,465.19
2024-05-12 20:00:00,417.83
2024-05-12 21:00:00,451.5
2024-05-12 22:00:00,397.04
2024-05-12 23:00:00,307.39
2024-05-13 00:00:00,347.43
2024-05-13 01:00:00,355.83
2024-05-13 02:00:00,331.71
2024-05-13 03:00:00,351.3
2024-05-13 04:00:00,371.72
2024-05-13 05:00:00,416.1
2024-05-13 06:00:00,424.93
2024-05-13 07:00:00,412.28
2024-05-13 08:00:00,428.17
2024-05-13 09:00:00,419.33
2024-05-13 10:00:00,434.51
2024-05-13 11:00:00,435.12
2024-05-13 12:00:00,453.07
2024-05-13 13:00:00,441.62
2024-05-13 14:00:00,452.47
2024-05-13 15:00:00,394.72
2024-05-13 16:00:00,412.66
2024-05-13 17:00:00,395.18
2024-05-13 18:00:00,475.07
2024-05-13 19:00:00,470.1
2024-05-13 20:00:00,456.27
2024-05-13 21:00:00,450.62
2024-05-13 22:00:00,459.04
2024-05-13 23:00:00,304.24
2024-05-14 00:00:00,333.96
2024-05-14 01:00:00,344.45
2024-05-14 02:00:00,339.14
2024-05-14 03:00:00,321.06
2024-05-14 04:00:00,349.45
2024-05-14 05:00:00,393.41
2024-05-14 06:00:00,408.17
2024-05-14 07:00:00,404.63
2024-05-14 08:00:00,403.04
2024-05-14 09:00:00,424.14
2024-05-14 10:00:00,412.21
2024-05-14 11:00:00,445.89
2024-05-14 12:00:00,417.46
2024-05-14 13:00:00,413.78
2024-05-14 14:00:00,439.31
2024-05-14 15:00:00,417.89
2024-05-14 16:00:00,412.33
2024-05-14 17:00:00,394.91
2024-05-14 18:00:00,504.71
2024-05-14 19:00:00,480.82
2024-05-14 20:00:00,457.73
2024-05-14 21:00:00,477.52
2024-05-14 22:00:00,456.06
2024-05-14 23:00:00,332.9
2024-05-15 00:00:00,333.43
2024-05-15 01:00:00,349.23
2024-05-15 02:00:00,342.67
2024-05-15 03:00:00,347.29
2024-05-15 04:00:00,379.87
2024-05-15 05:00:00,359.12
2024-05-15 06:00:00,401.45
2024-05-15 07:00:00,414.74
2024-05-15 08:00:00,402.42
2024-05-15 09:00:00,430.81
2024-05-15 10:00:00,447.8
2024-05-15 11:00:00,423.3
2024-05-15 12:00:00,438.07
2024-05-15 13:00:00,437.97
2024-05-15 14:00:00,442.52
2024-05-15 15:00:00,392.54
2024-05-15 16:00:00,446.17
2024-05-15 17:00:00,422.51
2024-05-15 18:00:00,499.77
2024-05-15 19:00:00,501.76
2024-05-15 20:00:00,469.17
2024-05-15 21:00:00,448.03
2024-05-15 22:00:00,449.78
2024-05-15 23:00:00,355.82
2024-05-16 00:00:00,369.31
2024-05-16 01:00:00,321.8
2024-05-16 02:00:00,350.33
2024-05-16 03:00:00,347.39
2024-05-16 04:00:00,366.33
2024-05-16 05:00:00,377.48
2024-05-16 06:00:00,389.36
2024-05-16 07:00:00,410.85
2024-05-16 08:00:00,430.04
2024-05-16 09:00:00,420.42
2024-05-16 10:00:00,427.02
2024-05-16 11:00:00,452.34
2024-05-16 12:00:00,438.52
2024-05-16 13:00:00,457.77
2024-05-16 14:00:00,438.29
2024-05-16 15:00:00,417.29
2024-05-16 16:00:00,393.7
2024-05-16 17:00:00,407.37
2024-05-16 18:00:00,506.27
2024-05-16 19:00:00,469.69
2024-05-16 20:00:00,461.43
2024-05-16 21:00:00,462.93
2024-05-16 22:00:00,461.09
2024-05-16 23:00:00,335.64
2024-05-17 00:00:00,337.31
2024-05-17 01:00:00,336.43
2024-05-17 02:00:00,359.99
2024-05-17 03:00:00,366.79
2024-05-17 04:00:00,342.92
2024-05-17 05:00:00,404.32
2024-05-17 06:00:00,387.68
2024-05-17 07:00:00,403.27
2024-05-17 08:00:00,393.92
2024-05-17 09:00:00,421.26
2024-05-17 10:00:00,449.12
2024-05-17 11:00:00,438.92
2024-05-17 12:00:00,438.44
2024-05-17 13:00:00,432.33
2024-05-17 14:00:00,417.01
2024-05-17 15:00:00,448.92
2024-05-17 16:00:00,408.74
2024-05-17 17:00:00,400.3
2024-05-17 18:00:00,496.87
2024-05-17 19:00:00,453.7
2024-05-17 20:00:00,468.07
2024-05-17 21:00:00,439.35
2024-05-17 22:00:00,423.15
2024-05-17 23:00:00,345.06
2024-05-18 00:00:00,306.34
2024-05-18 01:00:00,333.46
2024-05-18 02:00:00,307.49
2024-05-18 03:00:00,299.35
2024-05-18 04:00:00,323.64
2024-05-18 05:00:00,355.69
2024-05-18 06:00:00,344.62
2024-05-18 07:00:00,353.33
2024-05-18 08:00:00,372.09
2024-05-18 09:00:00,354.59
2024-05-18 10:00:00,421.02
2024-05-18 11:00:00,406.53
2024-05-18 12:00:00,394.31
2024-05-18 13:00:00,437.91
2024-05-18 14:00:00,378.22
2024-05-18 15:00:00,379.84
2024-05-18 16:00:00,389.95
2024-05-18 17:00:00,361.69
2024-05-18 18:00:00,454.76
2024-05-18 19:00:00,439.16
2024-05-18 20:00:00,421.82
2024-05-18 21:00:00,439.72
2024-05-18 22:00:00,403.0
2024-05-18 23:00:00,319.7
2024-05-19 00:00:00,304.9
2024-05-19 01:00:00,305.23
2024-05-19 02:00:00,298.91
2024-05-19 03:00:00,347.72
2024-05-19 04:00:00,312.53
2024-05-19 05:00:00,338.92
2024-05-19 06:00:00,358.27
2024-05-19 07:00:00,362.12
2024-05-19 08:00:00,369.23
2024-05-19 09:00:00,401.4
2024-05-19 10:00:00,396.6
2024-05-19 11:00:00,393.92
2024-05-19 12:00:00,409.98
2024-05-19 13:00:00,413.46
2024-05-19 14:00:00,399.86
2024-05-19 15:00:00,409.63
2024-05-19 16:00:00,403.36
2024-05-19 17:00:00,376.12
2024-05-19 18:00:00,465.26
2024-05-19 19:00:00,445.44
2024-05-19 20:00:00,445.45
2024-05-19 21:00:00,439.0
2024-05-19 22:00:00,419.07
2024-05-19 23:00:00,286.09
2024-05-20 00:00:00,326.2
2024-05-20 01:00:00,323.03
2024-05-20 02:00:00,356.27
2024-05-20 03:00:00,347.98
2024-05-20 04:00:00,365.97
2024-05-20 05:00:00,390.36
2024-05-20 06:00:00,377.72
2024-05-20 07:00:00,417.94
2024-05-20 08:00:00,426.27
2024-05-20 09:00:00,403.61
2024-05-20 10:00:00,447.25
2024-05-20 11:00:00,450.42
2024-05-20 12:00:00,463.13
2024-05-20 13:00:00,410.95
2024-05-20 14:00:00,439.93
2024-05-20 15:00:00,433.56
2024-05-20 16:00:00,395.12
2024-05-20 17:00:00,403.3
2024-05-20 18:00:00,478.71
2024-05-20 19:00:00,454.01
2024-05-20 20:00:00,465.58
2024-05-20 21:00:00,446.3
2024-05-20 22:00:00,431.46
2024-05-20 23:00:00,333.63
2024-05-21 00:00:00,326.72
2024-05-21 01:00:00,347.54
2024-05-21 02:00:00,346.88
2024-05-21 03:00:00,352.28
2024-05-21 04:00:00,342.41
2024-05-21 05:00:00,369.33
2024-05-21 06:00:00,412.86
2024-05-21 07:00:00,385.6
2024-05-21 08:00:00,421.55
2024-05-21 09:00:00,428.57
2024-05-21 10:00:00,422.97
2024-05-21 11:00:00,429.59
2024-05-21 12:00:00,436.94
2024-05-21 13:00:00,430.08
2024-05-21 14:00:00,442.93
2024-05-21 15:00:00,428.12
2024-05-21 16:00:00,423.3
2024-05-21 17:00:00,386.69
2024-05-21 18:00:00,493.76
2024-05-21 19:00:00,475.26
2024-05-21 20:00:00,456.86
2024-05-21 21:00:00,456.48
2024-05-21 22:00:00,439.19
2024-05-21 23:00:00,373.43
2024-05-22 00:00:00,329.99
2024-05-22 01:00:00,370.41
2024-05-22 02:00:00,364.76
2024-05-22 03:00:00,372.95
2024-05-22 04:00:00,364.46
2024-05-22 05:00:00,395.43
2024-05-22 06:00:00,392.47
2024-05-22 07:00:00,397.82
2024-05-22 08:00:00,423.76
2024-05-22 09:00:00,409.77
2024-05-22 10:00:00,432.37
2024-05-22 11:00:00,442.17
2024-05-22 12:00:00,438.86
2024-05-22 13:00:00,410.43
2024-05-22 14:00:00,417.66
2024-05-22 15:00:00,403.81
2024-05-22 16:00:00,434.53
2024-05-22 17:00:00,411.69
2024-05-22 18:00:00,479.55
2024-05-22 19:00:00,502.06
2024-05-22 20:00:00,470.06
2024-05-22 21:00:00,435.4
2024-05-22 22:00:00,461.35
2024-05-22 23:00:00,360.83
2024-05-23 00:00:00,346.69
2024-05-23 01:00:00,328.35
2024-05-23 02:00:00,353.08
2024-05-23 03:00:00,332.81
2024-05-23 04:00:00,360.21
2024-05-23 05:00:00,382.01
2024-05-23 06:00:00,388.36
2024-05-23 07:00:00,404.16
2024-05-23 08:00:00,419.38
2024-05-23 09:00:00,393.87
2024-05-23 10:00:00,425.93
2024-05-23 11:00:00,418.01
2024-05-23 12:00:00,449.73
2024-05-23 13:00:00,445.2
2024-05-23 14:00:00,432.09
2024-05-23 15:00:00,423.23
2024-05-23 16:00:00,414.72
2024-05-23 17:00:00,402.04
2024-05-23 18:00:00,467.5
2024-05-23 19:00:00,493.13
2024-05-23 20:00:00,463.49
2024-05-23 21:00:00,460.47
2024-05-23 22:00:00,449.69
2024-05-23 23:00:00,340.11
2024-05-24 00:00:00,343.4
2024-05-24 01:00:00,345.65
2024-05-24 02:00:00,340.56
2024-05-24 03:00:00,347.73
2024-05-24 04:00:00,374.03
2024-05-24 05:00:00,387.15
2024-05-24 06:00:00,394.1
2024-05-24 07:00:00,407.96
2024-05-24 08:00:00,428.91
2024-05-24 09:00:00,418.11
2024-05-24 10:00:00,445.52
2024-05-24 11:00:00,422.41
2024-05-24 12:00:00,444.61
2024-05-24 13:00:00,439.68
2024-05-24 14:00:00,422.48
2024-05-24 15:00:00,413.73
2024-05-24 16:00:00,395.34
2024-05-24 17:00:00,396.68
2024-05-24 18:00:00,488.12
2024-05-24 19:00:00,490.69
2024-05-24 20:00:00,462.2
2024-05-24 21:00:00,447.63
2024-05-24 22:00:00,437.94
2024-05-24 23:00:00,333.51
2024-05-25 00:00:00,324.55
2024-05-25 01:00:00,286.32
2024-05-25 02:00:00,301.83
2024-05-25 03:00:00,339.97
2024-05-25 04:00:00,339.27
2024-05-25 05:00:00,337.41
2024-05-25 06:00:00,370.73
2024-05-25 07:00:00,368.51
2024-05-25 08:00:00,372.6
2024-05-25 09:00:00,387.9
2024-05-25 10:00:00,397.8
2024-05-25 11:00:00,413.68
2024-05-25 12:00:00,403.72
2024-05-25 13:00:00,413.26
2024-05-25 14:00:00,409.29
2024-05-25 15:00:00,385.62
2024-05-25 16:00:00,379.63
2024-05-25 17:00:00,384.26
2024-05-25 18:00:00,468.16
2024-05-25 19:00:00,460.32
2024-05-25 20:00:00,437.34
2024-05-25 21:00:00,428.78
2024-05-25 22:00:00,407.11
2024-05-25 23:00:00,340.84
2024-05-26 00:00:00,312.63
2024-05-26 01:00:00,317.93
2024-05-26 02:00:00,301.78
2024-05-26 03:00:00,324.26
2024-05-26 04:00:00,342.87
2024-05-26 05:00:00,375.29
2024-05-26 06:00:00,346.73
2024-05-26 07:00:00,350.1
2024-05-26 08:00:00,407.19
2024-05-26 09:00:00,386.55
2024-05-26 10:00:00,427.72
2024-05-26 11:00:00,422.14
2024-05-26 12:00:00,400.53
2024-05-26 13:00:00,423.63
2024-05-26 14:00:00,389.27
2024-05-26 15:00:00,393.96
2024-05-26 16:00:00,411.88
2024-05-26 17:00:00,382.73
2024-05-26 18:00:00,449.2
2024-05-26 19:00:00,426.18
2024-05-26 20:00:00,441.1
2024-05-26 21:00:00,403.17
2024-05-26 22:00:00,402.37
2024-05-26 23:00:00,331.73
2024-05-27 00:00:00,366.41
2024-05-27 01:00:00,334.5
2024-05-27 02:00:00,350.53
2024-05-27 03:00:00,375.2
2024-05-27 04:00:00,367.91
2024-05-27 05:00:00,362.98
2024-05-27 06:00:00,391.23
2024-05-27 07:00:00,413.69
2024-05-27 08:00:00,411.46
2024-05-27 09:00:00,434.47
2024-05-27 10:00:00,420.84
2024-05-27 11:00:00,436.02
2024-05-27 12:00:00,439.48
2024-05-27 13:00:00,449.36
2024-05-27 14:00:00,444.16
2024-05-27 15:00:00,445.5
2024-05-27 16:00:00,398.98
2024-05-27 17:00:00,411.83
2024-05-27 18:00:00,468.09
2024-05-27 19:00:00,464.18
2024-05-27 20:00:00,457.22
2024-05-27 21:00:00,448.1
2024-05-27 22:00:00,490.24
2024-05-27 23:00:00,353.04
2024-05-28 00:00:00,340.29
2024-05-28 01:00:00,335.45
2024-05-28 02:00:00,358.37
2024-05-28 03:00:00,343.5
2024-05-28 04:00:00,376.95
2024-05-28 05:00:00,378.42
2024-05-28 06:00:00,360.88
2024-05-28 07:00:00,400.84
2024-05-28 08:00:00,420.41
2024-05-28 09:00:00,416.81
2024-05-28 10:00:00,431.05
2024-05-28 11:00:00,463.39
2024-05-28 12:00:00,420.51
2024-05-28 13:00:00,445.25
2024-05-28 14:00:00,428.61
2024-05-28 15:00:00,422.59
2024-05-28 16:00:00,398.57
2024-05-28 17:00:00,421.48
2024-05-28 18:00:00,480.23
2024-05-28 19:00:00,465.43
2024-05-28 20:00:00,449.64
2024-05-28 21:00:00,455.3
2024-05-28 22:00:00,438.38
2024-05-28 23:00:00,341.61
2024-05-29 00:00:00,331.87
2024-05-29 01:00:00,350.16
2024-05-29 02:00:00,371.29
2024-05-29 03:00:00,352.92
2024-05-29 04:00:00,356.22
2024-05-29 05:00:00,374.36
2024-05-29 06:00:00,399.33
2024-05-29 07:00:00,414.53
2024-05-29 08:00:00,415.14
2024-05-29 09:00:00,434.04
2024-05-29 10:00:00,441.16
2024-05-29 11:00:00,424.16
2024-05-29 12:00:00,434.95
2024-05-29 13:00:00,415.74
2024-05-29 14:00:00,462.44
2024-05-29 15:00:00,420.99
2024-05-29 16:00:00,416.45
2024-05-29 17:00:00,403.5
2024-05-29 18:00:00,489.27
2024-05-29 19:00:00,496.24
2024-05-29 20:00:00,472.75
2024-05-29 21:00:00,453.58
2024-05-29 22:00:00,458.7
2024-05-29 23:00:00,340.5
2024-05-30 00:00:00,321.84
2024-05-30 01:00:00,312.51
2024-05-30 02:00:00,351.75
2024-05-30 03:00:00,346.67
2024-05-30 04:00:00,375.92
2024-05-30 05:00:00,380.36
2024-05-30 06:00:00,368.47
2024-05-30 07:00:00,416.62
2024-05-30 08:00:00,393.41
2024-05-30 09:00:00,433.98
2024-05-30 10:00:00,452.52
2024-05-30 11:00:00,421.57
2024-05-30 12:00:00,449.02
2024-05-30 13:00:00,445.87
2024-05-30 14:00:00,441.19
2024-05-30 15:00:00,415.17
2024-05-30 16:00:00,432.26
2024-05-30 17:00:00,386.05
2024-05-30 18:00:00,494.36
2024-05-30 19:00:00,481.39
2024-05-30 20:00:00,484.6
2024-05-30 21:00:00,446.34
2024-05-30 22:00:00,447.64
2024-05-30 23:00:00,364.21
2024-05-31 00:00:00,326.64
2024-05-31 01:00:00,327.36
2024-05-31 02:00:00,371.1
2024-05-31 03:00:00,335.64
2024-05-31 04:00:00,367.31
2024-05-31 05:00:00,385.53
2024-05-31 06:00:00,394.61
2024-05-31 07:00:00,398.19
2024-05-31 08:00:00,435.24
2024-05-31 09:00:00,419.99
2024-05-31 10:00:00,441.18
2024-05-31 11:00:00,447.82
2024-05-31 12:00:00,460.58
2024-05-31 13:00:00,439.05
2024-05-31 14:00:00,434.76
2024-05-31 15:00:00,451.82
2024-05-31 16:00:00,422.98
2024-05-31 17:00:00,419.89
2024-05-31 18:00:00,477.52
2024-05-31 19:00:00,475.91
2024-05-31 20:00:00,494.41
2024-05-31 21:00:00,481.59
2024-05-31 22:00:00,447.0
2024-05-31 23:00:00,309.97
2024-06-01 00:00:00,288.15
2024-06-01 01:00:00,261.92
2024-06-01 02:00:00,307.13
2024-06-01 03:00:00,265.44
2024-06-01 04:00:00,300.42
2024-06-01 05:00:00,325.35
2024-06-01 06:00:00,330.97
2024-06-01 07:00:00,351.58
2024-06-01 08:00:00,352.78
2024-06-01 09:00:00,375.34
2024-06-01 10:00:00,375.27
2024-06-01 11:00:00,378.19
2024-06-01 12:00:00,397.29
2024-06-01 13:00:00,366.93
2024-06-01 14:00:00,380.77
2024-06-01 15:00:00,358.7
2024-06-01 16:00:00,358.38
2024-06-01 17:00:00,349.42
2024-06-01 18:00:00,427.31
2024-06-01 19:00:00,424.95
2024-06-01 20:00:00,409.84
2024-06-01 21:00:00,383.73
2024-06-01 22:00:00,407.17
2024-06-01 23:00:00,261.25
2024-06-02 00:00:00,284.51
2024-06-02 01:00:00,269.21
2024-06-02 02:00:00,286.18
2024-06-02 03:00:00,303.68
2024-06-02 04:00:00,306.48
2024-06-02 05:00:00,318.76
2024-06-02 06:00:00,311.64
2024-06-02 07:00:00,336.79
2024-06-02 08:00:00,354.36
2024-06-02 09:00:00,353.16
2024-06-02 10:00:00,369.61
2024-06-02 11:00:00,364.59
2024-06-02 12:00:00,388.75
2024-06-02 13:00:00,374.96
2024-06-02 14:00:00,380.54
2024-06-02 15:00:00,377.65
2024-06-02 16:00:00,329.97
2024-06-02 17:00:00,338.93
2024-06-02 18:00:00,412.45
2024-06-02 19:00:00,412.83
2024-06-02 20:00:00,403.85
2024-06-02 21:00:00,392.08
2024-06-02 22:00:00,362.01
2024-06-02 23:00:00,275.83
2024-06-03 00:00:00,326.74
2024-06-03 01:00:00,314.78
2024-06-03 02:00:00,308.56
2024-06-03 03:00:00,318.2
2024-06-03 04:00:00,314.09
2024-06-03 05:00:00,353.73
2024-06-03 06:00:00,352.21
2024-06-03 07:00:00,365.35
2024-06-03 08:00:00,356.5
2024-06-03 09:00:00,417.64
2024-06-03 10:00:00,387.85
2024-06-03 11:00:00,421.06
2024-06-03 12:00:00,420.07
2024-06-03 13:00:00,410.49
2024-06-03 14:00:00,410.0
2024-06-03 15:00:00,405.67
2024-06-03 16:00:00,369.94
2024-06-03 17:00:00,339.36
2024-06-03 18:00:00,462.61
2024-06-03 19:00:00,450.62
2024-06-03 20:00:00,443.41
2024-06-03 21:00:00,453.15
2024-06-03 22:00:00,428.06
2024-06-03 23:00:00,300.64
2024-06-04 00:00:00,308.14
2024-06-04 01:00:00,310.94
2024-06-04 02:00:00,332.65
2024-06-04 03:00:00,328.46
2024-06-04 04:00:00,327.55
2024-06-04 05:00:00,338.6
2024-06-04 06:00:00,336.64
2024-06-04 07:00:00,358.19
2024-06-04 08:00:00,371.68
2024-06-04 09:00:00,404.73
2024-06-04 10:00:00,391.23
2024-06-04 11:00:00,415.36
2024-06-04 12:00:00,411.37
2024-06-04 13:00:00,412.61
2024-06-04 14:00:00,409.83
2024-06-04 15:00:00,391.23
2024-06-04 16:00:00,365.35
2024-06-04 17:00:00,346.35
2024-06-04 18:00:00,470.42
2024-06-04 19:00:00,467.11
2024-06-04 20:00:00,413.68
2024-06-04 21:00:00,419.86
2024-06-04 22:00:00,430.69
2024-06-04 23:00:00,311.79
2024-06-05 00:00:00,323.05
2024-06-05 01:00:00,304.48
2024-06-05 02:00:00,296.59
2024-06-05 03:00:00,331.12
2024-06-05 04:00:00,338.31
2024-06-05 05:00:00,319.99
2024-06-05 06:00:00,391.67
2024-06-05 07:00:00,346.2
2024-06-05 08:00:00,398.25
2024-06-05 09:00:00,392.17
2024-06-05 10:00:00,398.46
2024-06-05 11:00:00,396.98
2024-06-05 12:00:00,400.78
2024-06-05 13:00:00,401.85
2024-06-05 14:00:00,400.04
2024-06-05 15:00:00,387.23
2024-06-05 16:00:00,374.15
2024-06-05 17:00:00,404.82
2024-06-05 18:00:00,464.07
2024-06-05 19:00:00,469.37
2024-06-05 20:00:00,439.09
2024-06-05 21:00:00,421.73
2024-06-05 22:00:00,410.21
2024-06-05 23:00:00,315.69
2024-06-06 00:00:00,313.02
2024-06-06 01:00:00,343.82
2024-06-06 02:00:00,316.17
2024-06-06 03:00:00,299.37
2024-06-06 04:00:00,336.81
2024-06-06 05:00:00,359.95
2024-06-06 06:00:00,365.6
2024-06-06 07:00:00,370.38
2024-06-06 08:00:00,416.49
2024-06-06 09:00:00,373.48
2024-06-06 10:00:00,417.67
2024-06-06 11:00:00,418.5
2024-06-06 12:00:00,444.41
2024-06-06 13:00:00,436.09
2024-06-06 14:00:00,410.34
2024-06-06 15:00:00,407.26
2024-06-06 16:00:00,405.28
2024-06-06 17:00:00,364.97
2024-06-06 18:00:00,483.33
2024-06-06 19:00:00,444.9
2024-06-06 20:00:00,446.37
2024-06-06 21:00:00,428.76
2024-06-06 22:00:00,396.67
2024-06-06 23:00:00,283.01
2024-06-07 00:00:00,311.08
2024-06-07 01:00:00,309.79
2024-06-07 02:00:00,340.74
2024-06-07 03:00:00,323.83
2024-06-07 04:00:00,307.36
2024-06-07 05:00:00,350.91
2024-06-07 06:00:00,366.21
2024-06-07 07:00:00,372.58
2024-06-07 08:00:00,399.4
2024-06-07 09:00:00,399.78
2024-06-07 10:00:00,388.53
2024-06-07 11:00:00,407.21
2024-06-07 12:00:00,424.24
2024-06-07 13:00:00,438.9
2024-06-07 14:00:00,398.45
2024-06-07 15:00:00,378.37
2024-06-07 16:00:00,389.34
2024-06-07 17:00:00,400.52
2024-06-07 18:00:00,481.73
2024-06-07 19:00:00,420.86
2024-06-07 20:00:00,431.54
2024-06-07 21:00:00,397.3
2024-06-07 22:00:00,435.87
2024-06-07 23:00:00,321.7
2024-06-08 00:00:00,285.24
2024-06-08 01:00:00,306.48
2024-06-08 02:00:00,282.41
2024-06-08 03:00:00,296.86
2024-06-08 04:00:00,309.67
2024-06-08 05:00:00,336.7
2024-06-08 06:00:00,364.7
2024-06-08 07:00:00,352.01
2024-06-08 08:00:00,318.41
2024-06-08 09:00:00,369.38
2024-06-08 10:00:00,354.02
2024-06-08 11:00:00,352.03
2024-06-08 12:00:00,395.76
2024-06-08 13:00:00,385.06
2024-06-08 14:00:00,370.57
2024-06-08 15:00:00,371.84
2024-06-08 16:00:00,376.1
2024-06-08 17:00:00,344.16
2024-06-08 18:00:00,443.38
2024-06-08 19:00:00,413.46
2024-06-08 20:00:00,398.34
2024-06-08 21:00:00,389.62
2024-06-08 22:00:00,395.85
2024-06-08 23:00:00,294.27
2024-06-09 00:00:00,277.98
2024-06-09 01:00:00,305.37
2024-06-09 02:00:00,303.52
2024-06-09 03:00:00,310.32
2024-06-09 04:00:00,315.23
2024-06-09 05:00:00,330.65
2024-06-09 06:00:00,314.94
2024-06-09 07:00:00,322.15
2024-06-09 08:00:00,383.38
2024-06-09 09:00:00,382.2
2024-06-09 10:00:00,393.62
2024-06-09 11:00:00,355.07
2024-06-09 12:00:00,365.47
2024-06-09 13:00:00,387.48
2024-06-09 14:00:00,375.93
2024-06-09 15:00:00,374.39
2024-06-09 16:00:00,350.38
2024-06-09 17:00:00,335.1
2024-06-09 18:00:00,440.21
2024-06-09 19:00:00,407.3
2024-06-09 20:00:00,408.89
2024-06-09 21:00:00,396.97
2024-06-09 22:00:00,388.2
2024-06-09 23:00:00,267.12
2024-06-10 00:00:00,304.18
2024-06-10 01:00:00,301.8
2024-06-10 02:00:00,309.03
2024-06-10 03:00:00,343.54
2024-06-10 04:00:00,310.09
2024-06-10 05:00:00,361.03
2024-06-10 06:00:00,357.42
2024-06-10 07:00:00,374.42
2024-06-10 08:00:00,403.11
2024-06-10 09:00:00,420.5
2024-06-10 10:00:00,429.32
2024-06-10 11:00:00,437.03
2024-06-10 12:00:00,398.86
2024-06-10 13:00:00,392.42
2024-06-10 14:00:00,383.52
2024-06-10 15:00:00,366.93
2024-06-10 16:00:00,397.05
2024-06-10 17:00:00,373.74
2024-06-10 18:00:00,468.87
2024-06-10 19:00:00,450.47
2024-06-10 20:00:00,415.74
2024-06-10 21:00:00,427.29
2024-06-10 22:00:00,420.72
2024-06-10 23:00:00,282.04
2024-06-11 00:00:00,304.01
2024-06-11 01:00:00,301.67
2024-06-11 02:00:00,334.92
2024-06-11 03:00:00,326.77
2024-06-11 04:00:00,313.53
2024-06-11 05:00:00,356.92
2024-06-11 06:00:00,337.11
2024-06-11 07:00:00,368.03
2024-06-11 08:00:00,380.07
2024-06-11 09:00:00,397.55
2024-06-11 10:00:00,416.66
2024-06-11 11:00:00,391.05
2024-06-11 12:00:00,441.37
2024-06-11 13:00:00,407.76
2024-06-11 14:00:00,435.97
2024-06-11 15:00:00,400.24
2024-06-11 16:00:00,353.61
2024-06-11 17:00:00,357.74
2024-06-11 18:00:00,470.51
2024-06-11 19:00:00,479.3
2024-06-11 20:00:00,393.09
2024-06-11 21:00:00,436.72
2024-06-11 22:00:00,444.57
2024-06-11 23:00:00,290.54
2024-06-12 00:00:00,291.74
2024-06-12 01:00:00,305.8
2024-06-12 02:00:00,348.7
2024-06-12 03:00:00,317.45
2024-06-12 04:00:00,354.49
2024-06-12 05:00:00,347.75
2024-06-12 06:00:00,358.95
2024-06-12 07:00:00,380.7
2024-06-12 08:00:00,386.99
2024-06-12 09:00:00,394.55
2024-06-12 10:00:00,419.24
2024-06-12 11:00:00,417.39
2024-06-12 12:00:00,420.29
2024-06-12 13:00:00,411.38
2024-06-12 14:00:00,404.97
2024-06-12 15:00:00,393.27
2024-06-12 16:00:00,365.02
2024-06-12 17:00:00,382.4
2024-06-12 18:00:00,469.34
2024-06-12 19:00:00,437.26
2024-06-12 20:00:00,434.81
2024-06-12 21:00:00,427.7
2024-06-12 22:00:00,422.39
2024-06-12 23:00:00,303.7
2024-06-13 00:00:00,322.67
2024-06-13 01:00:00,302.2
2024-06-13 02:00:00,280.77
2024-06-13 03:00:00,354.02
2024-06-13 04:00:00,350.45
2024-06-13 05:00:00,361.19
2024-06-13 06:00:00,368.41
2024-06-13 07:00:00,354.44
2024-06-13 08:00:00,397.32
2024-06-13 09:00:00,408.96
2024-06-13 10:00:00,381.42
2024-06-13 11:00:00,423.0
2024-06-13 12:00:00,408.55
2024-06-13 13:00:00,404.76
2024-06-13 14:00:00,384.32
2024-06-13 15:00:00,382.63
2024-06-13 16:00:00,373.47
2024-06-13 17:00:00,408.87
2024-06-13 18:00:00,464.4
2024-06-13 19:00:00,454.46
2024-06-13 20:00:00,441.59
2024-06-13 21:00:00,438.71
2024-06-13 22:00:00,444.65
2024-06-13 23:00:00,320.94
2024-06-14 00:00:00,313.33
2024-06-14 01:00:00,311.24
2024-06-14 02:00:00,306.57
2024-06-14 03:00:00,334.65
2024-06-14 04:00:00,330.98
2024-06-14 05:00:00,340.62
2024-06-14 06:00:00,374.99
2024-06-14 07:00:00,349.73
2024-06-14 08:00:00,388.37
2024-06-14 09:00:00,386.03
2024-06-14 10:00:00,411.9
2024-06-14 11:00:00,414.42
2024-06-14 12:00:00,403.65
2024-06-14 13:00:00,396.07
2024-06-14 14:00:00,394.94
2024-06-14 15:00:00,413.62
2024-06-14 16:00:00,381.95
2024-06-14 17:00:00,373.73
2024-06-14 18:00:00,465.05
2024-06-14 19:00:00,428.67
2024-06-14 20:00:00,430.43
2024-06-14 21:00:00,420.53
2024-06-14 22:00:00,422.56
2024-06-14 23:00:00,304.37
2024-06-15 00:00:00,261.5
2024-06-15 01:00:00,291.26
2024-06-15 02:00:00,297.44
2024-06-15 03:00:00,288.93
2024-06-15 04:00:00,288.93
2024-06-15 05:00:00,311.55
2024-06-15 06:00:00,346.26
2024-06-15 07:00:00,336.98
2024-06-15 08:00:00,342.32
2024-06-15 09:00:00,382.27
2024-06-15 10:00:00,350.47
2024-06-15 11:00:00,382.39
2024-06-15 12:00:00,379.51
2024-06-15 13:00:00,376.64
2024-06-15 14:00:00,370.42
2024-06-15 15:00:00,360.47
2024-06-15 16:00:00,332.85
2024-06-15 17:00:00,324.59
2024-06-15 18:00:00,442.35
2024-06-15 19:00:00,423.64
2024-06-15 20:00:00,406.56
2024-06-15 21:00:00,406.53
2024-06-15 22:00:00,396.43
2024-06-15 23:00:00,307.71
2024-06-16 00:00:00,310.91
2024-06-16 01:00:00,278.75
2024-06-16 02:00:00,278.57
2024-06-16 03:00:00,284.79
2024-06-16 04:00:00,289.59
2024-06-16 05:00:00,332.02
2024-06-16 06:00:00,340.17
2024-06-16 07:00:00,345.26
2024-06-16 08:00:00,345.4
2024-06-16 09:00:00,373.97
2024-06-16 10:00:00,368.51
2024-06-16 11:00:00,367.97
2024-06-16 12:00:00,371.37
2024-06-16 13:00:00,375.24
2024-06-16 14:00:00,395.82
2024-06-16 15:00:00,351.15
2024-06-16 16:00:00,388.45
2024-06-16 17:00:00,338.83
2024-06-16 18:00:00,440.92
2024-06-16 19:00:00,408.02
2024-06-16 20:00:00,414.17
2024-06-16 21:00:00,393.23
2024-06-16 22:00:00,369.9
2024-06-16 23:00:00,272.43
2024-06-17 00:00:00,316.88
2024-06-17 01:00:00,314.88
2024-06-17 02:00:00,282.36
2024-06-17 03:00:00,298.04
2024-06-17 04:00:00,359.84
2024-06-17 05:00:00,334.89
2024-06-17 06:00:00,391.9
2024-06-17 07:00:00,399.23
2024-06-17 08:00:00,393.1
2024-06-17 09:00:00,378.77
2024-06-17 10:00:00,402.89
2024-06-17 11:00:00,400.0
2024-06-17 12:00:00,422.8
2024-06-17 13:00:00,409.71
2024-06-17 14:00:00,403.02
2024-06-17 15:00:00,418.64
2024-06-17 16:00:00,405.4
2024-06-17 17:00:00,367.24
2024-06-17 18:00:00,474.4
2024-06-17 19:00:00,415.0
2024-06-17 20:00:00,417.46
2024-06-17 21:00:00,456.65
2024-06-17 22:00:00,407.08
2024-06-17 23:00:00,307.11
2024-06-18 00:00:00,306.88
2024-06-18 01:00:00,312.1
2024-06-18 02:00:00,323.38
2024-06-18 03:00:00,313.59
2024-06-18 04:00:00,330.79
2024-06-18 05:00:00,347.51
2024-06-18 06:00:00,351.8
2024-06-18 07:00:00,376.85
2024-06-18 08:00:00,364.43
2024-06-18 09:00:00,408.12
2024-06-18 10:00:00,393.4
2024-06-18 11:00:00,404.55
2024-06-18 12:00:00,413.32
2024-06-18 13:00:00,383.32
2024-06-18 14:00:00,384.65
2024-06-18 15:00:00,423.35
2024-06-18 16:00:00,368.18
2024-06-18 17:00:00,374.43
2024-06-18 18:00:00,435.77
2024-06-18 19:00:00,428.75
2024-06-18 20:00:00,434.42
2024-06-18 21:00:00,456.52
2024-06-18 22:00:00,431.49
2024-06-18 23:00:00,280.92
2024-06-19 00:00:00,312.21
2024-06-19 01:00:00,330.61
2024-06-19 02:00:00,330.95
2024-06-19 03:00:00,324.92
2024-06-19 04:00:00,327.28
2024-06-19 05:00:00,312.45
2024-06-19 06:00:00,349.0
2024-06-19 07:00:00,366.87
2024-06-19 08:00:00,388.32
2024-06-19 09:00:00,403.88
2024-06-19 10:00:00,374.66
2024-06-19 11:00:00,419.27
2024-06-19 12:00:00,415.76
2024-06-19 13:00:00,387.94
2024-06-19 14:00:00,403.98
2024-06-19 15:00:00,416.23
2024-06-19 16:00:00,396.24
2024-06-19 17:00:00,391.09
2024-06-19 18:00:00,462.6
2024-06-19 19:00:00,427.78
2024-06-19 20:00:00,431.86
2024-06-19 21:00:00,434.87
2024-06-19 22:00:00,403.12
2024-06-19 23:00:00,324.45
2024-06-20 00:00:00,311.4
2024-06-20 01:00:00,312.87
2024-06-20 02:00:00,293.61
2024-06-20 03:00:00,323.88
2024-06-20 04:00:00,314.38
2024-06-20 05:00:00,360.63
2024-06-20 06:00:00,342.11
2024-06-20 07:00:00,375.49
2024-06-20 08:00:00,373.76
2024-06-20 09:00:00,408.3
2024-06-20 10:00:00,413.31
2024-06-20 11:00:00,402.55
2024-06-20 12:00:00,418.55
2024-06-20 13:00:00,385.35
2024-06-20 14:00:00,405.86
2024-06-20 15:00:00,398.36
2024-06-20 16:00:00,382.55
2024-06-20 17:00:00,365.16
2024-06-20 18:00:00,451.76
2024-06-20 19:00:00,461.74
2024-06-20 20:00:00,425.86
2024-06-20 21:00:00,430.0
2024-06-20 22:00:00,429.23
2024-06-20 23:00:00,320.47
2024-06-21 00:00:00,287.89
2024-06-21 01:00:00,338.53
2024-06-21 02:00:00,287.89
2024-06-21 03:00:00,324.61
2024-06-21 04:00:00,345.26
2024-06-21 05:00:00,364.59
2024-06-21 06:00:00,342.53
2024-06-21 07:00:00,373.47
2024-06-21 08:00:00,395.53
2024-06-21 09:00:00,399.14
2024-06-21 10:00:00,399.44
2024-06-21 11:00:00,410.59
2024-06-21 12:00:00,428.8
2024-06-21 13:00:00,408.34
2024-06-21 14:00:00,402.06
2024-06-21 15:00:00,438.07
2024-06-21 16:00:00,373.7
2024-06-21 17:00:00,357.4
2024-06-21 18:00:00,479.47
2024-06-21 19:00:00,463.54
2024-06-21 20:00:00,417.05
2024-06-21 21:00:00,399.64
2024-06-21 22:00:00,411.82
2024-06-21 23:00:00,308.36
2024-06-22 00:00:00,294.8
2024-06-22 01:00:00,308.67
2024-06-22 02:00:00,314.88
2024-06-22 03:00:00,305.75
2024-06-22 04:00:00,318.31
2024-06-22 05:00:00,320.26
2024-06-22 06:00:00,341.19
2024-06-22 07:00:00,325.46
2024-06-22 08:00:00,347.75
2024-06-22 09:00:00,350.89
2024-06-22 10:00:00,347.66
2024-06-22 11:00:00,354.69
2024-06-22 12:00:00,382.41
2024-06-22 13:00:00,367.28
2024-06-22 14:00:00,388.5
2024-06-22 15:00:00,388.91
2024-06-22 16:00:00,342.68
2024-06-22 17:00:00,344.84
2024-06-22 18:00:00,424.15
2024-06-22 19:00:00,424.22
2024-06-22 20:00:00,408.72
2024-06-22 21:00:00,408.64
2024-06-22 22:00:00,416.16
2024-06-22 23:00:00,255.36
2024-06-23 00:00:00,289.88
2024-06-23 01:00:00,268.89
2024-06-23 02:00:00,296.87
2024-06-23 03:00:00,280.02
2024-06-23 04:00:00,311.84
2024-06-23 05:00:00,312.47
2024-06-23 06:00:00,323.4
2024-06-23 07:00:00,343.89
2024-06-23 08:00:00,358.44
2024-06-23 09:00:00,370.85
2024-06-23 10:00:00,385.54
2024-06-23 11:00:00,406.72
2024-06-23 12:00:00,365.23
2024-06-23 13:00:00,389.88
2024-06-23 14:00:00,365.12
2024-06-23 15:00:00,371.18
2024-06-23 16:00:00,342.67
2024-06-23 17:00:00,349.79
2024-06-23 18:00:00,416.99
2024-06-23 19:00:00,394.79
2024-06-23 20:00:00,379.57
2024-06-23 21:00:00,390.31
2024-06-23 22:00:00,398.8
2024-06-23 23:00:00,257.28
2024-06-24 00:00:00,308.19
2024-06-24 01:00:00,309.21
2024-06-24 02:00:00,328.92
2024-06-24 03:00:00,317.26
2024-06-24 04:00:00,311.32
2024-06-24 05:00:00,346.96
2024-06-24 06:00:00,385.86
2024-06-24 07:00:00,360.74
2024-06-24 08:00:00,400.46
2024-06-24 09:00:00,403.6
2024-06-24 10:00:00,391.27
2024-06-24 11:00:00,421.63
2024-06-24 12:00:00,423.64
2024-06-24 13:00:00,411.21
2024-06-24 14:00:00,386.72
2024-06-24 15:00:00,376.39
2024-06-24 16:00:00,401.0
2024-06-24 17:00:00,405.34
2024-06-24 18:00:00,457.68
2024-06-24 19:00:00,483.62
2024-06-24 20:00:00,448.36
2024-06-24 21:00:00,414.18
2024-06-24 22:00:00,416.32
2024-06-24 23:00:00,283.54
2024-06-25 00:00:00,308.54
2024-06-25 01:00:00,323.17
2024-06-25 02:00:00,296.89
2024-06-25 03:00:00,332.66
2024-06-25 04:00:00,344.78
2024-06-25 05:00:00,389.38
2024-06-25 06:00:00,359.9
2024-06-25 07:00:00,363.17
2024-06-25 08:00:00,383.71
2024-06-25 09:00:00,400.82
2024-06-25 10:00:00,406.96
2024-06-25 11:00:00,414.95
2024-06-25 12:00:00,402.39
2024-06-25 13:00:00,411.66
2024-06-25 14:00:00,388.49
2024-06-25 15:00:00,392.85
2024-06-25 16:00:00,393.31
2024-06-25 17:00:00,358.07
2024-06-25 18:00:00,445.96
2024-06-25 19:00:00,439.21
2024-06-25 20:00:00,420.89
2024-06-25 21:00:00,429.58
2024-06-25 22:00:00,394.11
2024-06-25 23:00:00,289.11
2024-06-26 00:00:00,314.58
2024-06-26 01:00:00,304.85
2024-06-26 02:00:00,298.4
2024-06-26 03:00:00,313.34
2024-06-26 04:00:00,346.52
2024-06-26 05:00:00,359.33
2024-06-26 06:00:00,359.35
2024-06-26 07:00:00,372.17
2024-06-26 08:00:00,374.88
2024-06-26 09:00:00,392.51
2024-06-26 10:00:00,402.95
2024-06-26 11:00:00,410.05
2024-06-26 12:00:00,433.55
2024-06-26 13:00:00,420.13
2024-06-26 14:00:00,413.96
2024-06-26 15:00:00,394.93
2024-06-26 16:00:00,399.31
2024-06-26 17:00:00,364.66
2024-06-26 18:00:00,466.46
2024-06-26 19:00:00,456.2
2024-06-26 20:00:00,426.56
2024-06-26 21:00:00,443.82
2024-06-26 22:00:00,429.04
2024-06-26 23:00:00,287.06
2024-06-27 00:00:00,317.7
2024-06-27 01:00:00,301.73
2024-06-27 02:00:00,292.28
2024-06-27 03:00:00,292.07
2024-06-27 04:00:00,360.66
2024-06-27 05:00:00,328.96
2024-06-27 06:00:00,355.32
2024-06-27 07:00:00,369.9
2024-06-27 08:00:00,386.7
2024-06-27 09:00:00,400.0
2024-06-27 10:00:00,419.33
2024-06-27 11:00:00,413.34
2024-06-27 12:00:00,418.36
2024-06-27 13:00:00,412.83
2024-06-27 14:00:00,416.89
2024-06-27 15:00:00,398.93
2024-06-27 16:00:00,398.82
2024-06-27 17:00:00,352.6
2024-06-27 18:00:00,468.65
2024-06-27 19:00:00,424.26
2024-06-27 20:00:00,433.58
2024-06-27 21:00:00,420.59
2024-06-27 22:00:00,398.39
2024-06-27 23:00:00,318.96
2024-06-28 00:00:00,281.18
2024-06-28 01:00:00,314.48
2024-06-28 02:00:00,303.5
2024-06-28 03:00:00,301.23
2024-06-28 04:00:00,323.85
2024-06-28 05:00:00,360.77
2024-06-28 06:00:00,365.72
2024-06-28 07:00:00,352.64
2024-06-28 08:00:00,367.37
2024-06-28 09:00:00,392.6
2024-06-28 10:00:00,425.05
2024-06-28 11:00:00,397.26
2024-06-28 12:00:00,429.59
2024-06-28 13:00:00,395.41
2024-06-28 14:00:00,374.99
2024-06-28 15:00:00,414.95
2024-06-28 16:00:00,375.67
2024-06-28 17:00:00,356.41
2024-06-28 18:00:00,468.41
2024-06-28 19:00:00,456.12
2024-06-28 20:00:00,453.09
2024-06-28 21:00:00,473.15
2024-06-28 22:00:00,409.56
2024-06-28 23:00:00,354.57
2024-06-29 00:00:00,304.5
2024-06-29 01:00:00,290.15
2024-06-29 02:00:00,278.37
2024-06-29 03:00:00,316.52
2024-06-29 04:00:00,316.8
2024-06-29 05:00:00,300.98
2024-06-29 06:00:00,318.85
2024-06-29 07:00:00,341.19
2024-06-29 08:00:00,348.5
2024-06-29 09:00:00,396.79
2024-06-29 10:00:00,343.92
2024-06-29 11:00:00,373.45
2024-06-29 12:00:00,387.13
2024-06-29 13:00:00,393.86
2024-06-29 14:00:00,381.39
2024-06-29 15:00:00,381.01
2024-06-29 16:00:00,382.69
2024-06-29 17:00:00,360.8
2024-06-29 18:00:00,424.23
2024-06-29 19:00:00,402.29
2024-06-29 20:00:00,410.06
2024-06-29 21:00:00,396.72
2024-06-29 22:00:00,392.04
2024-06-29 23:00:00,305.61
2024-06-30 00:00:00,277.29
2024-06-30 01:00:00,315.55
2024-06-30 02:00:00,278.56
2024-06-30 03:00:00,297.27
2024-06-30 04:00:00,314.76
2024-06-30 05:00:00,310.2
2024-06-30 06:00:00,331.33
2024-06-30 07:00:00,360.3
2024-06-30 08:00:00,343.61
2024-06-30 09:00:00,395.97
2024-06-30 10:00:00,398.62
2024-06-30 11:00:00,393.23
2024-06-30 12:00:00,380.0
2024-06-30 13:00:00,388.63
2024-06-30 14:00:00,378.85
2024-06-30 15:00:00,368.81
2024-06-30 16:00:00,360.7
2024-06-30 17:00:00,356.07
2024-06-30 18:00:00,425.11
2024-06-30 19:00:00,400.26
2024-06-30 20:00:00,398.91
2024-06-30 21:00:00,377.71
2024-06-30 22:00:00,384.9
2024-06-30 23:00:00,280.02
2024-07-01 00:00:00,306.65
2024-07-01 01:00:00,283.98
2024-07-01 02:00:00,307.14
2024-07-01 03:00:00,302.75
2024-07-01 04:00:00,322.88
2024-07-01 05:00:00,347.63
2024-07-01 06:00:00,361.93
2024-07-01 07:00:00,344.8
2024-07-01 08:00:00,373.37
2024-07-01 09:00:00,374.7
2024-07-01 10:00:00,396.06
2024-07-01 11:00:00,421.85
2024-07-01 12:00:00,389.43
2024-07-01 13:00:00,390.46
2024-07-01 14:00:00,386.64
2024-07-01 15:00:00,385.41
2024-07-01 16:00:00,377.37
2024-07-01 17:00:00,333.73
2024-07-01 18:00:00,462.21
2024-07-01 19:00:00,392.21
2024-07-01 20:00:00,417.93
2024-07-01 21:00:00,421.59
2024-07-01 22:00:00,394.47
2024-07-01 23:00:00,328.9
2024-07-02 00:00:00,274.52
2024-07-02 01:00:00,317.8
2024-07-02 02:00:00,297.28
2024-07-02 03:00:00,303.05
2024-07-02 04:00:00,331.15
2024-07-02 05:00:00,349.2
2024-07-02 06:00:00,348.92
2024-07-02 07:00:00,384.67
2024-07-02 08:00:00,375.91
2024-07-02 09:00:00,353.31
2024-07-02 10:00:00,382.99
2024-07-02 11:00:00,381.04
2024-07-02 12:00:00,416.5
2024-07-02 13:00:00,416.67
2024-07-02 14:00:00,378.6
2024-07-02 15:00:00,371.78
2024-07-02 16:00:00,376.95
2024-07-02 17:00:00,373.07
2024-07-02 18:00:00,425.56
2024-07-02 19:00:00,425.87
2024-07-02 20:00:00,423.84
2024-07-02 21:00:00,432.0
2024-07-02 22:00:00,419.2
2024-07-02 23:00:00,308.5
2024-07-03 00:00:00,309.47
2024-07-03 01:00:00,281.94
2024-07-03 02:00:00,331.15
2024-07-03 03:00:00,304.7
2024-07-03 04:00:00,326.51
2024-07-03 05:00:00,338.67
2024-07-03 06:00:00,359.69
2024-07-03 07:00:00,377.1
2024-07-03 08:00:00,387.5
2024-07-03 09:00:00,372.5
2024-07-03 10:00:00,381.57
2024-07-03 11:00:00,403.8
2024-07-03 12:00:00,415.92
2024-07-03 13:00:00,429.98
2024-07-03 14:00:00,410.31
2024-07-03 15:00:00,401.44
2024-07-03 16:00:00,355.18
2024-07-03 17:00:00,370.0
2024-07-03 18:00:00,442.89
2024-07-03 19:00:00,428.9
2024-07-03 20:00:00,451.21
2024-07-03 21:00:00,432.1
2024-07-03 22:00:00,386.4
2024-07-03 23:00:00,285.92
2024-07-04 00:00:00,302.81
2024-07-04 01:00:00,289.78
2024-07-04 02:00:00,324.99
2024-07-04 03:00:00,271.31
2024-07-04 04:00:00,330.5
2024-07-04 05:00:00,304.66
2024-07-04 06:00:00,363.07
2024-07-04 07:00:00,376.86
2024-07-04 08:00:00,376.51
2024-07-04 09:00:00,391.9
2024-07-04 10:00:00,380.71
2024-07-04 11:00:00,406.17
2024-07-04 12:00:00,398.52
2024-07-04 13:00:00,378.23
2024-07-04 14:00:00,390.76
2024-07-04 15:00:00,375.65
2024-07-04 16:00:00,374.27
2024-07-04 17:00:00,363.5
2024-07-04 18:00:00,430.37
2024-07-04 19:00:00,437.8
2024-07-04 20:00:00,437.26
2024-07-04 21:00:00,420.29
2024-07-04 22:00:00,400.5
2024-07-04 23:00:00,293.22
2024-07-05 00:00:00,281.06
2024-07-05 01:00:00,296.29
2024-07-05 02:00:00,292.99
2024-07-05 03:00:00,295.07
2024-07-05 04:00:00,352.77
2024-07-05 05:00:00,332.71
2024-07-05 06:00:00,327.33
2024-07-05 07:00:00,388.84
2024-07-05 08:00:00,380.84
2024-07-05 09:00:00,348.23
2024-07-05 10:00:00,413.86
2024-07-05 11:00:00,379.51
2024-07-05 12:00:00,394.44
2024-07-05 13:00:00,405.48
2024-07-05 14:00:00,376.46
2024-07-05 15:00:00,422.24
2024-07-05 16:00:00,362.2
2024-07-05 17:00:00,368.89
2024-07-05 18:00:00,457.92
2024-07-05 19:00:00,430.81
2024-07-05 20:00:00,411.22
2024-07-05 21:00:00,405.05
2024-07-05 22:00:00,420.53
2024-07-05 23:00:00,284.15
2024-07-06 00:00:00,273.01
2024-07-06 01:00:00,254.72
2024-07-06 02:00:00,271.85
2024-07-06 03:00:00,289.21
2024-07-06 04:00:00,275.64
2024-07-06 05:00:00,306.37
2024-07-06 06:00:00,328.07
2024-07-06 07:00:00,360.29
2024-07-06 08:00:00,328.57
2024-07-06 09:00:00,364.44
2024-07-06 10:00:00,372.3
2024-07-06 11:00:00,363.66
2024-07-06 12:00:00,394.78
2024-07-06 13:00:00,382.68
2024-07-06 14:00:00,386.26
2024-07-06 15:00:00,349.17
2024-07-06 16:00:00,343.1
2024-07-06 17:00:00,296.54
2024-07-06 18:00:00,417.13
2024-07-06 19:00:00,403.48
2024-07-06 20:00:00,395.16
2024-07-06 21:00:00,378.15
2024-07-06 22:00:00,373.54
2024-07-06 23:00:00,269.71
2024-07-07 00:00:00,277.34
2024-07-07 01:00:00,273.72
2024-07-07 02:00:00,266.83
2024-07-07 03:00:00,277.25
2024-07-07 04:00:00,282.64
2024-07-07 05:00:00,315.19
2024-07-07 06:00:00,314.08
2024-07-07 07:00:00,353.57
2024-07-07 08:00:00,345.34
2024-07-07 09:00:00,351.37
2024-07-07 10:00:00,370.09
2024-07-07 11:00:00,371.54
2024-07-07 12:00:00,378.83
2024-07-07 13:00:00,361.05
2024-07-07 14:00:00,348.17
2024-07-07 15:00:00,367.51
2024-07-07 16:00:00,336.87
2024-07-07 17:00:00,335.1
2024-07-07 18:00:00,396.74
2024-07-07 19:00:00,387.73
2024-07-07 20:00:00,388.57
2024-07-07 21:00:00,362.7
2024-07-07 22:00:00,369.8
2024-07-07 23:00:00,238.9
2024-07-08 00:00:00,295.18
2024-07-08 01:00:00,297.96
2024-07-08 02:00:00,287.55
2024-07-08 03:00:00,324.93
2024-07-08 04:00:00,318.67
2024-07-08 05:00:00,290.36
2024-07-08 06:00:00,348.91
2024-07-08 07:00:00,353.86
2024-07-08 08:00:00,389.05
2024-07-08 09:00:00,383.07
2024-07-08 10:00:00,413.71
2024-07-08 11:00:00,373.2
2024-07-08 12:00:00,423.14
2024-07-08 13:00:00,387.65
2024-07-08 14:00:00,419.47
2024-07-08 15:00:00,387.17
2024-07-08 16:00:00,413.8
2024-07-08 17:00:00,382.42
2024-07-08 18:00:00,468.46
2024-07-08 19:00:00,435.05
2024-07-08 20:00:00,433.31
2024-07-08 21:00:00,389.67
2024-07-08 22:00:00,393.48
2024-07-08 23:00:00,298.89
2024-07-09 00:00:00,330.55
2024-07-09 01:00:00,290.36
2024-07-09 02:00:00,320.7
2024-07-09 03:00:00,316.51
2024-07-09 04:00:00,320.3
2024-07-09 05:00:00,331.64
2024-07-09 06:00:00,348.66
2024-07-09 07:00:00,372.04
2024-07-09 08:00:00,363.18
2024-07-09 09:00:00,381.12
2024-07-09 10:00:00,391.14
2024-07-09 11:00:00,397.94
2024-07-09 12:00:00,403.25
2024-07-09 13:00:00,413.49
2024-07-09 14:00:00,382.34
2024-07-09 15:00:00,366.68
2024-07-09 16:00:00,369.38
2024-07-09 17:00:00,340.75
2024-07-09 18:00:00,459.7
2024-07-09 19:00:00,440.61
2024-07-09 20:00:00,419.6
2024-07-09 21:00:00,440.03
2024-07-09 22:00:00,441.98
2024-07-09 23:00:00,320.69
2024-07-10 00:00:00,318.32
2024-07-10 01:00:00,320.91
2024-07-10 02:00:00,292.66
2024-07-10 03:00:00,294.03
2024-07-10 04:00:00,344.72
2024-07-10 05:00:00,355.96
2024-07-10 06:00:00,358.49
2024-07-10 07:00:00,361.87
2024-07-10 08:00:00,349.23
2024-07-10 09:00:00,378.51
2024-07-10 10:00:00,397.44
2024-07-10 11:00:00,385.5
2024-07-10 12:00:00,394.28
2024-07-10 13:00:00,426.47
2024-07-10 14:00:00,383.68
2024-07-10 15:00:00,392.18
2024-07-10 16:00:00,403.31
2024-07-10 17:00:00,384.57
2024-07-10 18:00:00,455.5
2024-07-10 19:00:00,429.49
2024-07-10 20:00:00,421.45
2024-07-10 21:00:00,420.84
2024-07-10 22:00:00,419.63
2024-07-10 23:00:00,309.02
2024-07-11 00:00:00,321.85
2024-07-11 01:00:00,279.05
2024-07-11 02:00:00,302.85
2024-07-11 03:00:00,309.51
2024-07-11 04:00:00,317.11
2024-07-11 05:00:00,311.55
2024-07-11 06:00:00,330.31
2024-07-11 07:00:00,349.05
2024-07-11 08:00:00,378.68
2024-07-11 09:00:00,369.36
2024-07-11 10:00:00,382.98
2024-07-11 11:00:00,417.27
2024-07-11 12:00:00,412.25
2024-07-11 13:00:00,421.15
2024-07-11 14:00:00,394.59
2024-07-11 15:00:00,391.2
2024-07-11 16:00:00,397.48
2024-07-11 17:00:00,342.63
2024-07-11 18:00:00,461.56
2024-07-11 19:00:00,421.13
2024-07-11 20:00:00,453.71
2024-07-11 21:00:00,407.66
2024-07-11 22:00:00,417.8
2024-07-11 23:00:00,333.54
2024-07-12 00:00:00,283.16
2024-07-12 01:00:00,321.21
2024-07-12 02:00:00,318.24
2024-07-12 03:00:00,292.84
2024-07-12 04:00:00,359.31
2024-07-12 05:00:00,318.04
2024-07-12 06:00:00,381.75
2024-07-12 07:00:00,359.96
2024-07-12 08:00:00,381.56
2024-07-12 09:00:00,410.88
2024-07-12 10:00:00,385.58
2024-07-12 11:00:00,403.27
2024-07-12 12:00:00,400.36
2024-07-12 13:00:00,424.91
2024-07-12 14:00:00,415.88
2024-07-12 15:00:00,371.68
2024-07-12 16:00:00,346.74
2024-07-12 17:00:00,373.47
2024-07-12 18:00:00,452.16
2024-07-12 19:00:00,417.89
2024-07-12 20:00:00,405.98
2024-07-12 21:00:00,406.07
2024-07-12 22:00:00,390.37
2024-07-12 23:00:00,315.36
2024-07-13 00:00:00,277.99
2024-07-13 01:00:00,275.56
2024-07-13 02:00:00,326.3
2024-07-13 03:00:00,296.66
2024-07-13 04:00:00,257.47
2024-07-13 05:00:00,301.74
2024-07-13 06:00:00,337.25
2024-07-13 07:00:00,331.98
2024-07-13 08:00:00,348.96
2024-07-13 09:00:00,372.21
2024-07-13 10:00:00,348.35
2024-07-13 11:00:00,370.56
2024-07-13 12:00:00,361.0
2024-07-13 13:00:00,351.21
2024-07-13 14:00:00,346.74
2024-07-13 15:00:00,361.33
2024-07-13 16:00:00,376.51
2024-07-13 17:00:00,332.35
2024-07-13 18:00:00,411.55
2024-07-13 19:00:00,417.17
2024-07-13 20:00:00,386.06
2024-07-13 21:00:00,361.87
2024-07-13 22:00:00,391.99
2024-07-13 23:00:00,265.88
2024-07-14 00:00:00,256.78
2024-07-14 01:00:00,280.22
2024-07-14 02:00:00,283.44
2024-07-14 03:00:00,285.23
2024-07-14 04:00:00,285.36
2024-07-14 05:00:00,324.56
2024-07-14 06:00:00,305.42
2024-07-14 07:00:00,339.41
2024-07-14 08:00:00,314.75
2024-07-14 09:00:00,365.18
2024-07-14 10:00:00,349.24
2024-07-14 11:00:00,373.97
2024-07-14 12:00:00,368.08
2024-07-14 13:00:00,379.74
2024-07-14 14:00:00,357.24
2024-07-14 15:00:00,358.2
2024-07-14 16:00:00,334.77
2024-07-14 17:00:00,322.99
2024-07-14 18:00:00,433.74
2024-07-14 19:00:00,441.71
2024-07-14 20:00:00,384.26
2024-07-14 21:00:00,371.51
2024-07-14 22:00:00,364.93
2024-07-14 23:00:00,291.34
2024-07-15 00:00:00,318.4
2024-07-15 01:00:00,310.49
2024-07-15 02:00:00,328.42
2024-07-15 03:00:00,287.37
2024-07-15 04:00:00,342.22
2024-07-15 05:00:00,341.25
2024-07-15 06:00:00,366.62
2024-07-15 07:00:00,370.04
2024-07-15 08:00:00,372.68
2024-07-15 09:00:00,397.1
2024-07-15 10:00:00,391.01
2024-07-15 11:00:00,403.82
2024-07-15 12:00:00,397.89
2024-07-15 13:00:00,392.64
2024-07-15 14:00:00,384.62
2024-07-15 15:00:00,407.67
2024-07-15 16:00:00,377.72
2024-07-15 17:00:00,370.86
2024-07-15 18:00:00,480.21
2024-07-15 19:00:00,440.69
2024-07-15 20:00:00,411.19
2024-07-15 21:00:00,419.57
2024-07-15 22:00:00,426.03
2024-07-15 23:00:00,311.31
2024-07-16 00:00:00,319.92
2024-07-16 01:00:00,292.89
2024-07-16 02:00:00,336.8
2024-07-16 03:00:00,312.94
2024-07-16 04:00:00,322.84
2024-07-16 05:00:00,344.97
2024-07-16 06:00:00,347.9
2024-07-16 07:00:00,337.15
2024-07-16 08:00:00,372.49
2024-07-16 09:00:00,370.72
2024-07-16 10:00:00,378.97
2024-07-16 11:00:00,403.18
2024-07-16 12:00:00,397.48
2024-07-16 13:00:00,414.2
2024-07-16 14:00:00,412.0
2024-07-16 15:00:00,380.3
2024-07-16 16:00:00,400.81
2024-07-16 17:00:00,353.49
2024-07-16 18:00:00,421.34
2024-07-16 19:00:00,421.82
2024-07-16 20:00:00,395.93
2024-07-16 21:00:00,427.16
2024-07-16 22:00:00,388.43
2024-07-16 23:00:00,303.1
2024-07-17 00:00:00,320.67
2024-07-17 01:00:00,288.63
2024-07-17 02:00:00,317.89
2024-07-17 03:00:00,305.11
2024-07-17 04:00:00,342.19
2024-07-17 05:00:00,335.54
2024-07-17 06:00:00,346.01
2024-07-17 07:00:00,344.62
2024-07-17 08:00:00,380.7
2024-07-17 09:00:00,380.83
2024-07-17 10:00:00,399.21
2024-07-17 11:00:00,398.48
2024-07-17 12:00:00,425.55
2024-07-17 13:00:00,371.75
2024-07-17 14:00:00,420.3
2024-07-17 15:00:00,351.16
2024-07-17 16:00:00,358.32
2024-07-17 17:00:00,365.38
2024-07-17 18:00:00,450.65
2024-07-17 19:00:00,439.65
2024-07-17 20:00:00,419.27
2024-07-17 21:00:00,415.55
2024-07-17 22:00:00,400.87
2024-07-17 23:00:00,297.57
2024-07-18 00:00:00,309.03
2024-07-18 01:00:00,314.66
2024-07-18 02:00:00,313.13
2024-07-18 03:00:00,331.54
2024-07-18 04:00:00,346.31
2024-07-18 05:00:00,345.85
2024-07-18 06:00:00,358.88
2024-07-18 07:00:00,346.93
2024-07-18 08:00:00,377.49
2024-07-18 09:00:00,375.27
2024-07-18 10:00:00,378.98
2024-07-18 11:00:00,370.05
2024-07-18 12:00:00,382.66
2024-07-18 13:00:00,414.77
2024-07-18 14:00:00,392.9
2024-07-18 15:00:00,377.07
2024-07-18 16:00:00,357.62
2024-07-18 17:00:00,358.21
2024-07-18 18:00:00,445.26
2024-07-18 19:00:00,427.29
2024-07-18 20:00:00,417.49
2024-07-18 21:00:00,411.86
2024-07-18 22:00:00,414.06
2024-07-18 23:00:00,299.91
2024-07-19 00:00:00,322.03
2024-07-19 01:00:00,302.87
2024-07-19 02:00:00,287.27
2024-07-19 03:00:00,301.08
2024-07-19 04:00:00,329.99
2024-07-19 05:00:00,339.1
2024-07-19 06:00:00,334.91
2024-07-19 07:00:00,362.97
2024-07-19 08:00:00,358.24
2024-07-19 09:00:00,377.21
2024-07-19 10:00:00,416.08
2024-07-19 11:00:00,404.97
2024-07-19 12:00:00,413.46
2024-07-19 13:00:00,389.06
2024-07-19 14:00:00,390.95
2024-07-19 15:00:00,385.96
2024-07-19 16:00:00,386.74
2024-07-19 17:00:00,364.91
2024-07-19 18:00:00,427.18
2024-07-19 19:00:00,424.66
2024-07-19 20:00:00,427.4
2024-07-19 21:00:00,412.08
2024-07-19 22:00:00,407.27
2024-07-19 23:00:00,305.72
2024-07-20 00:00:00,309.67
2024-07-20 01:00:00,267.74
2024-07-20 02:00:00,263.63
2024-07-20 03:00:00,291.45
2024-07-20 04:00:00,282.95
2024-07-20 05:00:00,300.74
2024-07-20 06:00:00,301.18
2024-07-20 07:00:00,338.13
2024-07-20 08:00:00,348.51
2024-07-20 09:00:00,346.58
2024-07-20 10:00:00,345.3
2024-07-20 11:00:00,360.05
2024-07-20 12:00:00,373.25
2024-07-20 13:00:00,374.22
2024-07-20 14:00:00,379.09
2024-07-20 15:00:00,363.73
2024-07-20 16:00:00,354.54
2024-07-20 17:00:00,350.42
2024-07-20 18:00:00,421.11
2024-07-20 19:00:00,422.82
2024-07-20 20:00:00,378.44
2024-07-20 21:00:00,365.34
2024-07-20 22:00:00,379.99
2024-07-20 23:00:00,263.53
2024-07-21 00:00:00,278.38
2024-07-21 01:00:00,265.51
2024-07-21 02:00:00,285.51
2024-07-21 03:00:00,286.76
2024-07-21 04:00:00,287.37
2024-07-21 05:00:00,293.9
2024-07-21 06:00:00,312.78
2024-07-21 07:00:00,320.66
2024-07-21 08:00:00,353.25
2024-07-21 09:00:00,365.2
2024-07-21 10:00:00,335.8
2024-07-21 11:00:00,363.99
2024-07-21 12:00:00,366.68
2024-07-21 13:00:00,397.39
2024-07-21 14:00:00,376.27
2024-07-21 15:00:00,352.3
2024-07-21 16:00:00,307.67
2024-07-21 17:00:00,313.99
2024-07-21 18:00:00,416.04
2024-07-21 19:00:00,417.71
2024-07-21 20:00:00,442.4
2024-07-21 21:00:00,382.29
2024-07-21 22:00:00,403.11
2024-07-21 23:00:00,275.92
2024-07-22 00:00:00,303.29
2024-07-22 01:00:00,287.84
2024-07-22 02:00:00,292.44
2024-07-22 03:00:00,321.67
2024-07-22 04:00:00,330.47
2024-07-22 05:00:00,331.19
2024-07-22 06:00:00,345.23
2024-07-22 07:00:00,339.23
2024-07-22 08:00:00,374.0
2024-07-22 09:00:00,405.66
2024-07-22 10:00:00,389.23
2024-07-22 11:00:00,427.94
2024-07-22 12:00:00,428.5
2024-07-22 13:00:00,391.88
2024-07-22 14:00:00,410.7
2024-07-22 15:00:00,360.48
2024-07-22 16:00:00,375.63
2024-07-22 17:00:00,346.06
2024-07-22 18:00:00,460.41
2024-07-22 19:00:00,441.35
2024-07-22 20:00:00,420.14
2024-07-22 21:00:00,410.66
2024-07-22 22:00:00,412.28
2024-07-22 23:00:00,303.93
2024-07-23 00:00:00,306.26
2024-07-23 01:00:00,304.83
2024-07-23 02:00:00,279.94
2024-07-23 03:00:00,295.48
2024-07-23 04:00:00,337.81
2024-07-23 05:00:00,320.82
2024-07-23 06:00:00,372.93
2024-07-23 07:00:00,366.43
2024-07-23 08:00:00,374.31
2024-07-23 09:00:00,395.32
2024-07-23 10:00:00,385.65
2024-07-23 11:00:00,374.71
2024-07-23 12:00:00,388.03
2024-07-23 13:00:00,403.25
2024-07-23 14:00:00,425.45
2024-07-23 15:00:00,374.63
2024-07-23 16:00:00,403.62
2024-07-23 17:00:00,336.47
2024-07-23 18:00:00,432.84
2024-07-23 19:00:00,431.91
2024-07-23 20:00:00,432.02
2024-07-23 21:00:00,386.02
2024-07-23 22:00:00,405.11
2024-07-23 23:00:00,319.32
2024-07-24 00:00:00,278.73
2024-07-24 01:00:00,285.03
2024-07-24 02:00:00,306.86
2024-07-24 03:00:00,307.36
2024-07-24 04:00:00,334.17
2024-07-24 05:00:00,366.31
2024-07-24 06:00:00,358.69
2024-07-24 07:00:00,371.87
2024-07-24 08:00:00,381.12
2024-07-24 09:00:00,389.03
2024-07-24 10:00:00,399.88
2024-07-24 11:00:00,403.22
2024-07-24 12:00:00,402.62
2024-07-24 13:00:00,402.63
2024-07-24 14:00:00,426.11
2024-07-24 15:00:00,406.61
2024-07-24 16:00:00,383.01
2024-07-24 17:00:00,350.88
2024-07-24 18:00:00,433.65
2024-07-24 19:00:00,444.48
2024-07-24 20:00:00,393.99
2024-07-24 21:00:00,393.49
2024-07-24 22:00:00,401.81
2024-07-24 23:00:00,297.71
2024-07-25 00:00:00,274.4
2024-07-25 01:00:00,294.21
2024-07-25 02:00:00,303.71
2024-07-25 03:00:00,290.45
2024-07-25 04:00:00,317.0
2024-07-25 05:00:00,331.22
2024-07-25 06:00:00,356.74
2024-07-25 07:00:00,357.43
2024-07-25 08:00:00,376.94
2024-07-25 09:00:00,389.12
2024-07-25 10:00:00,398.13
2024-07-25 11:00:00,377.75
2024-07-25 12:00:00,387.83
2024-07-25 13:00:00,395.73
2024-07-25 14:00:00,362.27
2024-07-25 15:00:00,378.25
2024-07-25 16:00:00,398.26
2024-07-25 17:00:00,357.61
2024-07-25 18:00:00,457.66
2024-07-25 19:00:00,439.09
2024-07-25 20:00:00,438.92
2024-07-25 21:00:00,419.24
2024-07-25 22:00:00,412.94
2024-07-25 23:00:00,316.44
2024-07-26 00:00:00,302.85
2024-07-26 01:00:00,290.27
2024-07-26 02:00:00,312.67
2024-07-26 03:00:00,325.87
2024-07-26 04:00:00,298.41
2024-07-26 05:00:00,350.02
2024-07-26 06:00:00,388.39
2024-07-26 07:00:00,356.21
2024-07-26 08:00:00,367.53
2024-07-26 09:00:00,376.2
2024-07-26 10:00:00,393.27
2024-07-26 11:00:00,382.19
2024-07-26 12:00:00,387.76
2024-07-26 13:00:00,403.41
2024-07-26 14:00:00,390.85
2024-07-26 15:00:00,399.81
2024-07-26 16:00:00,379.41
2024-07-26 17:00:00,373.94
2024-07-26 18:00:00,449.9
2024-07-26 19:00:00,449.36
2024-07-26 20:00:00,414.65
2024-07-26 21:00:00,407.08
2024-07-26 22:00:00,432.56
2024-07-26 23:00:00,298.62
2024-07-27 00:00:00,268.29
2024-07-27 01:00:00,279.81
2024-07-27 02:00:00,283.77
2024-07-27 03:00:00,268.78
2024-07-27 04:00:00,292.72
2024-07-27 05:00:00,322.95
2024-07-27 06:00:00,310.19
2024-07-27 07:00:00,336.45
2024-07-27 08:00:00,332.98
2024-07-27 09:00:00,354.24
2024-07-27 10:00:00,365.76
2024-07-27 11:00:00,385.48
2024-07-27 12:00:00,378.07
2024-07-27 13:00:00,367.06
2024-07-27 14:00:00,353.67
2024-07-27 15:00:00,355.23
2024-07-27 16:00:00,361.14
2024-07-27 17:00:00,337.91
2024-07-27 18:00:00,409.47
2024-07-27 19:00:00,415.39
2024-07-27 20:00:00,407.64
2024-07-27 21:00:00,394.21
2024-07-27 22:00:00,364.28
2024-07-27 23:00:00,290.28
2024-07-28 00:00:00,285.6
2024-07-28 01:00:00,260.42
2024-07-28 02:00:00,249.57
2024-07-28 03:00:00,298.5
2024-07-28 04:00:00,310.39
2024-07-28 05:00:00,309.59
2024-07-28 06:00:00,319.29
2024-07-28 07:00:00,338.61
2024-07-28 08:00:00,335.55
2024-07-28 09:00:00,337.22
2024-07-28 10:00:00,382.96
2024-07-28 11:00:00,331.3
2024-07-28 12:00:00,376.88
2024-07-28 13:00:00,384.9
2024-07-28 14:00:00,380.46
2024-07-28 15:00:00,337.33
2024-07-28 16:00:00,347.33
2024-07-28 17:00:00,325.49
2024-07-28 18:00:00,430.39
2024-07-28 19:00:00,384.41
2024-07-28 20:00:00,419.82
2024-07-28 21:00:00,380.23
2024-07-28 22:00:00,366.33
2024-07-28 23:00:00,288.58
2024-07-29 00:00:00,288.42
2024-07-29 01:00:00,325.69
2024-07-29 02:00:00,310.4
2024-07-29 03:00:00,332.08
2024-07-29 04:00:00,323.08
2024-07-29 05:00:00,320.03
2024-07-29 06:00:00,366.13
2024-07-29 07:00:00,370.21
2024-07-29 08:00:00,368.9
2024-07-29 09:00:00,377.91
2024-07-29 10:00:00,389.51
2024-07-29 11:00:00,393.29
2024-07-29 12:00:00,406.56
2024-07-29 13:00:00,421.85
2024-07-29 14:00:00,383.24
2024-07-29 15:00:00,388.4
2024-07-29 16:00:00,372.3
2024-07-29 17:00:00,350.03
2024-07-29 18:00:00,451.3
2024-07-29 19:00:00,438.24
2024-07-29 20:00:00,434.36
2024-07-29 21:00:00,413.78
2024-07-29 22:00:00,409.84
2024-07-29 23:00:00,310.7
2024-07-30 00:00:00,294.73
2024-07-30 01:00:00,317.34
2024-07-30 02:00:00,313.44
2024-07-30 03:00:00,292.05
2024-07-30 04:00:00,319.21
2024-07-30 05:00:00,337.66
2024-07-30 06:00:00,330.16
2024-07-30 07:00:00,362.19
2024-07-30 08:00:00,369.96
2024-07-30 09:00:00,383.99
2024-07-30 10:00:00,393.81
2024-07-30 11:00:00,436.32
2024-07-30 12:00:00,386.05
2024-07-30 13:00:00,409.67
2024-07-30 14:00:00,409.26
2024-07-30 15:00:00,382.34
2024-07-30 16:00:00,371.95
2024-07-30 17:00:00,369.22
2024-07-30 18:00:00,429.66
2024-07-30 19:00:00,413.84
2024-07-30 20:00:00,440.1
2024-07-30 21:00:00,419.11
2024-07-30 22:00:00,378.85
2024-07-30 23:00:00,305.15
2024-07-31 00:00:00,281.97
2024-07-31 01:00:00,318.93
2024-07-31 02:00:00,322.38
2024-07-31 03:00:00,276.0
2024-07-31 04:00:00,297.72
2024-07-31 05:00:00,364.05
2024-07-31 06:00:00,332.07
2024-07-31 07:00:00,393.76
2024-07-31 08:00:00,362.59
2024-07-31 09:00:00,395.16
2024-07-31 10:00:00,404.6
2024-07-31 11:00:00,409.88
2024-07-31 12:00:00,384.17
2024-07-31 13:00:00,413.24
2024-07-31 14:00:00,411.34
2024-07-31 15:00:00,381.08
2024-07-31 16:00:00,358.8
2024-07-31 17:00:00,358.8
2024-07-31 18:00:00,435.07
2024-07-31 19:00:00,420.19
2024-07-31 20:00:00,433.78
2024-07-31 21:00:00,433.57
2024-07-31 22:00:00,427.8
2024-07-31 23:00:00,274.46
2024-08-01 00:00:00,293.17
2024-08-01 01:00:00,307.09
2024-08-01 02:00:00,309.83
2024-08-01 03:00:00,320.51
2024-08-01 04:00:00,317.86
2024-08-01 05:00:00,330.91
2024-08-01 06:00:00,337.85
2024-08-01 07:00:00,369.96
2024-08-01 08:00:00,396.17
2024-08-01 09:00:00,420.66
2024-08-01 10:00:00,372.28
2024-08-01 11:00:00,404.58
2024-08-01 12:00:00,410.59
2024-08-01 13:00:00,400.18
2024-08-01 14:00:00,389.97
2024-08-01 15:00:00,405.5
2024-08-01 16:00:00,372.31
2024-08-01 17:00:00,342.75
2024-08-01 18:00:00,430.85
2024-08-01 19:00:00,433.81
2024-08-01 20:00:00,433.27
2024-08-01 21:00:00,418.56
2024-08-01 22:00:00,423.25
2024-08-01 23:00:00,305.06
2024-08-02 00:00:00,310.11
2024-08-02 01:00:00,293.7
2024-08-02 02:00:00,296.37
2024-08-02 03:00:00,320.27
2024-08-02 04:00:00,348.17
2024-08-02 05:00:00,335.08
2024-08-02 06:00:00,367.91
2024-08-02 07:00:00,379.0
2024-08-02 08:00:00,358.26
2024-08-02 09:00:00,366.67
2024-08-02 10:00:00,430.11
2024-08-02 11:00:00,406.08
2024-08-02 12:00:00,418.21
2024-08-02 13:00:00,386.6
2024-08-02 14:00:00,402.14
2024-08-02 15:00:00,386.57
2024-08-02 16:00:00,366.28
2024-08-02 17:00:00,372.62
2024-08-02 18:00:00,478.28
2024-08-02 19:00:00,458.24
2024-08-02 20:00:00,433.2
2024-08-02 21:00:00,433.32
2024-08-02 22:00:00,425.27
2024-08-02 23:00:00,321.51
2024-08-03 00:00:00,283.42
2024-08-03 01:00:00,280.7
2024-08-03 02:00:00,282.09
2024-08-03 03:00:00,292.41
2024-08-03 04:00:00,302.79
2024-08-03 05:00:00,317.47
2024-08-03 06:00:00,316.62
2024-08-03 07:00:00,364.04
2024-08-03 08:00:00,360.98
2024-08-03 09:00:00,387.73
2024-08-03 10:00:00,387.42
2024-08-03 11:00:00,352.93
2024-08-03 12:00:00,374.99
2024-08-03 13:00:00,367.52
2024-08-03 14:00:00,346.93
2024-08-03 15:00:00,375.46
2024-08-03 16:00:00,343.8
2024-08-03 17:00:00,355.16
2024-08-03 18:00:00,438.22
2024-08-03 19:00:00,415.08
2024-08-03 20:00:00,425.29
2024-08-03 21:00:00,408.05
2024-08-03 22:00:00,385.2
2024-08-03 23:00:00,268.56
2024-08-04 00:00:00,273.8
2024-08-04 01:00:00,266.85
2024-08-04 02:00:00,297.69
2024-08-04 03:00:00,274.04
2024-08-04 04:00:00,310.49
2024-08-04 05:00:00,322.14
2024-08-04 06:00:00,308.05
2024-08-04 07:00:00,347.34
2024-08-04 08:00:00,340.67
2024-08-04 09:00:00,399.69
2024-08-04 10:00:00,375.5
2024-08-04 11:00:00,364.42
2024-08-04 12:00:00,392.39
2024-08-04 13:00:00,392.05
2024-08-04 14:00:00,375.48
2024-08-04 15:00:00,366.38
2024-08-04 16:00:00,348.39
2024-08-04 17:00:00,327.92
2024-08-04 18:00:00,430.88
2024-08-04 19:00:00,399.18
2024-08-04 20:00:00,417.05
2024-08-04 21:00:00,405.35
2024-08-04 22:00:00,381.76
2024-08-04 23:00:00,288.97
2024-08-05 00:00:00,310.52
2024-08-05 01:00:00,319.15
2024-08-05 02:00:00,298.1
2024-08-05 03:00:00,344.39
2024-08-05 04:00:00,321.06
2024-08-05 05:00:00,352.34
2024-08-05 06:00:00,349.85
2024-08-05 07:00:00,362.55
2024-08-05 08:00:00,380.49
2024-08-05 09:00:00,396.27
2024-08-05 10:00:00,403.64
2024-08-05 11:00:00,412.71
2024-08-05 12:00:00,407.97
2024-08-05 13:00:00,424.19
2024-08-05 14:00:00,404.78
2024-08-05 15:00:00,368.56
2024-08-05 16:00:00,380.98
2024-08-05 17:00:00,377.44
2024-08-05 18:00:00,447.29
2024-08-05 19:00:00,454.92
2024-08-05 20:00:00,417.66
2024-08-05 21:00:00,426.43
2024-08-05 22:00:00,424.43
2024-08-05 23:00:00,306.44
2024-08-06 00:00:00,337.08
2024-08-06 01:00:00,287.92
2024-08-06 02:00:00,321.35
2024-08-06 03:00:00,329.74
2024-08-06 04:00:00,340.79
2024-08-06 05:00:00,355.09
2024-08-06 06:00:00,391.75
2024-08-06 07:00:00,370.36
2024-08-06 08:00:00,375.56
2024-08-06 09:00:00,410.35
2024-08-06 10:00:00,391.29
2024-08-06 11:00:00,370.68
2024-08-06 12:00:00,425.62
2024-08-06 13:00:00,382.88
2024-08-06 14:00:00,380.03
2024-08-06 15:00:00,400.35
2024-08-06 16:00:00,358.72
2024-08-06 17:00:00,355.36
2024-08-06 18:00:00,449.15
2024-08-06 19:00:00,439.3
2024-08-06 20:00:00,421.81
2024-08-06 21:00:00,407.78
2024-08-06 22:00:00,423.11
2024-08-06 23:00:00,318.29
2024-08-07 00:00:00,314.89
2024-08-07 01:00:00,296.77
2024-08-07 02:00:00,317.73
2024-08-07 03:00:00,332.05
2024-08-07 04:00:00,344.52
2024-08-07 05:00:00,344.42
2024-08-07 06:00:00,359.09
2024-08-07 07:00:00,359.38
2024-08-07 08:00:00,405.88
2024-08-07 09:00:00,400.6
2024-08-07 10:00:00,420.41
2024-08-07 11:00:00,378.73
2024-08-07 12:00:00,418.11
2024-08-07 13:00:00,427.67
2024-08-07 14:00:00,403.47
2024-08-07 15:00:00,397.36
2024-08-07 16:00:00,367.52
2024-08-07 17:00:00,376.68
2024-08-07 18:00:00,439.42
2024-08-07 19:00:00,440.68
2024-08-07 20:00:00,395.85
2024-08-07 21:00:00,427.89
2024-08-07 22:00:00,397.94
2024-08-07 23:00:00,330.16
2024-08-08 00:00:00,333.47
2024-08-08 01:00:00,302.13
2024-08-08 02:00:00,331.51
2024-08-08 03:00:00,307.92
2024-08-08 04:00:00,327.96
2024-08-08 05:00:00,312.83
2024-08-08 06:00:00,334.53
2024-08-08 07:00:00,360.37
2024-08-08 08:00:00,374.41
2024-08-08 09:00:00,377.84
2024-08-08 10:00:00,384.08
2024-08-08 11:00:00,397.09
2024-08-08 12:00:00,416.43
2024-08-08 13:00:00,421.88
2024-08-08 14:00:00,408.92
2024-08-08 15:00:00,433.72
2024-08-08 16:00:00,381.49
2024-08-08 17:00:00,354.11
2024-08-08 18:00:00,462.34
2024-08-08 19:00:00,440.44
2024-08-08 20:00:00,448.74
2024-08-08 21:00:00,421.94
2024-08-08 22:00:00,424.22
2024-08-08 23:00:00,297.98
2024-08-09 00:00:00,308.62
2024-08-09 01:00:00,332.58
2024-08-09 02:00:00,294.26
2024-08-09 03:00:00,320.63
2024-08-09 04:00:00,325.84
2024-08-09 05:00:00,335.14
2024-08-09 06:00:00,331.93
2024-08-09 07:00:00,346.28
2024-08-09 08:00:00,390.75
2024-08-09 09:00:00,393.88
2024-08-09 10:00:00,388.07
2024-08-09 11:00:00,412.56
2024-08-09 12:00:00,418.42
2024-08-09 13:00:00,393.45
2024-08-09 14:00:00,412.7
2024-08-09 15:00:00,379.95
2024-08-09 16:00:00,390.25
2024-08-09 17:00:00,374.65
2024-08-09 18:00:00,472.88
2024-08-09 19:00:00,450.6
2024-08-09 20:00:00,453.61
2024-08-09 21:00:00,409.4
2024-08-09 22:00:00,400.9
2024-08-09 23:00:00,300.85
2024-08-10 00:00:00,274.39
2024-08-10 01:00:00,261.77
2024-08-10 02:00:00,293.94
2024-08-10 03:00:00,289.23
2024-08-10 04:00:00,302.18
2024-08-10 05:00:00,314.79
2024-08-10 06:00:00,350.89
2024-08-10 07:00:00,328.46
2024-08-10 08:00:00,390.78
2024-08-10 09:00:00,369.04
2024-08-10 10:00:00,388.8
2024-08-10 11:00:00,396.82
2024-08-10 12:00:00,375.25
2024-08-10 13:00:00,368.19
2024-08-10 14:00:00,349.75
2024-08-10 15:00:00,356.4
2024-08-10 16:00:00,359.58
2024-08-10 17:00:00,349.16
2024-08-10 18:00:00,442.41
2024-08-10 19:00:00,416.87
2024-08-10 20:00:00,434.14
2024-08-10 21:00:00,417.49
2024-08-10 22:00:00,386.42
2024-08-10 23:00:00,300.48
2024-08-11 00:00:00,268.86
2024-08-11 01:00:00,276.04
2024-08-11 02:00:00,296.17
2024-08-11 03:00:00,298.83
2024-08-11 04:00:00,303.3
2024-08-11 05:00:00,331.7
2024-08-11 06:00:00,333.79
2024-08-11 07:00:00,343.23
2024-08-11 08:00:00,347.6
2024-08-11 09:00:00,327.98
2024-08-11 10:00:00,359.72
2024-08-11 11:00:00,374.81
2024-08-11 12:00:00,360.67
2024-08-11 13:00:00,372.15
2024-08-11 14:00:00,359.67
2024-08-11 15:00:00,361.73
2024-08-11 16:00:00,369.91
2024-08-11 17:00:00,330.87
2024-08-11 18:00:00,428.18
2024-08-11 19:00:00,437.32
2024-08-11 20:00:00,425.44
2024-08-11 21:00:00,413.39
2024-08-11 22:00:00,381.28
2024-08-11 23:00:00,272.1
2024-08-12 00:00:00,296.9
2024-08-12 01:00:00,304.45
2024-08-12 02:00:00,330.36
2024-08-12 03:00:00,336.81
2024-08-12 04:00:00,341.98
2024-08-12 05:00:00,328.61
2024-08-12 06:00:00,345.05
2024-08-12 07:00:00,395.96
2024-08-12 08:00:00,378.61
2024-08-12 09:00:00,404.35
2024-08-12 10:00:00,398.2
2024-08-12 11:00:00,435.49
2024-08-12 12:00:00,411.7
2024-08-12 13:00:00,409.68
2024-08-12 14:00:00,407.36
2024-08-12 15:00:00,388.87
2024-08-12 16:00:00,373.09
2024-08-12 17:00:00,362.0
2024-08-12 18:00:00,467.09
2024-08-12 19:00:00,470.44
2024-08-12 20:00:00,429.73
2024-08-12 21:00:00,457.64
2024-08-12 22:00:00,418.95
2024-08-12 23:00:00,320.76
2024-08-13 00:00:00,297.15
2024-08-13 01:00:00,320.16
2024-08-13 02:00:00,295.42
2024-08-13 03:00:00,317.99
2024-08-13 04:00:00,334.23
2024-08-13 05:00:00,365.78
2024-08-13 06:00:00,360.98
2024-08-13 07:00:00,392.81
2024-08-13 08:00:00,366.95
2024-08-13 09:00:00,378.81
2024-08-13 10:00:00,428.08
2024-08-13 11:00:00,422.8
2024-08-13 12:00:00,417.13
2024-08-13 13:00:00,444.89
2024-08-13 14:00:00,394.91
2024-08-13 15:00:00,417.33
2024-08-13 16:00:00,373.51
2024-08-13 17:00:00,382.65
2024-08-13 18:00:00,452.27
2024-08-13 19:00:00,439.72
2024-08-13 20:00:00,425.57
2024-08-13 21:00:00,434.21
2024-08-13 22:00:00,391.79
2024-08-13 23:00:00,320.93
2024-08-14 00:00:00,320.21
2024-08-14 01:00:00,305.98
2024-08-14 02:00:00,292.33
2024-08-14 03:00:00,322.11
2024-08-14 04:00:00,342.96
2024-08-14 05:00:00,325.03
2024-08-14 06:00:00,378.73
2024-08-14 07:00:00,398.92
2024-08-14 08:00:00,380.09
2024-08-14 09:00:00,380.01
2024-08-14 10:00:00,407.0
2024-08-14 11:00:00,389.56
2024-08-14 12:00:00,405.47
2024-08-14 13:00:00,406.39
2024-08-14 14:00:00,415.06
2024-08-14 15:00:00,381.85
2024-08-14 16:00:00,382.33
2024-08-14 17:00:00,371.67
2024-08-14 18:00:00,455.81
2024-08-14 19:00:00,443.2
2024-08-14 20:00:00,437.61
2024-08-14 21:00:00,446.75
2024-08-14 22:00:00,424.55
2024-08-14 23:00:00,313.1
2024-08-15 00:00:00,310.6
2024-08-15 01:00:00,292.16
2024-08-15 02:00:00,344.5
2024-08-15 03:00:00,334.99
2024-08-15 04:00:00,335.99
2024-08-15 05:00:00,357.39
2024-08-15 06:00:00,356.97
2024-08-15 07:00:00,349.06
2024-08-15 08:00:00,368.38
2024-08-15 09:00:00,374.2
2024-08-15 10:00:00,402.17
2024-08-15 11:00:00,411.03
2024-08-15 12:00:00,405.29
2024-08-15 13:00:00,412.93
2024-08-15 14:00:00,438.91
2024-08-15 15:00:00,417.59
2024-08-15 16:00:00,360.08
2024-08-15 17:00:00,382.17
2024-08-15 18:00:00,432.17
2024-08-15 19:00:00,460.9
2024-08-15 20:00:00,413.66
2024-08-15 21:00:00,425.54
2024-08-15 22:00:00,401.87
2024-08-15 23:00:00,313.44
2024-08-16 00:00:00,311.41
2024-08-16 01:00:00,321.22
2024-08-16 02:00:00,316.06
2024-08-16 03:00:00,324.57
2024-08-16 04:00:00,354.8
2024-08-16 05:00:00,350.4
2024-08-16 06:00:00,354.12
2024-08-16 07:00:00,388.46
2024-08-16 08:00:00,372.84
2024-08-16 09:00:00,401.47
2024-08-16 10:00:00,414.51
2024-08-16 11:00:00,401.93
2024-08-16 12:00:00,393.92
2024-08-16 13:00:00,410.33
2024-08-16 14:00:00,444.35
2024-08-16 15:00:00,391.89
2024-08-16 16:00:00,365.29
2024-08-16 17:00:00,365.33
2024-08-16 18:00:00,453.71
2024-08-16 19:00:00,447.52
2024-08-16 20:00:00,429.53
2024-08-16 21:00:00,403.99
2024-08-16 22:00:00,435.45
2024-08-16 23:00:00,318.88
2024-08-17 00:00:00,287.67
2024-08-17 01:00:00,283.6
2024-08-17 02:00:00,296.85
2024-08-17 03:00:00,296.05
2024-08-17 04:00:00,350.6
2024-08-17 05:00:00,294.27
2024-08-17 06:00:00,364.81
2024-08-17 07:00:00,355.06
2024-08-17 08:00:00,341.11
2024-08-17 09:00:00,365.61
2024-08-17 10:00:00,387.75
2024-08-17 11:00:00,387.13
2024-08-17 12:00:00,368.84
2024-08-17 13:00:00,359.9
2024-08-17 14:00:00,345.34
2024-08-17 15:00:00,367.24
2024-08-17 16:00:00,361.64
2024-08-17 17:00:00,324.25
2024-08-17 18:00:00,425.63
2024-08-17 19:00:00,398.3
2024-08-17 20:00:00,390.77
2024-08-17 21:00:00,377.06
2024-08-17 22:00:00,382.73
2024-08-17 23:00:00,270.09
2024-08-18 00:00:00,261.3
2024-08-18 01:00:00,301.85
2024-08-18 02:00:00,283.82
2024-08-18 03:00:00,301.95
2024-08-18 04:00:00,309.07
2024-08-18 05:00:00,328.35
2024-08-18 06:00:00,347.96
2024-08-18 07:00:00,347.5
2024-08-18 08:00:00,355.41
2024-08-18 09:00:00,373.33
2024-08-18 10:00:00,392.55
2024-08-18 11:00:00,350.61
2024-08-18 12:00:00,378.67
2024-08-18 13:00:00,402.39
2024-08-18 14:00:00,386.01
2024-08-18 15:00:00,386.91
2024-08-18 16:00:00,377.42
2024-08-18 17:00:00,343.36
2024-08-18 18:00:00,431.28
2024-08-18 19:00:00,403.75
2024-08-18 20:00:00,418.11
2024-08-18 21:00:00,402.73
2024-08-18 22:00:00,410.76
2024-08-18 23:00:00,277.55
2024-08-19 00:00:00,301.04
2024-08-19 01:00:00,303.13
2024-08-19 02:00:00,312.38
2024-08-19 03:00:00,341.53
2024-08-19 04:00:00,314.56
2024-08-19 05:00:00,346.47
2024-08-19 06:00:00,350.39
2024-08-19 07:00:00,366.58
2024-08-19 08:00:00,371.83
2024-08-19 09:00:00,384.78
2024-08-19 10:00:00,403.94
2024-08-19 11:00:00,413.39
2024-08-19 12:00:00,434.25
2024-08-19 13:00:00,399.2
2024-08-19 14:00:00,422.03
2024-08-19 15:00:00,403.75
2024-08-19 16:00:00,404.31
2024-08-19 17:00:00,386.6
2024-08-19 18:00:00,456.81
2024-08-19 19:00:00,443.61
2024-08-19 20:00:00,434.25
2024-08-19 21:00:00,441.51
2024-08-19 22:00:00,401.71
2024-08-19 23:00:00,317.34
2024-08-20 00:00:00,317.04
2024-08-20 01:00:00,332.05
2024-08-20 02:00:00,303.91
2024-08-20 03:00:00,316.92
2024-08-20 04:00:00,312.78
2024-08-20 05:00:00,348.64
2024-08-20 06:00:00,358.16
2024-08-20 07:00:00,376.41
2024-08-20 08:00:00,384.24
2024-08-20 09:00:00,395.1
2024-08-20 10:00:00,391.96
2024-08-20 11:00:00,418.52
2024-08-20 12:00:00,410.12
2024-08-20 13:00:00,425.75
2024-08-20 14:00:00,387.08
2024-08-20 15:00:00,402.07
2024-08-20 16:00:00,413.96
2024-08-20 17:00:00,401.79
2024-08-20 18:00:00,468.73
2024-08-20 19:00:00,423.91
2024-08-20 20:00:00,449.11
2024-08-20 21:00:00,459.28
2024-08-20 22:00:00,412.0
2024-08-20 23:00:00,289.85
2024-08-21 00:00:00,314.29
2024-08-21 01:00:00,332.42
2024-08-21 02:00:00,311.33
2024-08-21 03:00:00,306.06
2024-08-21 04:00:00,334.37
2024-08-21 05:00:00,356.94
2024-08-21 06:00:00,358.35
2024-08-21 07:00:00,388.68
2024-08-21 08:00:00,387.16
2024-08-21 09:00:00,399.35
2024-08-21 10:00:00,374.13
2024-08-21 11:00:00,429.53
2024-08-21 12:00:00,405.07
2024-08-21 13:00:00,412.48
2024-08-21 14:00:00,393.4
2024-08-21 15:00:00,388.92
2024-08-21 16:00:00,387.83
2024-08-21 17:00:00,370.44
2024-08-21 18:00:00,445.71
2024-08-21 19:00:00,468.1
2024-08-21 20:00:00,402.65
2024-08-21 21:00:00,450.94
2024-08-21 22:00:00,430.79
2024-08-21 23:00:00,334.55
2024-08-22 00:00:00,310.16
2024-08-22 01:00:00,348.45
2024-08-22 02:00:00,317.02
2024-08-22 03:00:00,330.42
2024-08-22 04:00:00,340.79
2024-08-22 05:00:00,346.42
2024-08-22 06:00:00,366.34
2024-08-22 07:00:00,354.18
2024-08-22 08:00:00,380.42
2024-08-22 09:00:00,421.1
2024-08-22 10:00:00,394.41
2024-08-22 11:00:00,410.35
2024-08-22 12:00:00,410.21
2024-08-22 13:00:00,396.69
2024-08-22 14:00:00,395.56
2024-08-22 15:00:00,371.43
2024-08-22 16:00:00,372.56
2024-08-22 17:00:00,372.23
2024-08-22 18:00:00,456.93
2024-08-22 19:00:00,425.44
2024-08-22 20:00:00,449.41
2024-08-22 21:00:00,435.68
2024-08-22 22:00:00,417.65
2024-08-22 23:00:00,321.61
2024-08-23 00:00:00,292.7
2024-08-23 01:00:00,334.62
2024-08-23 02:00:00,328.29
2024-08-23 03:00:00,295.47
2024-08-23 04:00:00,341.19
2024-08-23 05:00:00,350.26
2024-08-23 06:00:00,354.25
2024-08-23 07:00:00,369.43
2024-08-23 08:00:00,391.51
2024-08-23 09:00:00,381.76
2024-08-23 10:00:00,413.25
2024-08-23 11:00:00,408.9
2024-08-23 12:00:00,427.72
2024-08-23 13:00:00,392.48
2024-08-23 14:00:00,401.17
2024-08-23 15:00:00,415.3
2024-08-23 16:00:00,352.65
2024-08-23 17:00:00,385.13
2024-08-23 18:00:00,442.29
2024-08-23 19:00:00,453.39
2024-08-23 20:00:00,438.16
2024-08-23 21:00:00,429.54
2024-08-23 22:00:00,414.62
2024-08-23 23:00:00,320.98
2024-08-24 00:00:00,280.1
2024-08-24 01:00:00,299.86
2024-08-24 02:00:00,273.14
2024-08-24 03:00:00,292.03
2024-08-24 04:00:00,287.77
2024-08-24 05:00:00,355.19
2024-08-24 06:00:00,331.29
2024-08-24 07:00:00,337.84
2024-08-24 08:00:00,350.86
2024-08-24 09:00:00,378.19
2024-08-24 10:00:00,360.41
2024-08-24 11:00:00,395.5
2024-08-24 12:00:00,375.6
2024-08-24 13:00:00,375.41
2024-08-24 14:00:00,373.53
2024-08-24 15:00:00,363.83
2024-08-24 16:00:00,358.59
2024-08-24 17:00:00,364.1
2024-08-24 18:00:00,418.72
2024-08-24 19:00:00,422.79
2024-08-24 20:00:00,416.75
2024-08-24 21:00:00,399.34
2024-08-24 22:00:00,395.03
2024-08-24 23:00:00,296.28
2024-08-25 00:00:00,242.82
2024-08-25 01:00:00,284.13
2024-08-25 02:00:00,312.18
2024-08-25 03:00:00,329.72
2024-08-25 04:00:00,303.56
2024-08-25 05:00:00,346.61
2024-08-25 06:00:00,337.67
2024-08-25 07:00:00,345.98
2024-08-25 08:00:00,363.73
2024-08-25 09:00:00,358.36
2024-08-25 10:00:00,355.56
2024-08-25 11:00:00,383.17
2024-08-25 12:00:00,339.46
2024-08-25 13:00:00,372.31
2024-08-25 14:00:00,378.01
2024-08-25 15:00:00,358.35
2024-08-25 16:00:00,333.69
2024-08-25 17:00:00,352.27
2024-08-25 18:00:00,437.77
2024-08-25 19:00:00,389.61
2024-08-25 20:00:00,394.34
2024-08-25 21:00:00,389.91
2024-08-25 22:00:00,395.03
2024-08-25 23:00:00,268.13
2024-08-26 00:00:00,325.73
2024-08-26 01:00:00,286.41
2024-08-26 02:00:00,301.41
2024-08-26 03:00:00,327.47
2024-08-26 04:00:00,304.55
2024-08-26 05:00:00,335.93
2024-08-26 06:00:00,372.08
2024-08-26 07:00:00,374.88
2024-08-26 08:00:00,364.92
2024-08-26 09:00:00,413.7
2024-08-26 10:00:00,399.15
2024-08-26 11:00:00,400.09
2024-08-26 12:00:00,403.56
2024-08-26 13:00:00,412.22
2024-08-26 14:00:00,399.64
2024-08-26 15:00:00,395.35
2024-08-26 16:00:00,359.33
2024-08-26 17:00:00,361.9
2024-08-26 18:00:00,469.74
2024-08-26 19:00:00,434.2
2024-08-26 20:00:00,416.43
2024-08-26 21:00:00,421.76
2024-08-26 22:00:00,400.61
2024-08-26 23:00:00,293.12
2024-08-27 00:00:00,314.8
2024-08-27 01:00:00,338.22
2024-08-27 02:00:00,297.77
2024-08-27 03:00:00,311.25
2024-08-27 04:00:00,332.37
2024-08-27 05:00:00,322.01
2024-08-27 06:00:00,362.27
2024-08-27 07:00:00,362.9
2024-08-27 08:00:00,390.03
2024-08-27 09:00:00,402.65
2024-08-27 10:00:00,389.26
2024-08-27 11:00:00,406.45
2024-08-27 12:00:00,402.89
2024-08-27 13:00:00,417.94
2024-08-27 14:00:00,439.65
2024-08-27 15:00:00,407.4
2024-08-27 16:00:00,383.63
2024-08-27 17:00:00,399.91
2024-08-27 18:00:00,462.61
2024-08-27 19:00:00,443.71
2024-08-27 20:00:00,422.61
2024-08-27 21:00:00,434.39
2024-08-27 22:00:00,403.76
2024-08-27 23:00:00,312.18
2024-08-28 00:00:00,329.83
2024-08-28 01:00:00,315.89
2024-08-28 02:00:00,280.57
2024-08-28 03:00:00,309.47
2024-08-28 04:00:00,325.36
2024-08-28 05:00:00,343.99
2024-08-28 06:00:00,377.87
2024-08-28 07:00:00,370.5
2024-08-28 08:00:00,360.09
2024-08-28 09:00:00,410.42
2024-08-28 10:00:00,377.34
2024-08-28 11:00:00,410.12
2024-08-28 12:00:00,426.09
2024-08-28 13:00:00,403.4
2024-08-28 14:00:00,423.03
2024-08-28 15:00:00,375.6
2024-08-28 16:00:00,371.06
2024-08-28 17:00:00,368.81
2024-08-28 18:00:00,467.47
2024-08-28 19:00:00,441.6
2024-08-28 20:00:00,421.56
2024-08-28 21:00:00,443.31
2024-08-28 22:00:00,397.29
2024-08-28 23:00:00,331.32
2024-08-29 00:00:00,307.23
2024-08-29 01:00:00,313.27
2024-08-29 02:00:00,318.13
2024-08-29 03:00:00,340.91
2024-08-29 04:00:00,332.65
2024-08-29 05:00:00,316.49
2024-08-29 06:00:00,372.93
2024-08-29 07:00:00,381.63
2024-08-29 08:00:00,387.62
2024-08-29 09:00:00,394.55
2024-08-29 10:00:00,396.87
2024-08-29 11:00:00,414.45
2024-08-29 12:00:00,395.2
2024-08-29 13:00:00,427.01
2024-08-29 14:00:00,405.13
2024-08-29 15:00:00,398.4
2024-08-29 16:00:00,392.04
2024-08-29 17:00:00,401.2
2024-08-29 18:00:00,479.53
2024-08-29 19:00:00,441.91
2024-08-29 20:00:00,449.55
2024-08-29 21:00:00,430.93
2024-08-29 22:00:00,409.27
2024-08-29 23:00:00,294.46
2024-08-30 00:00:00,298.48
2024-08-30 01:00:00,294.04
2024-08-30 02:00:00,337.59
2024-08-30 03:00:00,326.9
2024-08-30 04:00:00,351.38
2024-08-30 05:00:00,348.95
2024-08-30 06:00:00,353.65
2024-08-30 07:00:00,396.84
2024-08-30 08:00:00,359.99
2024-08-30 09:00:00,394.96
2024-08-30 10:00:00,425.83
2024-08-30 11:00:00,408.22
2024-08-30 12:00:00,393.32
2024-08-30 13:00:00,417.39
2024-08-30 14:00:00,383.64
2024-08-30 15:00:00,422.32
2024-08-30 16:00:00,356.91
2024-08-30 17:00:00,354.89
2024-08-30 18:00:00,450.88
2024-08-30 19:00:00,465.47
2024-08-30 20:00:00,436.56
2024-08-30 21:00:00,415.07
2024-08-30 22:00:00,413.68
2024-08-30 23:00:00,317.34
2024-08-31 00:00:00,277.98
2024-08-31 01:00:00,295.38
2024-08-31 02:00:00,285.03
2024-08-31 03:00:00,285.73
2024-08-31 04:00:00,312.96
2024-08-31 05:00:00,325.61
2024-08-31 06:00:00,328.7
2024-08-31 07:00:00,320.76
2024-08-31 08:00:00,348.45
2024-08-31 09:00:00,366.35
2024-08-31 10:00:00,378.27
2024-08-31 11:00:00,391.44
2024-08-31 12:00:00,388.29
2024-08-31 13:00:00,381.76
2024-08-31 14:00:00,363.27
2024-08-31 15:00:00,360.53
2024-08-31 16:00:00,337.82
2024-08-31 17:00:00,325.59
2024-08-31 18:00:00,434.99
2024-08-31 19:00:00,409.56
2024-08-31 20:00:00,422.18
2024-08-31 21:00:00,389.89
2024-08-31 22:00:00,371.04
2024-08-31 23:00:00,260.42
2024-09-01 00:00:00,295.5
2024-09-01 01:00:00,299.24
2024-09-01 02:00:00,314.89
2024-09-01 03:00:00,346.39
2024-09-01 04:00:00,340.78
2024-09-01 05:00:00,369.0
2024-09-01 06:00:00,363.25
2024-09-01 07:00:00,371.7
2024-09-01 08:00:00,379.02
2024-09-01 09:00:00,400.23
2024-09-01 10:00:00,387.86
2024-09-01 11:00:00,390.57
2024-09-01 12:00:00,426.86
2024-09-01 13:00:00,415.84
2024-09-01 14:00:00,372.37
2024-09-01 15:00:00,401.73
2024-09-01 16:00:00,393.72
2024-09-01 17:00:00,393.78
2024-09-01 18:00:00,465.63
2024-09-01 19:00:00,462.29
2024-09-01 20:00:00,444.71
2024-09-01 21:00:00,431.21
2024-09-01 22:00:00,420.3
2024-09-01 23:00:00,324.26
2024-09-02 00:00:00,350.75
2024-09-02 01:00:00,341.61
2024-09-02 02:00:00,329.0
2024-09-02 03:00:00,374.88
2024-09-02 04:00:00,382.22
2024-09-02 05:00:00,377.27
2024-09-02 06:00:00,392.35
2024-09-02 07:00:00,433.59
2024-09-02 08:00:00,420.13
2024-09-02 09:00:00,435.93
2024-09-02 10:00:00,427.31
2024-09-02 11:00:00,443.74
2024-09-02 12:00:00,421.31
2024-09-02 13:00:00,427.47
2024-09-02 14:00:00,424.76
2024-09-02 15:00:00,418.52
2024-09-02 16:00:00,399.88
2024-09-02 17:00:00,386.52
2024-09-02 18:00:00,514.23
2024-09-02 19:00:00,496.85
2024-09-02 20:00:00,466.97
2024-09-02 21:00:00,468.45
2024-09-02 22:00:00,435.38
2024-09-02 23:00:00,321.17
2024-09-03 00:00:00,340.65
2024-09-03 01:00:00,356.97
2024-09-03 02:00:00,323.63
2024-09-03 03:00:00,365.68
2024-09-03 04:00:00,384.3
2024-09-03 05:00:00,367.74
2024-09-03 06:00:00,402.17
2024-09-03 07:00:00,429.81
2024-09-03 08:00:00,410.06
2024-09-03 09:00:00,417.71
2024-09-03 10:00:00,412.08
2024-09-03 11:00:00,438.87
2024-09-03 12:00:00,416.55
2024-09-03 13:00:00,417.95
2024-09-03 14:00:00,436.44
2024-09-03 15:00:00,413.49
2024-09-03 16:00:00,407.86
2024-09-03 17:00:00,377.44
2024-09-03 18:00:00,512.89
2024-09-03 19:00:00,490.51
2024-09-03 20:00:00,457.96
2024-09-03 21:00:00,470.0
2024-09-03 22:00:00,426.41
2024-09-03 23:00:00,345.02
2024-09-04 00:00:00,341.94
2024-09-04 01:00:00,357.02
2024-09-04 02:00:00,359.33
2024-09-04 03:00:00,358.35
2024-09-04 04:00:00,364.97
2024-09-04 05:00:00,364.83
2024-09-04 06:00:00,408.33
2024-09-04 07:00:00,394.7
2024-09-04 08:00:00,398.07
2024-09-04 09:00:00,458.19
2024-09-04 10:00:00,434.61
2024-09-04 11:00:00,447.38
2024-09-04 12:00:00,440.75
2024-09-04 13:00:00,414.83
2024-09-04 14:00:00,420.38
2024-09-04 15:00:00,401.09
2024-09-04 16:00:00,399.51
2024-09-04 17:00:00,390.62
2024-09-04 18:00:00,486.17
2024-09-04 19:00:00,441.73
2024-09-04 20:00:00,496.58
2024-09-04 21:00:00,445.91
2024-09-04 22:00:00,436.32
2024-09-04 23:00:00,342.44
2024-09-05 00:00:00,350.54
2024-09-05 01:00:00,364.85
2024-09-05 02:00:00,327.91
2024-09-05 03:00:00,313.31
2024-09-05 04:00:00,355.17
2024-09-05 05:00:00,377.95
2024-09-05 06:00:00,364.65
2024-09-05 07:00:00,390.75
2024-09-05 08:00:00,426.68
2024-09-05 09:00:00,430.75
2024-09-05 10:00:00,442.84
2024-09-05 11:00:00,428.72
2024-09-05 12:00:00,449.73
2024-09-05 13:00:00,424.18
2024-09-05 14:00:00,421.85
2024-09-05 15:00:00,446.78
2024-09-05 16:00:00,415.69
2024-09-05 17:00:00,380.06
2024-09-05 18:00:00,481.59
2024-09-05 19:00:00,463.66
2024-09-05 20:00:00,454.24
2024-09-05 21:00:00,455.34
2024-09-05 22:00:00,446.59
2024-09-05 23:00:00,361.15
2024-09-06 00:00:00,344.97
2024-09-06 01:00:00,338.77
2024-09-06 02:00:00,352.57
2024-09-06 03:00:00,330.02
2024-09-06 04:00:00,368.94
2024-09-06 05:00:00,372.2
2024-09-06 06:00:00,391.07
2024-09-06 07:00:00,398.06
2024-09-06 08:00:00,437.43
2024-09-06 09:00:00,421.74
2024-09-06 10:00:00,470.97
2024-09-06 11:00:00,445.69
2024-09-06 12:00:00,445.17
2024-09-06 13:00:00,438.07
2024-09-06 14:00:00,469.81
2024-09-06 15:00:00,440.88
2024-09-06 16:00:00,387.36
2024-09-06 17:00:00,390.0
2024-09-06 18:00:00,528.78
2024-09-06 19:00:00,490.81
2024-09-06 20:00:00,464.02
2024-09-06 21:00:00,441.94
2024-09-06 22:00:00,443.62
2024-09-06 23:00:00,337.73
2024-09-07 00:00:00,334.29
2024-09-07 01:00:00,311.13
2024-09-07 02:00:00,306.1
2024-09-07 03:00:00,320.68
2024-09-07 04:00:00,332.2
2024-09-07 05:00:00,366.39
2024-09-07 06:00:00,383.78
2024-09-07 07:00:00,358.77
2024-09-07 08:00:00,371.22
2024-09-07 09:00:00,400.19
2024-09-07 10:00:00,403.55
2024-09-07 11:00:00,369.58
2024-09-07 12:00:00,408.46
2024-09-07 13:00:00,425.59
2024-09-07 14:00:00,424.35
2024-09-07 15:00:00,377.13
2024-09-07 16:00:00,368.36
2024-09-07 17:00:00,360.69
2024-09-07 18:00:00,430.78
2024-09-07 19:00:00,455.32
2024-09-07 20:00:00,464.41
2024-09-07 21:00:00,443.26
2024-09-07 22:00:00,408.12
2024-09-07 23:00:00,294.31
2024-09-08 00:00:00,310.37
2024-09-08 01:00:00,326.52
2024-09-08 02:00:00,318.69
2024-09-08 03:00:00,300.85
2024-09-08 04:00:00,350.36
2024-09-08 05:00:00,358.75
2024-09-08 06:00:00,333.53
2024-09-08 07:00:00,378.89
2024-09-08 08:00:00,413.3
2024-09-08 09:00:00,400.85
2024-09-08 10:00:00,404.69
2024-09-08 11:00:00,422.75
2024-09-08 12:00:00,400.75
2024-09-08 13:00:00,388.94
2024-09-08 14:00:00,384.12
2024-09-08 15:00:00,375.1
2024-09-08 16:00:00,389.02
2024-09-08 17:00:00,363.42
2024-09-08 18:00:00,460.31
2024-09-08 19:00:00,471.1
2024-09-08 20:00:00,420.97
2024-09-08 21:00:00,447.25
2024-09-08 22:00:00,412.44
2024-09-08 23:00:00,334.61
2024-09-09 00:00:00,351.29
2024-09-09 01:00:00,350.29
2024-09-09 02:00:00,349.2
2024-09-09 03:00:00,371.18
2024-09-09 04:00:00,374.05
2024-09-09 05:00:00,366.79
2024-09-09 06:00:00,402.55
2024-09-09 07:00:00,417.13
2024-09-09 08:00:00,434.75
2024-09-09 09:00:00,437.43
2024-09-09 10:00:00,441.61
2024-09-09 11:00:00,442.99
2024-09-09 12:00:00,430.9
2024-09-09 13:00:00,444.99
2024-09-09 14:00:00,404.65
2024-09-09 15:00:00,451.03
2024-09-09 16:00:00,427.53
2024-09-09 17:00:00,385.36
2024-09-09 18:00:00,496.01
2024-09-09 19:00:00,497.12
2024-09-09 20:00:00,456.6
2024-09-09 21:00:00,453.44
2024-09-09 22:00:00,416.99
2024-09-09 23:00:00,323.06
2024-09-10 00:00:00,325.14
2024-09-10 01:00:00,355.3
2024-09-10 02:00:00,321.66
2024-09-10 03:00:00,349.04
2024-09-10 04:00:00,374.85
2024-09-10 05:00:00,358.33
2024-09-10 06:00:00,385.03
2024-09-10 07:00:00,405.41
2024-09-10 08:00:00,399.22
2024-09-10 09:00:00,413.04
2024-09-10 10:00:00,443.35
2024-09-10 11:00:00,432.94
2024-09-10 12:00:00,446.93
2024-09-10 13:00:00,397.5
2024-09-10 14:00:00,442.96
2024-09-10 15:00:00,440.72
2024-09-10 16:00:00,432.27
2024-09-10 17:00:00,411.49
2024-09-10 18:00:00,469.74
2024-09-10 19:00:00,474.13
2024-09-10 20:00:00,445.97
2024-09-10 21:00:00,483.82
2024-09-10 22:00:00,438.53
2024-09-10 23:00:00,344.7
2024-09-11 00:00:00,351.23
2024-09-11 01:00:00,337.16
2024-09-11 02:00:00,373.69
2024-09-11 03:00:00,368.59
2024-09-11 04:00:00,360.28
2024-09-11 05:00:00,380.0
2024-09-11 06:00:00,376.74
2024-09-11 07:00:00,384.35
2024-09-11 08:00:00,410.2
2024-09-11 09:00:00,443.3
2024-09-11 10:00:00,449.82
2024-09-11 11:00:00,442.35
2024-09-11 12:00:00,442.84
2024-09-11 13:00:00,435.23
2024-09-11 14:00:00,465.3
2024-09-11 15:00:00,438.0
2024-09-11 16:00:00,405.14
2024-09-11 17:00:00,406.78
2024-09-11 18:00:00,512.33
2024-09-11 19:00:00,469.0
2024-09-11 20:00:00,464.19
2024-09-11 21:00:00,438.24
2024-09-11 22:00:00,440.2
2024-09-11 23:00:00,347.62
2024-09-12 00:00:00,324.09
2024-09-12 01:00:00,356.78
2024-09-12 02:00:00,352.4
2024-09-12 03:00:00,351.97
2024-09-12 04:00:00,351.08
2024-09-12 05:00:00,364.63
2024-09-12 06:00:00,415.08
2024-09-12 07:00:00,416.33
2024-09-12 08:00:00,412.72
2024-09-12 09:00:00,429.46
2024-09-12 10:00:00,413.47
2024-09-12 11:00:00,438.89
2024-09-12 12:00:00,453.69
2024-09-12 13:00:00,430.37
2024-09-12 14:00:00,416.32
2024-09-12 15:00:00,408.94
2024-09-12 16:00:00,424.33
2024-09-12 17:00:00,433.72
2024-09-12 18:00:00,509.43
2024-09-12 19:00:00,460.53
2024-09-12 20:00:00,444.03
2024-09-12 21:00:00,463.82
2024-09-12 22:00:00,437.62
2024-09-12 23:00:00,344.58
2024-09-13 00:00:00,329.75
2024-09-13 01:00:00,337.19
2024-09-13 02:00:00,343.99
2024-09-13 03:00:00,337.0
2024-09-13 04:00:00,373.17
2024-09-13 05:00:00,349.62
2024-09-13 06:00:00,397.6
2024-09-13 07:00:00,409.06
2024-09-13 08:00:00,403.95
2024-09-13 09:00:00,447.37
2024-09-13 10:00:00,442.45
2024-09-13 11:00:00,429.86
2024-09-13 12:00:00,456.3
2024-09-13 13:00:00,428.94
2024-09-13 14:00:00,442.94
2024-09-13 15:00:00,430.56
2024-09-13 16:00:00,416.19
2024-09-13 17:00:00,367.26
2024-09-13 18:00:00,491.57
2024-09-13 19:00:00,488.55
2024-09-13 20:00:00,465.61
2024-09-13 21:00:00,490.5
2024-09-13 22:00:00,436.43
2024-09-13 23:00:00,341.95
2024-09-14 00:00:00,317.55
2024-09-14 01:00:00,300.9
2024-09-14 02:00:00,323.33
2024-09-14 03:00:00,326.36
2024-09-14 04:00:00,311.68
2024-09-14 05:00:00,346.08
2024-09-14 06:00:00,342.04
2024-09-14 07:00:00,363.4
2024-09-14 08:00:00,389.28
2024-09-14 09:00:00,391.06
2024-09-14 10:00:00,373.12
2024-09-14 11:00:00,422.63
2024-09-14 12:00:00,423.84
2024-09-14 13:00:00,428.97
2024-09-14 14:00:00,417.69
2024-09-14 15:00:00,399.44
2024-09-14 16:00:00,389.83
2024-09-14 17:00:00,373.82
2024-09-14 18:00:00,446.0
2024-09-14 19:00:00,429.32
2024-09-14 20:00:00,444.06
2024-09-14 21:00:00,411.19
2024-09-14 22:00:00,404.09
2024-09-14 23:00:00,310.24
2024-09-15 00:00:00,315.68
2024-09-15 01:00:00,316.02
2024-09-15 02:00:00,300.78
2024-09-15 03:00:00,298.35
2024-09-15 04:00:00,351.16
2024-09-15 05:00:00,369.4
2024-09-15 06:00:00,346.44
2024-09-15 07:00:00,372.75
2024-09-15 08:00:00,385.26
2024-09-15 09:00:00,422.84
2024-09-15 10:00:00,393.95
2024-09-15 11:00:00,431.77
2024-09-15 12:00:00,436.55
2024-09-15 13:00:00,403.52
2024-09-15 14:00:00,362.65
2024-09-15 15:00:00,403.53
2024-09-15 16:00:00,389.1
2024-09-15 17:00:00,392.61
2024-09-15 18:00:00,469.35
2024-09-15 19:00:00,444.85
2024-09-15 20:00:00,446.33
2024-09-15 21:00:00,417.71
2024-09-15 22:00:00,414.1
2024-09-15 23:00:00,293.58
2024-09-16 00:00:00,340.61
2024-09-16 01:00:00,315.92
2024-09-16 02:00:00,358.84
2024-09-16 03:00:00,351.61
2024-09-16 04:00:00,376.29
2024-09-16 05:00:00,351.07
2024-09-16 06:00:00,405.16
2024-09-16 07:00:00,406.71
2024-09-16 08:00:00,428.23
2024-09-16 09:00:00,443.16
2024-09-16 10:00:00,430.83
2024-09-16 11:00:00,418.57
2024-09-16 12:00:00,460.87
2024-09-16 13:00:00,462.47
2024-09-16 14:00:00,422.51
2024-09-16 15:00:00,430.67
2024-09-16 16:00:00,406.53
2024-09-16 17:00:00,387.04
2024-09-16 18:00:00,479.91
2024-09-16 19:00:00,499.57
2024-09-16 20:00:00,457.15
2024-09-16 21:00:00,435.45
2024-09-16 22:00:00,446.22
2024-09-16 23:00:00,349.55
2024-09-17 00:00:00,345.73
2024-09-17 01:00:00,317.02
2024-09-17 02:00:00,329.85
2024-09-17 03:00:00,326.84
2024-09-17 04:00:00,358.71
2024-09-17 05:00:00,377.16
2024-09-17 06:00:00,393.87
2024-09-17 07:00:00,433.94
2024-09-17 08:00:00,416.87
2024-09-17 09:00:00,437.78
2024-09-17 10:00:00,438.25
2024-09-17 11:00:00,432.63
2024-09-17 12:00:00,448.45
2024-09-17 13:00:00,432.02
2024-09-17 14:00:00,452.87
2024-09-17 15:00:00,434.49
2024-09-17 16:00:00,410.58
2024-09-17 17:00:00,410.32
2024-09-17 18:00:00,494.52
2024-09-17 19:00:00,477.67
2024-09-17 20:00:00,465.02
2024-09-17 21:00:00,470.7
2024-09-17 22:00:00,457.14
2024-09-17 23:00:00,327.49
2024-09-18 00:00:00,324.68
2024-09-18 01:00:00,325.55
2024-09-18 02:00:00,357.97
2024-09-18 03:00:00,359.94
2024-09-18 04:00:00,354.73
2024-09-18 05:00:00,384.42
2024-09-18 06:00:00,384.03
2024-09-18 07:00:00,385.79
2024-09-18 08:00:00,423.25
2024-09-18 09:00:00,427.06
2024-09-18 10:00:00,451.25
2024-09-18 11:00:00,432.53
2024-09-18 12:00:00,447.45
2024-09-18 13:00:00,469.88
2024-09-18 14:00:00,430.72
2024-09-18 15:00:00,431.19
2024-09-18 16:00:00,378.6
2024-09-18 17:00:00,416.32
2024-09-18 18:00:00,493.57
2024-09-18 19:00:00,495.11
2024-09-18 20:00:00,450.01
2024-09-18 21:00:00,455.5
2024-09-18 22:00:00,438.6
2024-09-18 23:00:00,324.58
2024-09-19 00:00:00,325.72
2024-09-19 01:00:00,367.45
2024-09-19 02:00:00,332.93
2024-09-19 03:00:00,371.33
2024-09-19 04:00:00,370.5
2024-09-19 05:00:00,388.53
2024-09-19 06:00:00,417.24
2024-09-19 07:00:00,414.59
2024-09-19 08:00:00,409.89
2024-09-19 09:00:00,447.31
2024-09-19 10:00:00,434.5
2024-09-19 11:00:00,413.94
2024-09-19 12:00:00,450.98
2024-09-19 13:00:00,452.62
2024-09-19 14:00:00,428.87
2024-09-19 15:00:00,434.61
2024-09-19 16:00:00,447.33
2024-09-19 17:00:00,391.02
2024-09-19 18:00:00,476.25
2024-09-19 19:00:00,470.28
2024-09-19 20:00:00,454.14
2024-09-19 21:00:00,468.98
2024-09-19 22:00:00,451.35
2024-09-19 23:00:00,323.17
2024-09-20 00:00:00,360.71
2024-09-20 01:00:00,320.39
2024-09-20 02:00:00,311.79
2024-09-20 03:00:00,372.96
2024-09-20 04:00:00,360.73
2024-09-20 05:00:00,360.05
2024-09-20 06:00:00,400.75
2024-09-20 07:00:00,406.58
2024-09-20 08:00:00,413.64
2024-09-20 09:00:00,439.43
2024-09-20 10:00:00,446.29
2024-09-20 11:00:00,462.45
2024-09-20 12:00:00,440.73
2024-09-20 13:00:00,466.47
2024-09-20 14:00:00,444.8
2024-09-20 15:00:00,421.26
2024-09-20 16:00:00,379.69
2024-09-20 17:00:00,418.19
2024-09-20 18:00:00,487.17
2024-09-20 19:00:00,458.04
2024-09-20 20:00:00,457.59
2024-09-20 21:00:00,455.34
2024-09-20 22:00:00,445.84
2024-09-20 23:00:00,355.39
2024-09-21 00:00:00,350.43
2024-09-21 01:00:00,316.71
2024-09-21 02:00:00,307.96
2024-09-21 03:00:00,343.27
2024-09-21 04:00:00,321.44
2024-09-21 05:00:00,353.58
2024-09-21 06:00:00,368.44
2024-09-21 07:00:00,361.36
2024-09-21 08:00:00,384.9
2024-09-21 09:00:00,397.67
2024-09-21 10:00:00,411.68
2024-09-21 11:00:00,406.13
2024-09-21 12:00:00,432.81
2024-09-21 13:00:00,390.11
2024-09-21 14:00:00,389.96
2024-09-21 15:00:00,407.86
2024-09-21 16:00:00,401.23
2024-09-21 17:00:00,371.82
2024-09-21 18:00:00,457.24
2024-09-21 19:00:00,434.74
2024-09-21 20:00:00,442.91
2024-09-21 21:00:00,408.18
2024-09-21 22:00:00,389.62
2024-09-21 23:00:00,317.98
2024-09-22 00:00:00,312.51
2024-09-22 01:00:00,309.58
2024-09-22 02:00:00,329.44
2024-09-22 03:00:00,320.01
2024-09-22 04:00:00,336.87
2024-09-22 05:00:00,378.33
2024-09-22 06:00:00,368.2
2024-09-22 07:00:00,377.49
2024-09-22 08:00:00,365.82
2024-09-22 09:00:00,399.06
2024-09-22 10:00:00,383.5
2024-09-22 11:00:00,391.58
2024-09-22 12:00:00,407.84
2024-09-22 13:00:00,412.19
2024-09-22 14:00:00,390.09
2024-09-22 15:00:00,403.44
2024-09-22 16:00:00,392.63
2024-09-22 17:00:00,370.21
2024-09-22 18:00:00,482.33
2024-09-22 19:00:00,486.21
2024-09-22 20:00:00,438.37
2024-09-22 21:00:00,414.8
2024-09-22 22:00:00,409.94
2024-09-22 23:00:00,314.78
2024-09-23 00:00:00,362.8
2024-09-23 01:00:00,353.65
2024-09-23 02:00:00,348.29
2024-09-23 03:00:00,349.97
2024-09-23 04:00:00,375.57
2024-09-23 05:00:00,399.72
2024-09-23 06:00:00,392.33
2024-09-23 07:00:00,430.06
2024-09-23 08:00:00,390.38
2024-09-23 09:00:00,450.87
2024-09-23 10:00:00,441.82
2024-09-23 11:00:00,418.07
2024-09-23 12:00:00,438.68
2024-09-23 13:00:00,460.59
2024-09-23 14:00:00,430.59
2024-09-23 15:00:00,404.31
2024-09-23 16:00:00,417.67
2024-09-23 17:00:00,400.83
2024-09-23 18:00:00,497.36
2024-09-23 19:00:00,494.86
2024-09-23 20:00:00,465.6
2024-09-23 21:00:00,451.42
2024-09-23 22:00:00,429.96
2024-09-23 23:00:00,337.09
2024-09-24 00:00:00,330.5
2024-09-24 01:00:00,355.39
2024-09-24 02:00:00,322.98
2024-09-24 03:00:00,354.56
2024-09-24 04:00:00,376.06
2024-09-24 05:00:00,374.49
2024-09-24 06:00:00,389.93
2024-09-24 07:00:00,396.0
2024-09-24 08:00:00,402.18
2024-09-24 09:00:00,406.48
2024-09-24 10:00:00,432.05
2024-09-24 11:00:00,440.05
2024-09-24 12:00:00,448.23
2024-09-24 13:00:00,414.97
2024-09-24 14:00:00,414.15
2024-09-24 15:00:00,431.41
2024-09-24 16:00:00,404.29
2024-09-24 17:00:00,399.48
2024-09-24 18:00:00,488.3
2024-09-24 19:00:00,505.18
2024-09-24 20:00:00,442.04
2024-09-24 21:00:00,443.46
2024-09-24 22:00:00,434.48
2024-09-24 23:00:00,325.4
2024-09-25 00:00:00,333.99
2024-09-25 01:00:00,356.14
2024-09-25 02:00:00,360.82
2024-09-25 03:00:00,373.78
2024-09-25 04:00:00,359.52
2024-09-25 05:00:00,373.99
2024-09-25 06:00:00,392.55
2024-09-25 07:00:00,373.95
2024-09-25 08:00:00,436.15
2024-09-25 09:00:00,434.04
2024-09-25 10:00:00,448.5
2024-09-25 11:00:00,431.27
2024-09-25 12:00:00,425.29
2024-09-25 13:00:00,442.39
2024-09-25 14:00:00,396.98
2024-09-25 15:00:00,426.98
2024-09-25 16:00:00,403.96
2024-09-25 17:00:00,405.79
2024-09-25 18:00:00,479.85
2024-09-25 19:00:00,472.82
2024-09-25 20:00:00,459.42
2024-09-25 21:00:00,476.15
2024-09-25 22:00:00,458.57
2024-09-25 23:00:00,339.67
2024-09-26 00:00:00,356.36
2024-09-26 01:00:00,331.61
2024-09-26 02:00:00,350.71
2024-09-26 03:00:00,360.99
2024-09-26 04:00:00,388.94
2024-09-26 05:00:00,393.24
2024-09-26 06:00:00,398.21
2024-09-26 07:00:00,397.82
2024-09-26 08:00:00,426.71
2024-09-26 09:00:00,417.6
2024-09-26 10:00:00,416.82
2024-09-26 11:00:00,416.24
2024-09-26 12:00:00,423.96
2024-09-26 13:00:00,441.23
2024-09-26 14:00:00,437.58
2024-09-26 15:00:00,409.29
2024-09-26 16:00:00,418.25
2024-09-26 17:00:00,414.63
2024-09-26 18:00:00,488.14
2024-09-26 19:00:00,480.4
2024-09-26 20:00:00,429.46
2024-09-26 21:00:00,473.05
2024-09-26 22:00:00,439.5
2024-09-26 23:00:00,336.28
2024-09-27 00:00:00,346.06
2024-09-27 01:00:00,324.5
2024-09-27 02:00:00,307.18
2024-09-27 03:00:00,328.32
2024-09-27 04:00:00,384.72
2024-09-27 05:00:00,366.65
2024-09-27 06:00:00,390.3
2024-09-27 07:00:00,410.58
2024-09-27 08:00:00,398.57
2024-09-27 09:00:00,408.8
2024-09-27 10:00:00,460.54
2024-09-27 11:00:00,427.93
2024-09-27 12:00:00,424.27
2024-09-27 13:00:00,433.39
2024-09-27 14:00:00,432.47
2024-09-27 15:00:00,433.35
2024-09-27 16:00:00,393.74
2024-09-27 17:00:00,420.11
2024-09-27 18:00:00,493.06
2024-09-27 19:00:00,469.21
2024-09-27 20:00:00,469.89
2024-09-27 21:00:00,460.69
2024-09-27 22:00:00,418.27
2024-09-27 23:00:00,340.54
2024-09-28 00:00:00,293.3
2024-09-28 01:00:00,293.66
2024-09-28 02:00:00,294.12
2024-09-28 03:00:00,314.0
2024-09-28 04:00:00,352.04
2024-09-28 05:00:00,341.74
2024-09-28 06:00:00,346.16
2024-09-28 07:00:00,395.4
2024-09-28 08:00:00,380.35
2024-09-28 09:00:00,390.92
2024-09-28 10:00:00,432.62
2024-09-28 11:00:00,398.97
2024-09-28 12:00:00,418.83
2024-09-28 13:00:00,393.21
2024-09-28 14:00:00,410.29
2024-09-28 15:00:00,370.9
2024-09-28 16:00:00,391.13
2024-09-28 17:00:00,366.03
2024-09-28 18:00:00,461.69
2024-09-28 19:00:00,440.27
2024-09-28 20:00:00,439.89
2024-09-28 21:00:00,438.75
2024-09-28 22:00:00,415.11
2024-09-28 23:00:00,317.82
2024-09-29 00:00:00,296.02
2024-09-29 01:00:00,328.17
2024-09-29 02:00:00,341.54
2024-09-29 03:00:00,298.06
2024-09-29 04:00:00,338.92
2024-09-29 05:00:00,369.11
2024-09-29 06:00:00,384.4
2024-09-29 07:00:00,346.36
2024-09-29 08:00:00,377.67
2024-09-29 09:00:00,406.55
2024-09-29 10:00:00,409.8
2024-09-29 11:00:00,411.4
2024-09-29 12:00:00,372.6
2024-09-29 13:00:00,430.26
2024-09-29 14:00:00,413.28
2024-09-29 15:00:00,392.53
2024-09-29 16:00:00,393.99
2024-09-29 17:00:00,360.64
2024-09-29 18:00:00,455.54
2024-09-29 19:00:00,433.08
2024-09-29 20:00:00,415.33
2024-09-29 21:00:00,438.43
2024-09-29 22:00:00,408.49
2024-09-29 23:00:00,338.41
2024-09-30 00:00:00,344.1
2024-09-30 01:00:00,345.61
2024-09-30 02:00:00,353.34
2024-09-30 03:00:00,365.12
2024-09-30 04:00:00,378.08
2024-09-30 05:00:00,371.29
2024-09-30 06:00:00,381.32
2024-09-30 07:00:00,396.18
2024-09-30 08:00:00,436.48
2024-09-30 09:00:00,449.28
2024-09-30 10:00:00,432.38
2024-09-30 11:00:00,439.79
2024-09-30 12:00:00,479.5
2024-09-30 13:00:00,416.03
2024-09-30 14:00:00,431.3
2024-09-30 15:00:00,449.21
2024-09-30 16:00:00,402.12
2024-09-30 17:00:00,420.95
2024-09-30 18:00:00,503.44
2024-09-30 19:00:00,466.81
2024-09-30 20:00:00,453.09
2024-09-30 21:00:00,436.68
2024-09-30 22:00:00,442.51
2024-09-30 23:00:00,339.42
2024-10-01 00:00:00,383.41
2024-10-01 01:00:00,395.35
2024-10-01 02:00:00,379.98
2024-10-01 03:00:00,393.48
2024-10-01 04:00:00,403.82
2024-10-01 05:00:00,419.97
2024-10-01 06:00:00,403.36
2024-10-01 07:00:00,453.32
2024-10-01 08:00:00,474.06
2024-10-01 09:00:00,471.83
2024-10-01 10:00:00,487.47
2024-10-01 11:00:00,489.51
2024-10-01 12:00:00,479.37
2024-10-01 13:00:00,485.4
2024-10-01 14:00:00,490.37
2024-10-01 15:00:00,484.38
2024-10-01 16:00:00,451.16
2024-10-01 17:00:00,425.24
2024-10-01 18:00:00,546.56
2024-10-01 19:00:00,525.58
2024-10-01 20:00:00,528.01
2024-10-01 21:00:00,506.32
2024-10-01 22:00:00,484.42
2024-10-01 23:00:00,406.83
2024-10-02 00:00:00,376.13
2024-10-02 01:00:00,392.28
2024-10-02 02:00:00,389.0
2024-10-02 03:00:00,397.92
2024-10-02 04:00:00,417.57
2024-10-02 05:00:00,430.34
2024-10-02 06:00:00,412.08
2024-10-02 07:00:00,458.0
2024-10-02 08:00:00,461.61
2024-10-02 09:00:00,457.18
2024-10-02 10:00:00,457.46
2024-10-02 11:00:00,470.71
2024-10-02 12:00:00,479.13
2024-10-02 13:00:00,465.97
2024-10-02 14:00:00,470.81
2024-10-02 15:00:00,450.54
2024-10-02 16:00:00,455.11
2024-10-02 17:00:00,444.9
2024-10-02 18:00:00,526.68
2024-10-02 19:00:00,510.41
2024-10-02 20:00:00,498.32
2024-10-02 21:00:00,500.5
2024-10-02 22:00:00,484.71
2024-10-02 23:00:00,402.87
2024-10-03 00:00:00,381.84
2024-10-03 01:00:00,392.34
2024-10-03 02:00:00,369.77
2024-10-03 03:00:00,381.35
2024-10-03 04:00:00,388.29
2024-10-03 05:00:00,409.29
2024-10-03 06:00:00,450.75
2024-10-03 07:00:00,430.1
2024-10-03 08:00:00,454.03
2024-10-03 09:00:00,449.53
2024-10-03 10:00:00,475.81
2024-10-03 11:00:00,470.9
2024-10-03 12:00:00,500.14
2024-10-03 13:00:00,454.34
2024-10-03 14:00:00,459.77
2024-10-03 15:00:00,487.59
2024-10-03 16:00:00,431.15
2024-10-03 17:00:00,426.91
2024-10-03 18:00:00,534.7
2024-10-03 19:00:00,494.0
2024-10-03 20:00:00,510.25
2024-10-03 21:00:00,523.88
2024-10-03 22:00:00,467.13
2024-10-03 23:00:00,359.77
2024-10-04 00:00:00,356.91
2024-10-04 01:00:00,379.26
2024-10-04 02:00:00,393.37
2024-10-04 03:00:00,397.66
2024-10-04 04:00:00,370.15
2024-10-04 05:00:00,393.53
2024-10-04 06:00:00,420.98
2024-10-04 07:00:00,461.68
2024-10-04 08:00:00,453.44
2024-10-04 09:00:00,486.7
2024-10-04 10:00:00,483.28
2024-10-04 11:00:00,490.96
2024-10-04 12:00:00,456.31
2024-10-04 13:00:00,472.93
2024-10-04 14:00:00,464.76
2024-10-04 15:00:00,456.21
2024-10-04 16:00:00,457.96
2024-10-04 17:00:00,439.81
2024-10-04 18:00:00,549.81
2024-10-04 19:00:00,508.21
2024-10-04 20:00:00,496.74
2024-10-04 21:00:00,504.34
2024-10-04 22:00:00,537.8
2024-10-04 23:00:00,372.11
2024-10-05 00:00:00,331.71
2024-10-05 01:00:00,364.71
2024-10-05 02:00:00,340.56
2024-10-05 03:00:00,380.61
2024-10-05 04:00:00,373.33
2024-10-05 05:00:00,397.38
2024-10-05 06:00:00,410.58
2024-10-05 07:00:00,435.25
2024-10-05 08:00:00,419.66
2024-10-05 09:00:00,446.79
2024-10-05 10:00:00,471.62
2024-10-05 11:00:00,459.12
2024-10-05 12:00:00,444.52
2024-10-05 13:00:00,473.44
2024-10-05 14:00:00,449.87
2024-10-05 15:00:00,428.42
2024-10-05 16:00:00,410.03
2024-10-05 17:00:00,419.9
2024-10-05 18:00:00,496.18
2024-10-05 19:00:00,469.19
2024-10-05 20:00:00,459.47
2024-10-05 21:00:00,479.95
2024-10-05 22:00:00,463.41
2024-10-05 23:00:00,363.16
2024-10-06 00:00:00,370.61
2024-10-06 01:00:00,355.59
2024-10-06 02:00:00,349.59
2024-10-06 03:00:00,387.79
2024-10-06 04:00:00,385.25
2024-10-06 05:00:00,389.56
2024-10-06 06:00:00,405.5
2024-10-06 07:00:00,426.96
2024-10-06 08:00:00,456.66
2024-10-06 09:00:00,452.4
2024-10-06 10:00:00,458.9
2024-10-06 11:00:00,438.19
2024-10-06 12:00:00,442.51
2024-10-06 13:00:00,459.84
2024-10-06 14:00:00,443.66
2024-10-06 15:00:00,448.03
2024-10-06 16:00:00,418.06
2024-10-06 17:00:00,371.5
2024-10-06 18:00:00,495.17
2024-10-06 19:00:00,530.74
2024-10-06 20:00:00,456.7
2024-10-06 21:00:00,457.16
2024-10-06 22:00:00,440.18
2024-10-06 23:00:00,354.88
2024-10-07 00:00:00,388.86
2024-10-07 01:00:00,420.92
2024-10-07 02:00:00,411.88
2024-10-07 03:00:00,401.57
2024-10-07 04:00:00,388.33
2024-10-07 05:00:00,408.96
2024-10-07 06:00:00,434.08
2024-10-07 07:00:00,443.71
2024-10-07 08:00:00,461.16
2024-10-07 09:00:00,463.09
2024-10-07 10:00:00,473.5
2024-10-07 11:00:00,463.96
2024-10-07 12:00:00,477.8
2024-10-07 13:00:00,439.27
2024-10-07 14:00:00,497.88
2024-10-07 15:00:00,460.96
2024-10-07 16:00:00,449.53
2024-10-07 17:00:00,424.27
2024-10-07 18:00:00,534.06
2024-10-07 19:00:00,536.89
2024-10-07 20:00:00,502.17
2024-10-07 21:00:00,508.7
2024-10-07 22:00:00,504.21
2024-10-07 23:00:00,356.9
2024-10-08 00:00:00,373.87
2024-10-08 01:00:00,376.64
2024-10-08 02:00:00,391.07
2024-10-08 03:00:00,403.34
2024-10-08 04:00:00,370.83
2024-10-08 05:00:00,420.93
2024-10-08 06:00:00,443.09
2024-10-08 07:00:00,444.17
2024-10-08 08:00:00,447.03
2024-10-08 09:00:00,469.82
2024-10-08 10:00:00,484.92
2024-10-08 11:00:00,483.48
2024-10-08 12:00:00,478.46
2024-10-08 13:00:00,489.23
2024-10-08 14:00:00,477.11
2024-10-08 15:00:00,480.9
2024-10-08 16:00:00,419.31
2024-10-08 17:00:00,459.76
2024-10-08 18:00:00,539.29
2024-10-08 19:00:00,526.06
2024-10-08 20:00:00,507.6
2024-10-08 21:00:00,523.53
2024-10-08 22:00:00,488.49
2024-10-08 23:00:00,372.57
2024-10-09 00:00:00,384.28
2024-10-09 01:00:00,373.68
2024-10-09 02:00:00,385.8
2024-10-09 03:00:00,399.66
2024-10-09 04:00:00,396.15
2024-10-09 05:00:00,414.54
2024-10-09 06:00:00,460.33
2024-10-09 07:00:00,424.95
2024-10-09 08:00:00,450.03
2024-10-09 09:00:00,475.85
2024-10-09 10:00:00,479.54
2024-10-09 11:00:00,473.88
2024-10-09 12:00:00,465.09
2024-10-09 13:00:00,482.03
2024-10-09 14:00:00,497.05
2024-10-09 15:00:00,465.53
2024-10-09 16:00:00,465.37
2024-10-09 17:00:00,449.11
2024-10-09 18:00:00,532.22
2024-10-09 19:00:00,550.41
2024-10-09 20:00:00,499.34
2024-10-09 21:00:00,475.46
2024-10-09 22:00:00,497.5
2024-10-09 23:00:00,385.82
2024-10-10 00:00:00,393.04
2024-10-10 01:00:00,380.88
2024-10-10 02:00:00,406.1
2024-10-10 03:00:00,407.82
2024-10-10 04:00:00,387.75
2024-10-10 05:00:00,394.53
2024-10-10 06:00:00,457.37
2024-10-10 07:00:00,425.05
2024-10-10 08:00:00,473.11
2024-10-10 09:00:00,458.36
2024-10-10 10:00:00,463.11
2024-10-10 11:00:00,483.11
2024-10-10 12:00:00,468.37
2024-10-10 13:00:00,457.49
2024-10-10 14:00:00,502.65
2024-10-10 15:00:00,453.68
2024-10-10 16:00:00,473.17
2024-10-10 17:00:00,455.31
2024-10-10 18:00:00,540.38
2024-10-10 19:00:00,510.17
2024-10-10 20:00:00,479.24
2024-10-10 21:00:00,505.26
2024-10-10 22:00:00,495.29
2024-10-10 23:00:00,365.0
2024-10-11 00:00:00,372.86
2024-10-11 01:00:00,381.11
2024-10-11 02:00:00,380.93
2024-10-11 03:00:00,380.54
2024-10-11 04:00:00,403.11
2024-10-11 05:00:00,441.62
2024-10-11 06:00:00,432.15
2024-10-11 07:00:00,449.22
2024-10-11 08:00:00,439.93
2024-10-11 09:00:00,463.12
2024-10-11 10:00:00,489.17
2024-10-11 11:00:00,474.51
2024-10-11 12:00:00,474.2
2024-10-11 13:00:00,444.92
2024-10-11 14:00:00,468.65
2024-10-11 15:00:00,455.22
2024-10-11 16:00:00,468.73
2024-10-11 17:00:00,415.54
2024-10-11 18:00:00,516.61
2024-10-11 19:00:00,525.56
2024-10-11 20:00:00,526.28
2024-10-11 21:00:00,501.93
2024-10-11 22:00:00,506.52
2024-10-11 23:00:00,371.54
2024-10-12 00:00:00,363.63
2024-10-12 01:00:00,311.94
2024-10-12 02:00:00,336.24
2024-10-12 03:00:00,382.94
2024-10-12 04:00:00,372.17
2024-10-12 05:00:00,387.96
2024-10-12 06:00:00,414.7
2024-10-12 07:00:00,408.8
2024-10-12 08:00:00,405.12
2024-10-12 09:00:00,445.79
2024-10-12 10:00:00,436.4
2024-10-12 11:00:00,416.54
2024-10-12 12:00:00,454.24
2024-10-12 13:00:00,440.82
2024-10-12 14:00:00,470.27
2024-10-12 15:00:00,446.07
2024-10-12 16:00:00,408.31
2024-10-12 17:00:00,410.65
2024-10-12 18:00:00,486.01
2024-10-12 19:00:00,492.72
2024-10-12 20:00:00,458.34
2024-10-12 21:00:00,472.48
2024-10-12 22:00:00,453.78
2024-10-12 23:00:00,384.94
2024-10-13 00:00:00,373.04
2024-10-13 01:00:00,362.83
2024-10-13 02:00:00,360.81
2024-10-13 03:00:00,396.02
2024-10-13 04:00:00,414.52
2024-10-13 05:00:00,416.41
2024-10-13 06:00:00,429.53
2024-10-13 07:00:00,386.55
2024-10-13 08:00:00,422.03
2024-10-13 09:00:00,450.89
2024-10-13 10:00:00,435.67
2024-10-13 11:00:00,460.18
2024-10-13 12:00:00,468.02
2024-10-13 13:00:00,410.44
2024-10-13 14:00:00,446.0
2024-10-13 15:00:00,437.42
2024-10-13 16:00:00,452.39
2024-10-13 17:00:00,423.84
2024-10-13 18:00:00,498.44
2024-10-13 19:00:00,458.35
2024-10-13 20:00:00,474.21
2024-10-13 21:00:00,456.17
2024-10-13 22:00:00,475.78
2024-10-13 23:00:00,351.33
2024-10-14 00:00:00,376.75
2024-10-14 01:00:00,390.71
2024-10-14 02:00:00,396.57
2024-10-14 03:00:00,404.73
2024-10-14 04:00:00,400.21
2024-10-14 05:00:00,415.72
2024-10-14 06:00:00,422.13
2024-10-14 07:00:00,457.29
2024-10-14 08:00:00,462.03
2024-10-14 09:00:00,478.02
2024-10-14 10:00:00,466.1
2024-10-14 11:00:00,470.0
2024-10-14 12:00:00,487.84
2024-10-14 13:00:00,485.33
2024-10-14 14:00:00,486.07
2024-10-14 15:00:00,481.67
2024-10-14 16:00:00,460.99
2024-10-14 17:00:00,460.99
2024-10-14 18:00:00,536.78
2024-10-14 19:00:00,508.73
2024-10-14 20:00:00,534.93
2024-10-14 21:00:00,489.35
2024-10-14 22:00:00,512.9
2024-10-14 23:00:00,362.29
2024-10-15 00:00:00,357.37
2024-10-15 01:00:00,395.55
2024-10-15 02:00:00,395.13
2024-10-15 03:00:00,393.71
2024-10-15 04:00:00,408.23
2024-10-15 05:00:00,382.91
2024-10-15 06:00:00,438.11
2024-10-15 07:00:00,453.41
2024-10-15 08:00:00,459.38
2024-10-15 09:00:00,426.3
2024-10-15 10:00:00,475.0
2024-10-15 11:00:00,499.12
2024-10-15 12:00:00,496.9
2024-10-15 13:00:00,469.2
2024-10-15 14:00:00,472.47
2024-10-15 15:00:00,465.05
2024-10-15 16:00:00,441.94
2024-10-15 17:00:00,458.31
2024-10-15 18:00:00,527.15
2024-10-15 19:00:00,513.75
2024-10-15 20:00:00,509.59
2024-10-15 21:00:00,504.96
2024-10-15 22:00:00,492.33
2024-10-15 23:00:00,376.98
2024-10-16 00:00:00,352.73
2024-10-16 01:00:00,376.75
2024-10-16 02:00:00,382.87
2024-10-16 03:00:00,372.98
2024-10-16 04:00:00,414.38
2024-10-16 05:00:00,413.46
2024-10-16 06:00:00,426.7
2024-10-16 07:00:00,465.33
2024-10-16 08:00:00,441.48
2024-10-16 09:00:00,439.67
2024-10-16 10:00:00,454.66
2024-10-16 11:00:00,491.6
2024-10-16 12:00:00,472.16
2024-10-16 13:00:00,461.09
2024-10-16 14:00:00,469.86
2024-10-16 15:00:00,497.87
2024-10-16 16:00:00,437.32
2024-10-16 17:00:00,443.59
2024-10-16 18:00:00,529.38
2024-10-16 19:00:00,505.82
2024-10-16 20:00:00,514.6
2024-10-16 21:00:00,475.32
2024-10-16 22:00:00,496.73
2024-10-16 23:00:00,365.96
2024-10-17 00:00:00,370.6
2024-10-17 01:00:00,385.96
2024-10-17 02:00:00,380.54
2024-10-17 03:00:00,420.87
2024-10-17 04:00:00,412.61
2024-10-17 05:00:00,398.62
2024-10-17 06:00:00,445.54
2024-10-17 07:00:00,418.84
2024-10-17 08:00:00,469.6
2024-10-17 09:00:00,474.47
2024-10-17 10:00:00,475.49
2024-10-17 11:00:00,497.43
2024-10-17 12:00:00,474.19
2024-10-17 13:00:00,480.67
2024-10-17 14:00:00,478.04
2024-10-17 15:00:00,477.77
2024-10-17 16:00:00,457.16
2024-10-17 17:00:00,433.52
2024-10-17 18:00:00,536.08
2024-10-17 19:00:00,516.47
2024-10-17 20:00:00,494.25
2024-10-17 21:00:00,507.95
2024-10-17 22:00:00,507.56
2024-10-17 23:00:00,377.92
2024-10-18 00:00:00,367.17
2024-10-18 01:00:00,397.53
2024-10-18 02:00:00,390.77
2024-10-18 03:00:00,426.09
2024-10-18 04:00:00,419.28
2024-10-18 05:00:00,421.14
2024-10-18 06:00:00,424.7
2024-10-18 07:00:00,466.01
2024-10-18 08:00:00,434.4
2024-10-18 09:00:00,456.0
2024-10-18 10:00:00,470.14
2024-10-18 11:00:00,487.68
2024-10-18 12:00:00,472.01
2024-10-18 13:00:00,488.11
2024-10-18 14:00:00,447.71
2024-10-18 15:00:00,457.88
2024-10-18 16:00:00,460.78
2024-10-18 17:00:00,435.87
2024-10-18 18:00:00,530.52
2024-10-18 19:00:00,516.78
2024-10-18 20:00:00,459.45
2024-10-18 21:00:00,491.21
2024-10-18 22:00:00,507.67
2024-10-18 23:00:00,377.52
2024-10-19 00:00:00,364.36
2024-10-19 01:00:00,353.99
2024-10-19 02:00:00,351.95
2024-10-19 03:00:00,382.49
2024-10-19 04:00:00,367.28
2024-10-19 05:00:00,389.97
2024-10-19 06:00:00,407.55
2024-10-19 07:00:00,399.06
2024-10-19 08:00:00,409.0
2024-10-19 09:00:00,432.01
2024-10-19 10:00:00,427.5
2024-10-19 11:00:00,455.5
2024-10-19 12:00:00,460.66
2024-10-19 13:00:00,453.99
2024-10-19 14:00:00,440.67
2024-10-19 15:00:00,440.87
2024-10-19 16:00:00,420.31
2024-10-19 17:00:00,407.9
2024-10-19 18:00:00,482.16
2024-10-19 19:00:00,519.09
2024-10-19 20:00:00,479.38
2024-10-19 21:00:00,466.84
2024-10-19 22:00:00,454.35
2024-10-19 23:00:00,364.44
2024-10-20 00:00:00,328.87
2024-10-20 01:00:00,339.23
2024-10-20 02:00:00,373.3
2024-10-20 03:00:00,353.23
2024-10-20 04:00:00,392.46
2024-10-20 05:00:00,371.39
2024-10-20 06:00:00,398.37
2024-10-20 07:00:00,419.05
2024-10-20 08:00:00,401.2
2024-10-20 09:00:00,421.27
2024-10-20 10:00:00,425.43
2024-10-20 11:00:00,445.61
2024-10-20 12:00:00,427.26
2024-10-20 13:00:00,451.85
2024-10-20 14:00:00,436.5
2024-10-20 15:00:00,442.55
2024-10-20 16:00:00,414.33
2024-10-20 17:00:00,396.54
2024-10-20 18:00:00,485.55
2024-10-20 19:00:00,477.4
2024-10-20 20:00:00,476.97
2024-10-20 21:00:00,473.49
2024-10-20 22:00:00,463.95
2024-10-20 23:00:00,391.11
2024-10-21 00:00:00,378.86
2024-10-21 01:00:00,361.2
2024-10-21 02:00:00,377.9
2024-10-21 03:00:00,374.88
2024-10-21 04:00:00,424.28
2024-10-21 05:00:00,444.23
2024-10-21 06:00:00,406.1
2024-10-21 07:00:00,428.32
2024-10-21 08:00:00,448.83
2024-10-21 09:00:00,489.27
2024-10-21 10:00:00,473.03
2024-10-21 11:00:00,464.16
2024-10-21 12:00:00,494.3
2024-10-21 13:00:00,481.05
2024-10-21 14:00:00,497.83
2024-10-21 15:00:00,454.48
2024-10-21 16:00:00,446.02
2024-10-21 17:00:00,465.26
2024-10-21 18:00:00,541.39
2024-10-21 19:00:00,524.23
2024-10-21 20:00:00,503.18
2024-10-21 21:00:00,469.25
2024-10-21 22:00:00,493.32
2024-10-21 23:00:00,375.32
2024-10-22 00:00:00,391.15
2024-10-22 01:00:00,370.01
2024-10-22 02:00:00,386.75
2024-10-22 03:00:00,391.01
2024-10-22 04:00:00,402.21
2024-10-22 05:00:00,438.74
2024-10-22 06:00:00,403.26
2024-10-22 07:00:00,448.25
2024-10-22 08:00:00,472.86
2024-10-22 09:00:00,438.46
2024-10-22 10:00:00,479.35
2024-10-22 11:00:00,489.69
2024-10-22 12:00:00,471.94
2024-10-22 13:00:00,451.69
2024-10-22 14:00:00,465.16
2024-10-22 15:00:00,451.06
2024-10-22 16:00:00,473.53
2024-10-22 17:00:00,447.79
2024-10-22 18:00:00,526.31
2024-10-22 19:00:00,519.96
2024-10-22 20:00:00,515.67
2024-10-22 21:00:00,498.15
2024-10-22 22:00:00,471.37
2024-10-22 23:00:00,391.95
2024-10-23 00:00:00,397.08
2024-10-23 01:00:00,402.09
2024-10-23 02:00:00,407.75
2024-10-23 03:00:00,417.43
2024-10-23 04:00:00,415.6
2024-10-23 05:00:00,408.16
2024-10-23 06:00:00,434.09
2024-10-23 07:00:00,474.34
2024-10-23 08:00:00,467.59
2024-10-23 09:00:00,464.52
2024-10-23 10:00:00,491.17
2024-10-23 11:00:00,490.17
2024-10-23 12:00:00,479.18
2024-10-23 13:00:00,499.73
2024-10-23 14:00:00,464.2
2024-10-23 15:00:00,466.24
2024-10-23 16:00:00,465.28
2024-10-23 17:00:00,445.94
2024-10-23 18:00:00,509.27
2024-10-23 19:00:00,497.22
2024-10-23 20:00:00,521.31
2024-10-23 21:00:00,513.38
2024-10-23 22:00:00,478.07
2024-10-23 23:00:00,415.88
2024-10-24 00:00:00,349.45
2024-10-24 01:00:00,382.53
2024-10-24 02:00:00,383.44
2024-10-24 03:00:00,395.56
2024-10-24 04:00:00,405.32
2024-10-24 05:00:00,427.87
2024-10-24 06:00:00,431.25
2024-10-24 07:00:00,448.85
2024-10-24 08:00:00,452.16
2024-10-24 09:00:00,453.75
2024-10-24 10:00:00,459.96
2024-10-24 11:00:00,463.75
2024-10-24 12:00:00,477.41
2024-10-24 13:00:00,460.46
2024-10-24 14:00:00,475.06
2024-10-24 15:00:00,459.31
2024-10-24 16:00:00,442.21
2024-10-24 17:00:00,434.29
2024-10-24 18:00:00,541.42
2024-10-24 19:00:00,535.67
2024-10-24 20:00:00,498.81
2024-10-24 21:00:00,483.24
2024-10-24 22:00:00,489.48
2024-10-24 23:00:00,371.58
2024-10-25 00:00:00,394.83
2024-10-25 01:00:00,366.45
2024-10-25 02:00:00,394.13
2024-10-25 03:00:00,401.94
2024-10-25 04:00:00,400.25
2024-10-25 05:00:00,407.87
2024-10-25 06:00:00,413.1
2024-10-25 07:00:00,447.97
2024-10-25 08:00:00,477.06
2024-10-25 09:00:00,467.73
2024-10-25 10:00:00,458.93
2024-10-25 11:00:00,477.52
2024-10-25 12:00:00,505.49
2024-10-25 13:00:00,502.8
2024-10-25 14:00:00,487.6
2024-10-25 15:00:00,476.6
2024-10-25 16:00:00,473.71
2024-10-25 17:00:00,420.67
2024-10-25 18:00:00,563.32
2024-10-25 19:00:00,500.68
2024-10-25 20:00:00,509.83
2024-10-25 21:00:00,505.35
2024-10-25 22:00:00,507.32
2024-10-25 23:00:00,380.4
2024-10-26 00:00:00,339.55
2024-10-26 01:00:00,347.51
2024-10-26 02:00:00,360.95
2024-10-26 03:00:00,372.98
2024-10-26 04:00:00,376.46
2024-10-26 05:00:00,397.02
2024-10-26 06:00:00,414.1
2024-10-26 07:00:00,415.23
2024-10-26 08:00:00,410.48
2024-10-26 09:00:00,441.58
2024-10-26 10:00:00,440.76
2024-10-26 11:00:00,452.22
2024-10-26 12:00:00,482.09
2024-10-26 13:00:00,449.59
2024-10-26 14:00:00,468.99
2024-10-26 15:00:00,443.66
2024-10-26 16:00:00,433.13
2024-10-26 17:00:00,428.71
2024-10-26 18:00:00,501.28
2024-10-26 19:00:00,482.93
2024-10-26 20:00:00,480.39
2024-10-26 21:00:00,463.73
2024-10-26 22:00:00,457.48
2024-10-26 23:00:00,315.48
2024-10-27 00:00:00,354.18
2024-10-27 01:00:00,348.08
2024-10-27 02:00:00,368.65
2024-10-27 03:00:00,374.35
2024-10-27 04:00:00,365.27
2024-10-27 05:00:00,365.89
2024-10-27 06:00:00,401.71
2024-10-27 07:00:00,410.57
2024-10-27 08:00:00,434.52
2024-10-27 09:00:00,441.77
2024-10-27 10:00:00,452.51
2024-10-27 11:00:00,447.88
2024-10-27 12:00:00,458.41
2024-10-27 13:00:00,471.84
2024-10-27 14:00:00,457.56
2024-10-27 15:00:00,415.93
2024-10-27 16:00:00,419.28
2024-10-27 17:00:00,414.49
2024-10-27 18:00:00,494.73
2024-10-27 19:00:00,491.45
2024-10-27 20:00:00,477.43
2024-10-27 21:00:00,481.92
2024-10-27 22:00:00,465.92
2024-10-27 23:00:00,360.66
2024-10-28 00:00:00,400.69
2024-10-28 01:00:00,361.15
2024-10-28 02:00:00,393.68
2024-10-28 03:00:00,405.9
2024-10-28 04:00:00,440.27
2024-10-28 05:00:00,402.42
2024-10-28 06:00:00,424.28
2024-10-28 07:00:00,456.92
2024-10-28 08:00:00,447.2
2024-10-28 09:00:00,454.85
2024-10-28 10:00:00,474.85
2024-10-28 11:00:00,486.85
2024-10-28 12:00:00,506.49
2024-10-28 13:00:00,452.12
2024-10-28 14:00:00,508.89
2024-10-28 15:00:00,462.87
2024-10-28 16:00:00,474.16
2024-10-28 17:00:00,424.77
2024-10-28 18:00:00,526.51
2024-10-28 19:00:00,503.53
2024-10-28 20:00:00,498.91
2024-10-28 21:00:00,482.11
2024-10-28 22:00:00,474.63
2024-10-28 23:00:00,410.7
2024-10-29 00:00:00,387.88
2024-10-29 01:00:00,357.94
2024-10-29 02:00:00,390.48
2024-10-29 03:00:00,395.33
2024-10-29 04:00:00,416.45
2024-10-29 05:00:00,423.33
2024-10-29 06:00:00,432.01
2024-10-29 07:00:00,405.93
2024-10-29 08:00:00,455.3
2024-10-29 09:00:00,482.93
2024-10-29 10:00:00,489.06
2024-10-29 11:00:00,452.26
2024-10-29 12:00:00,474.03
2024-10-29 13:00:00,490.72
2024-10-29 14:00:00,497.73
2024-10-29 15:00:00,468.55
2024-10-29 16:00:00,463.95
2024-10-29 17:00:00,427.3
2024-10-29 18:00:00,532.87
2024-10-29 19:00:00,537.91
2024-10-29 20:00:00,506.02
2024-10-29 21:00:00,510.01
2024-10-29 22:00:00,483.69
2024-10-29 23:00:00,395.53
2024-10-30 00:00:00,366.24
2024-10-30 01:00:00,359.47
2024-10-30 02:00:00,389.36
2024-10-30 03:00:00,395.85
2024-10-30 04:00:00,427.0
2024-10-30 05:00:00,410.86
2024-10-30 06:00:00,459.97
2024-10-30 07:00:00,455.53
2024-10-30 08:00:00,452.63
2024-10-30 09:00:00,462.14
2024-10-30 10:00:00,459.33
2024-10-30 11:00:00,458.06
2024-10-30 12:00:00,476.58
2024-10-30 13:00:00,476.75
2024-10-30 14:00:00,456.05
2024-10-30 15:00:00,432.19
2024-10-30 16:00:00,464.38
2024-10-30 17:00:00,453.21
2024-10-30 18:00:00,521.91
2024-10-30 19:00:00,505.4
2024-10-30 20:00:00,502.96
2024-10-30 21:00:00,511.29
2024-10-30 22:00:00,488.04
2024-10-30 23:00:00,381.8
2024-10-31 00:00:00,383.01
2024-10-31 01:00:00,375.89
2024-10-31 02:00:00,400.37
2024-10-31 03:00:00,416.57
2024-10-31 04:00:00,397.65
2024-10-31 05:00:00,409.81
2024-10-31 06:00:00,436.63
2024-10-31 07:00:00,429.29
2024-10-31 08:00:00,460.56
2024-10-31 09:00:00,441.47
2024-10-31 10:00:00,465.84
2024-10-31 11:00:00,461.6
2024-10-31 12:00:00,467.15
2024-10-31 13:00:00,479.87
2024-10-31 14:00:00,485.31
2024-10-31 15:00:00,461.68
2024-10-31 16:00:00,436.33
2024-10-31 17:00:00,446.85
2024-10-31 18:00:00,521.31
2024-10-31 19:00:00,525.06
2024-10-31 20:00:00,478.95
2024-10-31 21:00:00,503.42
2024-10-31 22:00:00,489.85
2024-10-31 23:00:00,389.7
2024-11-01 00:00:00,421.75
2024-11-01 01:00:00,456.76
2024-11-01 02:00:00,411.1
2024-11-01 03:00:00,423.3
2024-11-01 04:00:00,441.35
2024-11-01 05:00:00,454.38
2024-11-01 06:00:00,467.05
2024-11-01 07:00:00,494.64
2024-11-01 08:00:00,469.45
2024-11-01 09:00:00,521.47
2024-11-01 10:00:00,517.1
2024-11-01 11:00:00,547.91
2024-11-01 12:00:00,524.82
2024-11-01 13:00:00,537.86
2024-11-01 14:00:00,531.44
2024-11-01 15:00:00,510.85
2024-11-01 16:00:00,469.48
2024-11-01 17:00:00,495.46
2024-11-01 18:00:00,558.52
2024-11-01 19:00:00,555.43
2024-11-01 20:00:00,550.78
2024-11-01 21:00:00,540.86
2024-11-01 22:00:00,542.61
2024-11-01 23:00:00,413.54
2024-11-02 00:00:00,393.71
2024-11-02 01:00:00,395.3
2024-11-02 02:00:00,388.49
2024-11-02 03:00:00,404.39
2024-11-02 04:00:00,431.12
2024-11-02 05:00:00,429.4
2024-11-02 06:00:00,434.11
2024-11-02 07:00:00,438.67
2024-11-02 08:00:00,460.56
2024-11-02 09:00:00,473.97
2024-11-02 10:00:00,499.85
2024-11-02 11:00:00,491.25
2024-11-02 12:00:00,477.8
2024-11-02 13:00:00,477.64
2024-11-02 14:00:00,474.96
2024-11-02 15:00:00,454.0
2024-11-02 16:00:00,460.54
2024-11-02 17:00:00,458.45
2024-11-02 18:00:00,563.12
2024-11-02 19:00:00,524.06
2024-11-02 20:00:00,511.13
2024-11-02 21:00:00,503.3
2024-11-02 22:00:00,447.17
2024-11-02 23:00:00,384.82
2024-11-03 00:00:00,391.48
2024-11-03 01:00:00,367.68
2024-11-03 02:00:00,410.35
2024-11-03 03:00:00,417.34
2024-11-03 04:00:00,432.32
2024-11-03 05:00:00,435.08
2024-11-03 06:00:00,437.43
2024-11-03 07:00:00,458.64
2024-11-03 08:00:00,477.76
2024-11-03 09:00:00,483.96
2024-11-03 10:00:00,467.62
2024-11-03 11:00:00,486.8
2024-11-03 12:00:00,478.25
2024-11-03 13:00:00,491.13
2024-11-03 14:00:00,503.42
2024-11-03 15:00:00,446.96
2024-11-03 16:00:00,454.76
2024-11-03 17:00:00,456.64
2024-11-03 18:00:00,517.22
2024-11-03 19:00:00,533.37
2024-11-03 20:00:00,516.91
2024-11-03 21:00:00,501.09
2024-11-03 22:00:00,502.57
2024-11-03 23:00:00,355.24
2024-11-04 00:00:00,403.36
2024-11-04 01:00:00,430.94
2024-11-04 02:00:00,453.2
2024-11-04 03:00:00,446.8
2024-11-04 04:00:00,482.21
2024-11-04 05:00:00,466.49
2024-11-04 06:00:00,466.68
2024-11-04 07:00:00,449.35
2024-11-04 08:00:00,469.5
2024-11-04 09:00:00,507.83
2024-11-04 10:00:00,521.68
2024-11-04 11:00:00,537.48
2024-11-04 12:00:00,523.79
2024-11-04 13:00:00,523.44
2024-11-04 14:00:00,498.61
2024-11-04 15:00:00,507.18
2024-11-04 16:00:00,515.31
2024-11-04 17:00:00,470.16
2024-11-04 18:00:00,566.44
2024-11-04 19:00:00,565.06
2024-11-04 20:00:00,552.21
2024-11-04 21:00:00,510.15
2024-11-04 22:00:00,525.4
2024-11-04 23:00:00,405.7
2024-11-05 00:00:00,391.78
2024-11-05 01:00:00,410.9
2024-11-05 02:00:00,427.89
2024-11-05 03:00:00,416.31
2024-11-05 04:00:00,425.79
2024-11-05 05:00:00,428.89
2024-11-05 06:00:00,458.39
2024-11-05 07:00:00,488.68
2024-11-05 08:00:00,505.0
2024-11-05 09:00:00,487.23
2024-11-05 10:00:00,507.77
2024-11-05 11:00:00,493.43
2024-11-05 12:00:00,520.17
2024-11-05 13:00:00,505.16
2024-11-05 14:00:00,480.34
2024-11-05 15:00:00,489.63
2024-11-05 16:00:00,486.19
2024-11-05 17:00:00,470.12
2024-11-05 18:00:00,553.78
2024-11-05 19:00:00,572.43
2024-11-05 20:00:00,538.23
2024-11-05 21:00:00,534.45
2024-11-05 22:00:00,502.62
2024-11-05 23:00:00,439.25
2024-11-06 00:00:00,421.74
2024-11-06 01:00:00,436.25
2024-11-06 02:00:00,422.77
2024-11-06 03:00:00,415.48
2024-11-06 04:00:00,423.44
2024-11-06 05:00:00,438.83
2024-11-06 06:00:00,473.1
2024-11-06 07:00:00,516.83
2024-11-06 08:00:00,501.04
2024-11-06 09:00:00,515.58
2024-11-06 10:00:00,517.74
2024-11-06 11:00:00,513.99
2024-11-06 12:00:00,524.42
2024-11-06 13:00:00,528.31
2024-11-06 14:00:00,532.58
2024-11-06 15:00:00,502.08
2024-11-06 16:00:00,465.63
2024-11-06 17:00:00,489.16
2024-11-06 18:00:00,568.24
2024-11-06 19:00:00,559.67
2024-11-06 20:00:00,541.26
2024-11-06 21:00:00,520.1
2024-11-06 22:00:00,506.09
2024-11-06 23:00:00,415.93
2024-11-07 00:00:00,431.03
2024-11-07 01:00:00,424.02
2024-11-07 02:00:00,436.2
2024-11-07 03:00:00,457.56
2024-11-07 04:00:00,429.01
2024-11-07 05:00:00,446.94
2024-11-07 06:00:00,481.55
2024-11-07 07:00:00,492.16
2024-11-07 08:00:00,464.71
2024-11-07 09:00:00,506.19
2024-11-07 10:00:00,528.73
2024-11-07 11:00:00,520.86
2024-11-07 12:00:00,531.06
2024-11-07 13:00:00,549.39
2024-11-07 14:00:00,528.76
2024-11-07 15:00:00,469.22
2024-11-07 16:00:00,456.25
2024-11-07 17:00:00,495.87
2024-11-07 18:00:00,572.84
2024-11-07 19:00:00,544.27
2024-11-07 20:00:00,532.25
2024-11-07 21:00:00,544.08
2024-11-07 22:00:00,518.98
2024-11-07 23:00:00,457.52
2024-11-08 00:00:00,413.03
2024-11-08 01:00:00,434.12
2024-11-08 02:00:00,425.89
2024-11-08 03:00:00,449.32
2024-11-08 04:00:00,451.41
2024-11-08 05:00:00,455.3
2024-11-08 06:00:00,483.1
2024-11-08 07:00:00,488.33
2024-11-08 08:00:00,512.37
2024-11-08 09:00:00,486.28
2024-11-08 10:00:00,509.06
2024-11-08 11:00:00,533.2
2024-11-08 12:00:00,524.18
2024-11-08 13:00:00,519.43
2024-11-08 14:00:00,529.67
2024-11-08 15:00:00,483.58
2024-11-08 16:00:00,493.33
2024-11-08 17:00:00,467.06
2024-11-08 18:00:00,557.36
2024-11-08 19:00:00,584.96
2024-11-08 20:00:00,524.61
2024-11-08 21:00:00,538.25
2024-11-08 22:00:00,528.58
2024-11-08 23:00:00,393.73
2024-11-09 00:00:00,366.85
2024-11-09 01:00:00,380.19
2024-11-09 02:00:00,405.76
2024-11-09 03:00:00,380.22
2024-11-09 04:00:00,394.34
2024-11-09 05:00:00,438.54
2024-11-09 06:00:00,427.92
2024-11-09 07:00:00,479.38
2024-11-09 08:00:00,452.02
2024-11-09 09:00:00,456.01
2024-11-09 10:00:00,480.51
2024-11-09 11:00:00,470.34
2024-11-09 12:00:00,470.08
2024-11-09 13:00:00,476.59
2024-11-09 14:00:00,506.88
2024-11-09 15:00:00,477.2
2024-11-09 16:00:00,479.32
2024-11-09 17:00:00,483.56
2024-11-09 18:00:00,524.6
2024-11-09 19:00:00,502.91
2024-11-09 20:00:00,483.34
2024-11-09 21:00:00,504.4
2024-11-09 22:00:00,482.91
2024-11-09 23:00:00,411.75
2024-11-10 00:00:00,396.04
2024-11-10 01:00:00,380.82
2024-11-10 02:00:00,343.76
2024-11-10 03:00:00,403.21
2024-11-10 04:00:00,393.6
2024-11-10 05:00:00,431.8
2024-11-10 06:00:00,439.83
2024-11-10 07:00:00,451.19
2024-11-10 08:00:00,482.07
2024-11-10 09:00:00,487.54
2024-11-10 10:00:00,490.77
2024-11-10 11:00:00,486.45
2024-11-10 12:00:00,498.93
2024-11-10 13:00:00,510.07
2024-11-10 14:00:00,484.65
2024-11-10 15:00:00,496.39
2024-11-10 16:00:00,472.55
2024-11-10 17:00:00,442.67
2024-11-10 18:00:00,535.05
2024-11-10 19:00:00,515.99
2024-11-10 20:00:00,535.11
2024-11-10 21:00:00,502.11
2024-11-10 22:00:00,510.82
2024-11-10 23:00:00,401.0
2024-11-11 00:00:00,427.18
2024-11-11 01:00:00,429.21
2024-11-11 02:00:00,450.92
2024-11-11 03:00:00,437.63
2024-11-11 04:00:00,460.98
2024-11-11 05:00:00,471.0
2024-11-11 06:00:00,489.67
2024-11-11 07:00:00,488.36
2024-11-11 08:00:00,477.37
2024-11-11 09:00:00,510.72
2024-11-11 10:00:00,511.47
2024-11-11 11:00:00,536.96
2024-11-11 12:00:00,534.24
2024-11-11 13:00:00,514.82
2024-11-11 14:00:00,507.27
2024-11-11 15:00:00,498.59
2024-11-11 16:00:00,502.07
2024-11-11 17:00:00,507.51
2024-11-11 18:00:00,575.44
2024-11-11 19:00:00,558.09
2024-11-11 20:00:00,533.41
2024-11-11 21:00:00,521.26
2024-11-11 22:00:00,532.5
2024-11-11 23:00:00,416.34
2024-11-12 00:00:00,417.67
2024-11-12 01:00:00,405.57
2024-11-12 02:00:00,434.87
2024-11-12 03:00:00,427.32
2024-11-12 04:00:00,426.17
2024-11-12 05:00:00,458.23
2024-11-12 06:00:00,485.86
2024-11-12 07:00:00,466.57
2024-11-12 08:00:00,499.59
2024-11-12 09:00:00,528.68
2024-11-12 10:00:00,516.87
2024-11-12 11:00:00,499.6
2024-11-12 12:00:00,516.08
2024-11-12 13:00:00,533.7
2024-11-12 14:00:00,501.48
2024-11-12 15:00:00,517.35
2024-11-12 16:00:00,491.44
2024-11-12 17:00:00,506.17
2024-11-12 18:00:00,530.03
2024-11-12 19:00:00,571.08
2024-11-12 20:00:00,549.28
2024-11-12 21:00:00,528.1
2024-11-12 22:00:00,528.12
2024-11-12 23:00:00,418.06
2024-11-13 00:00:00,403.21
2024-11-13 01:00:00,419.0
2024-11-13 02:00:00,407.97
2024-11-13 03:00:00,444.25
2024-11-13 04:00:00,445.38
2024-11-13 05:00:00,447.54
2024-11-13 06:00:00,457.29
2024-11-13 07:00:00,470.62
2024-11-13 08:00:00,496.82
2024-11-13 09:00:00,520.13
2024-11-13 10:00:00,496.05
2024-11-13 11:00:00,528.01
2024-11-13 12:00:00,523.46
2024-11-13 13:00:00,528.09
2024-11-13 14:00:00,516.28
2024-11-13 15:00:00,509.1
2024-11-13 16:00:00,501.17
2024-11-13 17:00:00,468.55
2024-11-13 18:00:00,573.54
2024-11-13 19:00:00,560.84
2024-11-13 20:00:00,551.16
2024-11-13 21:00:00,535.2
2024-11-13 22:00:00,528.34
2024-11-13 23:00:00,417.09
2024-11-14 00:00:00,419.5
2024-11-14 01:00:00,414.5
2024-11-14 02:00:00,427.15
2024-11-14 03:00:00,442.43
2024-11-14 04:00:00,432.16
2024-11-14 05:00:00,478.37
2024-11-14 06:00:00,472.08
2024-11-14 07:00:00,486.24
2024-11-14 08:00:00,484.0
2024-11-14 09:00:00,508.75
2024-11-14 10:00:00,508.47
2024-11-14 11:00:00,507.51
2024-11-14 12:00:00,537.76
2024-11-14 13:00:00,494.51
2024-11-14 14:00:00,505.58
2024-11-14 15:00:00,511.16
2024-11-14 16:00:00,495.65
2024-11-14 17:00:00,498.18
2024-11-14 18:00:00,561.59
2024-11-14 19:00:00,570.06
2024-11-14 20:00:00,534.44
2024-11-14 21:00:00,528.68
2024-11-14 22:00:00,520.22
2024-11-14 23:00:00,409.66
2024-11-15 00:00:00,412.86
2024-11-15 01:00:00,409.62
2024-11-15 02:00:00,431.46
2024-11-15 03:00:00,436.47
2024-11-15 04:00:00,465.11
2024-11-15 05:00:00,471.27
2024-11-15 06:00:00,493.19
2024-11-15 07:00:00,510.62
2024-11-15 08:00:00,509.31
2024-11-15 09:00:00,519.15
2024-11-15 10:00:00,533.29
2024-11-15 11:00:00,516.19
2024-11-15 12:00:00,531.49
2024-11-15 13:00:00,525.67
2024-11-15 14:00:00,535.23
2024-11-15 15:00:00,496.45
2024-11-15 16:00:00,483.59
2024-11-15 17:00:00,501.22
2024-11-15 18:00:00,591.17
2024-11-15 19:00:00,564.1
2024-11-15 20:00:00,527.59
2024-11-15 21:00:00,536.34
2024-11-15 22:00:00,505.98
2024-11-15 23:00:00,443.25
2024-11-16 00:00:00,430.0
2024-11-16 01:00:00,358.84
2024-11-16 02:00:00,381.2
2024-11-16 03:00:00,401.69
2024-11-16 04:00:00,395.72
2024-11-16 05:00:00,432.38
2024-11-16 06:00:00,469.32
2024-11-16 07:00:00,445.8
2024-11-16 08:00:00,440.9
2024-11-16 09:00:00,469.93
2024-11-16 10:00:00,446.21
2024-11-16 11:00:00,474.98
2024-11-16 12:00:00,496.02
2024-11-16 13:00:00,487.01
2024-11-16 14:00:00,473.4
2024-11-16 15:00:00,470.44
2024-11-16 16:00:00,457.16
2024-11-16 17:00:00,451.29
2024-11-16 18:00:00,541.75
2024-11-16 19:00:00,515.76
2024-11-16 20:00:00,495.89
2024-11-16 21:00:00,490.35
2024-11-16 22:00:00,516.32
2024-11-16 23:00:00,393.45
2024-11-17 00:00:00,365.13
2024-11-17 01:00:00,362.05
2024-11-17 02:00:00,400.29
2024-11-17 03:00:00,388.22
2024-11-17 04:00:00,408.3
2024-11-17 05:00:00,399.73
2024-11-17 06:00:00,447.76
2024-11-17 07:00:00,445.48
2024-11-17 08:00:00,465.38
2024-11-17 09:00:00,494.01
2024-11-17 10:00:00,476.3
2024-11-17 11:00:00,510.0
2024-11-17 12:00:00,497.41
2024-11-17 13:00:00,493.49
2024-11-17 14:00:00,506.63
2024-11-17 15:00:00,486.17
2024-11-17 16:00:00,480.54
2024-11-17 17:00:00,450.77
2024-11-17 18:00:00,535.63
2024-11-17 19:00:00,533.8
2024-11-17 20:00:00,513.9
2024-11-17 21:00:00,511.37
2024-11-17 22:00:00,525.2
2024-11-17 23:00:00,388.35
2024-11-18 00:00:00,429.09
2024-11-18 01:00:00,410.33
2024-11-18 02:00:00,412.98
2024-11-18 03:00:00,423.33
2024-11-18 04:00:00,440.68
2024-11-18 05:00:00,451.35
2024-11-18 06:00:00,479.67
2024-11-18 07:00:00,488.24
2024-11-18 08:00:00,482.52
2024-11-18 09:00:00,495.45
2024-11-18 10:00:00,502.6
2024-11-18 11:00:00,532.01
2024-11-18 12:00:00,532.65
2024-11-18 13:00:00,519.68
2024-11-18 14:00:00,503.14
2024-11-18 15:00:00,505.33
2024-11-18 16:00:00,490.27
2024-11-18 17:00:00,483.59
2024-11-18 18:00:00,568.38
2024-11-18 19:00:00,541.09
2024-11-18 20:00:00,529.94
2024-11-18 21:00:00,534.48
2024-11-18 22:00:00,509.95
2024-11-18 23:00:00,442.14
2024-11-19 00:00:00,397.07
2024-11-19 01:00:00,413.37
2024-11-19 02:00:00,420.0
2024-11-19 03:00:00,435.19
2024-11-19 04:00:00,474.35
2024-11-19 05:00:00,475.2
2024-11-19 06:00:00,464.69
2024-11-19 07:00:00,469.41
2024-11-19 08:00:00,493.35
2024-11-19 09:00:00,504.46
2024-11-19 10:00:00,524.76
2024-11-19 11:00:00,525.08
2024-11-19 12:00:00,512.31
2024-11-19 13:00:00,487.93
2024-11-19 14:00:00,517.45
2024-11-19 15:00:00,516.88
2024-11-19 16:00:00,485.93
2024-11-19 17:00:00,465.6
2024-11-19 18:00:00,538.25
2024-11-19 19:00:00,578.52
2024-11-19 20:00:00,549.26
2024-11-19 21:00:00,537.98
2024-11-19 22:00:00,516.58
2024-11-19 23:00:00,398.34
2024-11-20 00:00:00,431.84
2024-11-20 01:00:00,404.21
2024-11-20 02:00:00,403.24
2024-11-20 03:00:00,467.58
2024-11-20 04:00:00,445.56
2024-11-20 05:00:00,461.28
2024-11-20 06:00:00,470.71
2024-11-20 07:00:00,489.69
2024-11-20 08:00:00,495.78
2024-11-20 09:00:00,511.4
2024-11-20 10:00:00,515.24
2024-11-20 11:00:00,511.51
2024-11-20 12:00:00,525.61
2024-11-20 13:00:00,506.78
2024-11-20 14:00:00,514.33
2024-11-20 15:00:00,501.02
2024-11-20 16:00:00,542.49
2024-11-20 17:00:00,489.88
2024-11-20 18:00:00,575.07
2024-11-20 19:00:00,550.99
2024-11-20 20:00:00,513.84
2024-11-20 21:00:00,540.18
2024-11-20 22:00:00,526.96
2024-11-20 23:00:00,397.61
2024-11-21 00:00:00,431.29
2024-11-21 01:00:00,412.55
2024-11-21 02:00:00,419.37
2024-11-21 03:00:00,430.95
2024-11-21 04:00:00,457.66
2024-11-21 05:00:00,450.58
2024-11-21 06:00:00,458.86
2024-11-21 07:00:00,477.02
2024-11-21 08:00:00,520.82
2024-11-21 09:00:00,500.53
2024-11-21 10:00:00,500.62
2024-11-21 11:00:00,504.4
2024-11-21 12:00:00,525.87
2024-11-21 13:00:00,526.46
2024-11-21 14:00:00,498.96
2024-11-21 15:00:00,497.94
2024-11-21 16:00:00,503.75
2024-11-21 17:00:00,490.13
2024-11-21 18:00:00,564.2
2024-11-21 19:00:00,589.34
2024-11-21 20:00:00,553.75
2024-11-21 21:00:00,542.17
2024-11-21 22:00:00,538.78
2024-11-21 23:00:00,396.33
2024-11-22 00:00:00,426.87
2024-11-22 01:00:00,422.47
2024-11-22 02:00:00,431.88
2024-11-22 03:00:00,447.54
2024-11-22 04:00:00,439.61
2024-11-22 05:00:00,470.76
2024-11-22 06:00:00,497.65
2024-11-22 07:00:00,488.91
2024-11-22 08:00:00,468.26
2024-11-22 09:00:00,518.75
2024-11-22 10:00:00,511.92
2024-11-22 11:00:00,491.0
2024-11-22 12:00:00,497.34
2024-11-22 13:00:00,541.98
2024-11-22 14:00:00,525.81
2024-11-22 15:00:00,505.57
2024-11-22 16:00:00,488.02
2024-11-22 17:00:00,453.13
2024-11-22 18:00:00,572.82
2024-11-22 19:00:00,596.31
2024-11-22 20:00:00,560.09
2024-11-22 21:00:00,542.26
2024-11-22 22:00:00,525.92
2024-11-22 23:00:00,398.41
2024-11-23 00:00:00,394.69
2024-11-23 01:00:00,364.21
2024-11-23 02:00:00,421.06
2024-11-23 03:00:00,403.75
2024-11-23 04:00:00,390.45
2024-11-23 05:00:00,420.16
2024-11-23 06:00:00,432.11
2024-11-23 07:00:00,465.78
2024-11-23 08:00:00,469.65
2024-11-23 09:00:00,498.12
2024-11-23 10:00:00,468.83
2024-11-23 11:00:00,502.67
2024-11-23 12:00:00,500.8
2024-11-23 13:00:00,496.79
2024-11-23 14:00:00,461.71
2024-11-23 15:00:00,473.83
2024-11-23 16:00:00,489.98
2024-11-23 17:00:00,438.88
2024-11-23 18:00:00,537.19
2024-11-23 19:00:00,520.1
2024-11-23 20:00:00,516.92
2024-11-23 21:00:00,516.93
2024-11-23 22:00:00,520.34
2024-11-23 23:00:00,405.15
2024-11-24 00:00:00,395.8
2024-11-24 01:00:00,380.55
2024-11-24 02:00:00,390.13
2024-11-24 03:00:00,382.6
2024-11-24 04:00:00,425.61
2024-11-24 05:00:00,421.3
2024-11-24 06:00:00,445.54
2024-11-24 07:00:00,427.19
2024-11-24 08:00:00,457.14
2024-11-24 09:00:00,483.85
2024-11-24 10:00:00,529.7
2024-11-24 11:00:00,483.37
2024-11-24 12:00:00,504.65
2024-11-24 13:00:00,496.3
2024-11-24 14:00:00,500.62
2024-11-24 15:00:00,471.6
2024-11-24 16:00:00,446.37
2024-11-24 17:00:00,452.38
2024-11-24 18:00:00,547.01
2024-11-24 19:00:00,537.53
2024-11-24 20:00:00,514.81
2024-11-24 21:00:00,495.0
2024-11-24 22:00:00,493.07
2024-11-24 23:00:00,399.1
2024-11-25 00:00:00,425.99
2024-11-25 01:00:00,435.45
2024-11-25 02:00:00,446.4
2024-11-25 03:00:00,431.34
2024-11-25 04:00:00,441.54
2024-11-25 05:00:00,464.34
2024-11-25 06:00:00,472.49
2024-11-25 07:00:00,480.31
2024-11-25 08:00:00,509.3
2024-11-25 09:00:00,496.16
2024-11-25 10:00:00,525.61
2024-11-25 11:00:00,548.58
2024-11-25 12:00:00,502.48
2024-11-25 13:00:00,527.65
2024-11-25 14:00:00,494.8
2024-11-25 15:00:00,512.96
2024-11-25 16:00:00,502.7
2024-11-25 17:00:00,468.31
2024-11-25 18:00:00,545.2
2024-11-25 19:00:00,583.09
2024-11-25 20:00:00,524.59
2024-11-25 21:00:00,545.74
2024-11-25 22:00:00,510.43
2024-11-25 23:00:00,404.6
2024-11-26 00:00:00,416.61
2024-11-26 01:00:00,399.9
2024-11-26 02:00:00,408.24
2024-11-26 03:00:00,430.67
2024-11-26 04:00:00,436.16
2024-11-26 05:00:00,437.19
2024-11-26 06:00:00,446.89
2024-11-26 07:00:00,490.27
2024-11-26 08:00:00,490.42
2024-11-26 09:00:00,500.1
2024-11-26 10:00:00,524.83
2024-11-26 11:00:00,489.99
2024-11-26 12:00:00,543.11
2024-11-26 13:00:00,486.64
2024-11-26 14:00:00,522.28
2024-11-26 15:00:00,488.46
2024-11-26 16:00:00,510.72
2024-11-26 17:00:00,455.69
2024-11-26 18:00:00,566.64
2024-11-26 19:00:00,557.51
2024-11-26 20:00:00,561.76
2024-11-26 21:00:00,514.26
2024-11-26 22:00:00,509.65
2024-11-26 23:00:00,409.93
2024-11-27 00:00:00,420.93
2024-11-27 01:00:00,415.22
2024-11-27 02:00:00,437.49
2024-11-27 03:00:00,439.93
2024-11-27 04:00:00,436.33
2024-11-27 05:00:00,491.22
2024-11-27 06:00:00,443.0
2024-11-27 07:00:00,489.76
2024-11-27 08:00:00,505.34
2024-11-27 09:00:00,504.03
2024-11-27 10:00:00,547.39
2024-11-27 11:00:00,516.04
2024-11-27 12:00:00,545.45
2024-11-27 13:00:00,513.22
2024-11-27 14:00:00,535.12
2024-11-27 15:00:00,502.71
2024-11-27 16:00:00,493.11
2024-11-27 17:00:00,464.07
2024-11-27 18:00:00,578.37
2024-11-27 19:00:00,540.7
2024-11-27 20:00:00,534.43
2024-11-27 21:00:00,530.39
2024-11-27 22:00:00,541.36
2024-11-27 23:00:00,416.61
2024-11-28 00:00:00,402.85
2024-11-28 01:00:00,438.33
2024-11-28 02:00:00,435.58
2024-11-28 03:00:00,438.84
2024-11-28 04:00:00,435.85
2024-11-28 05:00:00,453.71
2024-11-28 06:00:00,460.91
2024-11-28 07:00:00,483.73
2024-11-28 08:00:00,498.22
2024-11-28 09:00:00,492.22
2024-11-28 10:00:00,512.01
2024-11-28 11:00:00,521.94
2024-11-28 12:00:00,536.16
2024-11-28 13:00:00,504.69
2024-11-28 14:00:00,510.51
2024-11-28 15:00:00,474.28
2024-11-28 16:00:00,489.48
2024-11-28 17:00:00,470.51
2024-11-28 18:00:00,557.84
2024-11-28 19:00:00,559.92
2024-11-28 20:00:00,552.44
2024-11-28 21:00:00,535.25
2024-11-28 22:00:00,538.37
2024-11-28 23:00:00,440.1
2024-11-29 00:00:00,410.7
2024-11-29 01:00:00,419.97
2024-11-29 02:00:00,405.47
2024-11-29 03:00:00,412.36
2024-11-29 04:00:00,458.08
2024-11-29 05:00:00,476.8
2024-11-29 06:00:00,464.97
2024-11-29 07:00:00,490.78
2024-11-29 08:00:00,489.64
2024-11-29 09:00:00,515.62
2024-11-29 10:00:00,496.55
2024-11-29 11:00:00,490.46
2024-11-29 12:00:00,549.79
2024-11-29 13:00:00,521.66
2024-11-29 14:00:00,487.91
2024-11-29 15:00:00,516.6
2024-11-29 16:00:00,500.97
2024-11-29 17:00:00,489.83
2024-11-29 18:00:00,570.89
2024-11-29 19:00:00,538.1
2024-11-29 20:00:00,553.24
2024-11-29 21:00:00,514.82
2024-11-29 22:00:00,569.86
2024-11-29 23:00:00,396.0
2024-11-30 00:00:00,372.78
2024-11-30 01:00:00,413.37
2024-11-30 02:00:00,388.5
2024-11-30 03:00:00,452.84
2024-11-30 04:00:00,437.81
2024-11-30 05:00:00,461.95
2024-11-30 06:00:00,461.84
2024-11-30 07:00:00,462.58
2024-11-30 08:00:00,491.24
2024-11-30 09:00:00,457.25
2024-11-30 10:00:00,488.04
2024-11-30 11:00:00,477.6
2024-11-30 12:00:00,494.95
2024-11-30 13:00:00,510.75
2024-11-30 14:00:00,455.38
2024-11-30 15:00:00,476.82
2024-11-30 16:00:00,454.79
2024-11-30 17:00:00,457.83
2024-11-30 18:00:00,537.35
2024-11-30 19:00:00,528.72
2024-11-30 20:00:00,517.37
2024-11-30 21:00:00,458.82
2024-11-30 22:00:00,498.5
2024-11-30 23:00:00,387.99
2024-12-01 00:00:00,436.9
2024-12-01 01:00:00,423.8
2024-12-01 02:00:00,434.21
2024-12-01 03:00:00,463.88
2024-12-01 04:00:00,448.99
2024-12-01 05:00:00,470.41
2024-12-01 06:00:00,506.24
2024-12-01 07:00:00,470.53
2024-12-01 08:00:00,498.55
2024-12-01 09:00:00,512.15
2024-12-01 10:00:00,519.8
2024-12-01 11:00:00,514.03
2024-12-01 12:00:00,514.35
2024-12-01 13:00:00,512.31
2024-12-01 14:00:00,537.15
2024-12-01 15:00:00,500.84
2024-12-01 16:00:00,497.36
2024-12-01 17:00:00,492.54
2024-12-01 18:00:00,594.57
2024-12-01 19:00:00,543.99
2024-12-01 20:00:00,539.45
2024-12-01 21:00:00,528.73
2024-12-01 22:00:00,547.36
2024-12-01 23:00:00,423.03
2024-12-02 00:00:00,446.26
2024-12-02 01:00:00,463.58
2024-12-02 02:00:00,477.78
2024-12-02 03:00:00,456.43
2024-12-02 04:00:00,459.81
2024-12-02 05:00:00,503.38
2024-12-02 06:00:00,497.74
2024-12-02 07:00:00,530.38
2024-12-02 08:00:00,536.96
2024-12-02 09:00:00,547.3
2024-12-02 10:00:00,558.62
2024-12-02 11:00:00,548.38
2024-12-02 12:00:00,543.76
2024-12-02 13:00:00,559.54
2024-12-02 14:00:00,548.59
2024-12-02 15:00:00,545.63
2024-12-02 16:00:00,512.7
2024-12-02 17:00:00,522.03
2024-12-02 18:00:00,616.33
2024-12-02 19:00:00,605.38
2024-12-02 20:00:00,571.97
2024-12-02 21:00:00,561.51
2024-12-02 22:00:00,535.58
2024-12-02 23:00:00,467.06
2024-12-03 00:00:00,469.19
2024-12-03 01:00:00,452.1
2024-12-03 02:00:00,452.28
2024-12-03 03:00:00,481.61
2024-12-03 04:00:00,479.5
2024-12-03 05:00:00,494.45
2024-12-03 06:00:00,518.45
2024-12-03 07:00:00,517.79
2024-12-03 08:00:00,561.79
2024-12-03 09:00:00,549.29
2024-12-03 10:00:00,533.35
2024-12-03 11:00:00,540.38
2024-12-03 12:00:00,545.21
2024-12-03 13:00:00,568.66
2024-12-03 14:00:00,549.02
2024-12-03 15:00:00,533.4
2024-12-03 16:00:00,560.76
2024-12-03 17:00:00,493.65
2024-12-03 18:00:00,571.03
2024-12-03 19:00:00,591.53
2024-12-03 20:00:00,573.74
2024-12-03 21:00:00,582.84
2024-12-03 22:00:00,591.37
2024-12-03 23:00:00,464.69
2024-12-04 00:00:00,464.38
2024-12-04 01:00:00,448.63
2024-12-04 02:00:00,456.96
2024-12-04 03:00:00,472.25
2024-12-04 04:00:00,453.92
2024-12-04 05:00:00,512.01
2024-12-04 06:00:00,514.3
2024-12-04 07:00:00,519.21
2024-12-04 08:00:00,519.75
2024-12-04 09:00:00,524.09
2024-12-04 10:00:00,514.73
2024-12-04 11:00:00,556.57
2024-12-04 12:00:00,534.5
2024-12-04 13:00:00,550.35
2024-12-04 14:00:00,552.88
2024-12-04 15:00:00,518.34
2024-12-04 16:00:00,521.77
2024-12-04 17:00:00,543.43
2024-12-04 18:00:00,610.21
2024-12-04 19:00:00,584.01
2024-12-04 20:00:00,559.44
2024-12-04 21:00:00,547.11
2024-12-04 22:00:00,566.98
2024-12-04 23:00:00,420.08
2024-12-05 00:00:00,448.53
2024-12-05 01:00:00,448.99
2024-12-05 02:00:00,451.96
2024-12-05 03:00:00,466.56
2024-12-05 04:00:00,460.57
2024-12-05 05:00:00,501.55
2024-12-05 06:00:00,518.74
2024-12-05 07:00:00,526.86
2024-12-05 08:00:00,520.24
2024-12-05 09:00:00,536.0
2024-12-05 10:00:00,554.92
2024-12-05 11:00:00,550.26
2024-12-05 12:00:00,543.85
2024-12-05 13:00:00,557.99
2024-12-05 14:00:00,544.42
2024-12-05 15:00:00,533.69
2024-12-05 16:00:00,514.34
2024-12-05 17:00:00,523.25
2024-12-05 18:00:00,618.0
2024-12-05 19:00:00,575.18
2024-12-05 20:00:00,555.08
2024-12-05 21:00:00,534.16
2024-12-05 22:00:00,559.88
2024-12-05 23:00:00,454.55
2024-12-06 00:00:00,467.22
2024-12-06 01:00:00,433.9
2024-12-06 02:00:00,473.82
2024-12-06 03:00:00,458.07
2024-12-06 04:00:00,469.57
2024-12-06 05:00:00,511.41
2024-12-06 06:00:00,506.76
2024-12-06 07:00:00,520.2
2024-12-06 08:00:00,527.22
2024-12-06 09:00:00,543.54
2024-12-06 10:00:00,530.47
2024-12-06 11:00:00,574.4
2024-12-06 12:00:00,558.29
2024-12-06 13:00:00,548.5
2024-12-06 14:00:00,536.65
2024-12-06 15:00:00,508.39
2024-12-06 16:00:00,520.52
2024-12-06 17:00:00,519.23
2024-12-06 18:00:00,612.52
2024-12-06 19:00:00,581.81
2024-12-06 20:00:00,579.66
2024-12-06 21:00:00,556.59
2024-12-06 22:00:00,564.83
2024-12-06 23:00:00,444.07
2024-12-07 00:00:00,415.32
2024-12-07 01:00:00,434.42
2024-12-07 02:00:00,437.47
2024-12-07 03:00:00,420.95
2024-12-07 04:00:00,425.89
2024-12-07 05:00:00,460.33
2024-12-07 06:00:00,475.33
2024-12-07 07:00:00,467.26
2024-12-07 08:00:00,471.69
2024-12-07 09:00:00,530.26
2024-12-07 10:00:00,501.49
2024-12-07 11:00:00,515.92
2024-12-07 12:00:00,519.43
2024-12-07 13:00:00,550.33
2024-12-07 14:00:00,518.31
2024-12-07 15:00:00,496.5
2024-12-07 16:00:00,494.55
2024-12-07 17:00:00,469.06
2024-12-07 18:00:00,575.76
2024-12-07 19:00:00,558.44
2024-12-07 20:00:00,564.26
2024-12-07 21:00:00,547.12
2024-12-07 22:00:00,520.15
2024-12-07 23:00:00,453.88
2024-12-08 00:00:00,404.8
2024-12-08 01:00:00,444.53
2024-12-08 02:00:00,427.35
2024-12-08 03:00:00,433.28
2024-12-08 04:00:00,439.33
2024-12-08 05:00:00,483.32
2024-12-08 06:00:00,472.14
2024-12-08 07:00:00,470.95
2024-12-08 08:00:00,501.06
2024-12-08 09:00:00,498.51
2024-12-08 10:00:00,513.82
2024-12-08 11:00:00,513.38
2024-12-08 12:00:00,516.84
2024-12-08 13:00:00,515.8
2024-12-08 14:00:00,544.96
2024-12-08 15:00:00,495.41
2024-12-08 16:00:00,484.58
2024-12-08 17:00:00,473.97
2024-12-08 18:00:00,593.62
2024-12-08 19:00:00,533.49
2024-12-08 20:00:00,557.86
2024-12-08 21:00:00,533.88
2024-12-08 22:00:00,520.99
2024-12-08 23:00:00,409.68
2024-12-09 00:00:00,419.02
2024-12-09 01:00:00,439.91
2024-12-09 02:00:00,423.36
2024-12-09 03:00:00,456.75
2024-12-09 04:00:00,475.85
2024-12-09 05:00:00,503.09
2024-12-09 06:00:00,539.04
2024-12-09 07:00:00,521.77
2024-12-09 08:00:00,499.56
2024-12-09 09:00:00,542.71
2024-12-09 10:00:00,528.7
2024-12-09 11:00:00,584.94
2024-12-09 12:00:00,565.64
2024-12-09 13:00:00,558.32
2024-12-09 14:00:00,529.79
2024-12-09 15:00:00,544.28
2024-12-09 16:00:00,521.84
2024-12-09 17:00:00,518.71
2024-12-09 18:00:00,605.72
2024-12-09 19:00:00,602.41
2024-12-09 20:00:00,548.96
2024-12-09 21:00:00,561.34
2024-12-09 22:00:00,580.79
2024-12-09 23:00:00,438.76
2024-12-10 00:00:00,447.98
2024-12-10 01:00:00,453.85
2024-12-10 02:00:00,433.07
2024-12-10 03:00:00,495.2
2024-12-10 04:00:00,480.63
2024-12-10 05:00:00,455.97
2024-12-10 06:00:00,495.22
2024-12-10 07:00:00,509.78
2024-12-10 08:00:00,515.2
2024-12-10 09:00:00,533.7
2024-12-10 10:00:00,582.73
2024-12-10 11:00:00,559.87
2024-12-10 12:00:00,580.96
2024-12-10 13:00:00,555.0
2024-12-10 14:00:00,546.87
2024-12-10 15:00:00,538.56
2024-12-10 16:00:00,539.99
2024-12-10 17:00:00,520.1
2024-12-10 18:00:00,586.97
2024-12-10 19:00:00,579.17
2024-12-10 20:00:00,587.93
2024-12-10 21:00:00,567.43
2024-12-10 22:00:00,559.35
2024-12-10 23:00:00,468.27
2024-12-11 00:00:00,434.25
2024-12-11 01:00:00,461.31
2024-12-11 02:00:00,452.16
2024-12-11 03:00:00,458.46
2024-12-11 04:00:00,490.02
2024-12-11 05:00:00,480.58
2024-12-11 06:00:00,497.15
2024-12-11 07:00:00,492.76
2024-12-11 08:00:00,533.49
2024-12-11 09:00:00,508.76
2024-12-11 10:00:00,536.98
2024-12-11 11:00:00,558.62
2024-12-11 12:00:00,555.32
2024-12-11 13:00:00,528.11
2024-12-11 14:00:00,526.0
2024-12-11 15:00:00,564.01
2024-12-11 16:00:00,527.44
2024-12-11 17:00:00,520.89
2024-12-11 18:00:00,612.4
2024-12-11 19:00:00,599.12
2024-12-11 20:00:00,568.74
2024-12-11 21:00:00,550.39
2024-12-11 22:00:00,548.52
2024-12-11 23:00:00,450.96
2024-12-12 00:00:00,445.66
2024-12-12 01:00:00,471.09
2024-12-12 02:00:00,442.44
2024-12-12 03:00:00,471.2
2024-12-12 04:00:00,498.54
2024-12-12 05:00:00,516.2
2024-12-12 06:00:00,509.34
2024-12-12 07:00:00,510.59
2024-12-12 08:00:00,531.4
2024-12-12 09:00:00,535.96
2024-12-12 10:00:00,534.94
2024-12-12 11:00:00,554.04
2024-12-12 12:00:00,545.46
2024-12-12 13:00:00,550.42
2024-12-12 14:00:00,523.18
2024-12-12 15:00:00,527.63
2024-12-12 16:00:00,517.75
2024-12-12 17:00:00,514.42
2024-12-12 18:00:00,589.39
2024-12-12 19:00:00,569.55
2024-12-12 20:00:00,624.76
2024-12-12 21:00:00,560.9
2024-12-12 22:00:00,574.23
2024-12-12 23:00:00,435.88
2024-12-13 00:00:00,438.56
2024-12-13 01:00:00,468.27
2024-12-13 02:00:00,447.15
2024-12-13 03:00:00,456.22
2024-12-13 04:00:00,471.76
2024-12-13 05:00:00,494.71
2024-12-13 06:00:00,457.71
2024-12-13 07:00:00,499.68
2024-12-13 08:00:00,509.47
2024-12-13 09:00:00,519.8
2024-12-13 10:00:00,542.53
2024-12-13 11:00:00,547.85
2024-12-13 12:00:00,548.75
2024-12-13 13:00:00,549.91
2024-12-13 14:00:00,527.29
2024-12-13 15:00:00,536.46
2024-12-13 16:00:00,508.04
2024-12-13 17:00:00,551.47
2024-12-13 18:00:00,590.32
2024-12-13 19:00:00,571.84
2024-12-13 20:00:00,564.29
2024-12-13 21:00:00,556.45
2024-12-13 22:00:00,578.14
2024-12-13 23:00:00,463.2
2024-12-14 00:00:00,440.82
2024-12-14 01:00:00,409.74
2024-12-14 02:00:00,421.53
2024-12-14 03:00:00,436.33
2024-12-14 04:00:00,444.64
2024-12-14 05:00:00,453.41
2024-12-14 06:00:00,471.51
2024-12-14 07:00:00,470.98
2024-12-14 08:00:00,489.97
2024-12-14 09:00:00,494.43
2024-12-14 10:00:00,507.52
2024-12-14 11:00:00,529.37
2024-12-14 12:00:00,492.35
2024-12-14 13:00:00,504.63
2024-12-14 14:00:00,518.73
2024-12-14 15:00:00,501.99
2024-12-14 16:00:00,467.57
2024-12-14 17:00:00,480.46
2024-12-14 18:00:00,583.84
2024-12-14 19:00:00,556.63
2024-12-14 20:00:00,547.48
2024-12-14 21:00:00,516.85
2024-12-14 22:00:00,516.51
2024-12-14 23:00:00,427.96
2024-12-15 00:00:00,425.43
2024-12-15 01:00:00,436.08
2024-12-15 02:00:00,422.23
2024-12-15 03:00:00,435.17
2024-12-15 04:00:00,471.14
2024-12-15 05:00:00,465.11
2024-12-15 06:00:00,451.08
2024-12-15 07:00:00,470.72
2024-12-15 08:00:00,485.25
2024-12-15 09:00:00,503.35
2024-12-15 10:00:00,505.58
2024-12-15 11:00:00,509.49
2024-12-15 12:00:00,505.0
2024-12-15 13:00:00,514.36
2024-12-15 14:00:00,517.31
2024-12-15 15:00:00,514.8
2024-12-15 16:00:00,498.85
2024-12-15 17:00:00,452.46
2024-12-15 18:00:00,580.16
2024-12-15 19:00:00,540.69
2024-12-15 20:00:00,556.25
2024-12-15 21:00:00,524.74
2024-12-15 22:00:00,507.56
2024-12-15 23:00:00,420.76
2024-12-16 00:00:00,440.12
2024-12-16 01:00:00,444.64
2024-12-16 02:00:00,458.16
2024-12-16 03:00:00,463.8
2024-12-16 04:00:00,461.2
2024-12-16 05:00:00,482.64
2024-12-16 06:00:00,491.4
2024-12-16 07:00:00,509.53
2024-12-16 08:00:00,517.91
2024-12-16 09:00:00,548.55
2024-12-16 10:00:00,497.17
2024-12-16 11:00:00,548.93
2024-12-16 12:00:00,582.76
2024-12-16 13:00:00,555.25
2024-12-16 14:00:00,546.61
2024-12-16 15:00:00,510.1
2024-12-16 16:00:00,523.6
2024-12-16 17:00:00,523.33
2024-12-16 18:00:00,582.42
2024-12-16 19:00:00,601.91
2024-12-16 20:00:00,551.39
2024-12-16 21:00:00,567.53
2024-12-16 22:00:00,572.28
2024-12-16 23:00:00,429.62
2024-12-17 00:00:00,446.38
2024-12-17 01:00:00,454.55
2024-12-17 02:00:00,499.6
2024-12-17 03:00:00,474.87
2024-12-17 04:00:00,465.15
2024-12-17 05:00:00,516.22
2024-12-17 06:00:00,502.02
2024-12-17 07:00:00,506.08
2024-12-17 08:00:00,528.04
2024-12-17 09:00:00,541.7
2024-12-17 10:00:00,546.67
2024-12-17 11:00:00,550.28
2024-12-17 12:00:00,564.52
2024-12-17 13:00:00,553.74
2024-12-17 14:00:00,549.45
2024-12-17 15:00:00,547.83
2024-12-17 16:00:00,530.6
2024-12-17 17:00:00,501.83
2024-12-17 18:00:00,595.16
2024-12-17 19:00:00,583.62
2024-12-17 20:00:00,579.34
2024-12-17 21:00:00,576.32
2024-12-17 22:00:00,541.74
2024-12-17 23:00:00,444.58
2024-12-18 00:00:00,465.93
2024-12-18 01:00:00,460.1
2024-12-18 02:00:00,458.33
2024-12-18 03:00:00,451.4
2024-12-18 04:00:00,466.99
2024-12-18 05:00:00,489.33
2024-12-18 06:00:00,505.81
2024-12-18 07:00:00,505.24
2024-12-18 08:00:00,498.04
2024-12-18 09:00:00,536.88
2024-12-18 10:00:00,548.04
2024-12-18 11:00:00,555.84
2024-12-18 12:00:00,517.6
2024-12-18 13:00:00,510.17
2024-12-18 14:00:00,518.26
2024-12-18 15:00:00,507.69
2024-12-18 16:00:00,494.77
2024-12-18 17:00:00,502.18
2024-12-18 18:00:00,597.69
2024-12-18 19:00:00,592.7
2024-12-18 20:00:00,542.47
2024-12-18 21:00:00,560.17
2024-12-18 22:00:00,564.17
2024-12-18 23:00:00,416.84
2024-12-19 00:00:00,471.97
2024-12-19 01:00:00,452.26
2024-12-19 02:00:00,429.86
2024-12-19 03:00:00,463.47
2024-12-19 04:00:00,477.33
2024-12-19 05:00:00,477.21
2024-12-19 06:00:00,496.18
2024-12-19 07:00:00,523.87
2024-12-19 08:00:00,525.27
2024-12-19 09:00:00,538.62
2024-12-19 10:00:00,550.45
2024-12-19 11:00:00,531.12
2024-12-19 12:00:00,550.24
2024-12-19 13:00:00,532.25
2024-12-19 14:00:00,516.02
2024-12-19 15:00:00,536.25
2024-12-19 16:00:00,499.61
2024-12-19 17:00:00,508.53
2024-12-19 18:00:00,625.58
2024-12-19 19:00:00,591.56
2024-12-19 20:00:00,564.11
2024-12-19 21:00:00,579.17
2024-12-19 22:00:00,578.3
2024-12-19 23:00:00,432.89
2024-12-20 00:00:00,441.68
2024-12-20 01:00:00,451.9
2024-12-20 02:00:00,462.65
2024-12-20 03:00:00,452.08
2024-12-20 04:00:00,487.49
2024-12-20 05:00:00,460.12
2024-12-20 06:00:00,475.93
2024-12-20 07:00:00,518.33
2024-12-20 08:00:00,496.24
2024-12-20 09:00:00,548.92
2024-12-20 10:00:00,555.61
2024-12-20 11:00:00,539.66
2024-12-20 12:00:00,520.27
2024-12-20 13:00:00,516.9
2024-12-20 14:00:00,538.92
2024-12-20 15:00:00,536.95
2024-12-20 16:00:00,515.01
2024-12-20 17:00:00,530.12
2024-12-20 18:00:00,600.0
2024-12-20 19:00:00,573.12
2024-12-20 20:00:00,566.76
2024-12-20 21:00:00,551.54
2024-12-20 22:00:00,537.26
2024-12-20 23:00:00,444.5
2024-12-21 00:00:00,400.95
2024-12-21 01:00:00,422.52
2024-12-21 02:00:00,400.09
2024-12-21 03:00:00,433.44
2024-12-21 04:00:00,446.11
2024-12-21 05:00:00,471.67
2024-12-21 06:00:00,492.1
2024-12-21 07:00:00,470.53
2024-12-21 08:00:00,490.09
2024-12-21 09:00:00,505.82
2024-12-21 10:00:00,542.34
2024-12-21 11:00:00,504.24
2024-12-21 12:00:00,528.04
2024-12-21 13:00:00,528.71
2024-12-21 14:00:00,482.32
2024-12-21 15:00:00,497.08
2024-12-21 16:00:00,478.19
2024-12-21 17:00:00,484.08
2024-12-21 18:00:00,583.08
2024-12-21 19:00:00,547.88
2024-12-21 20:00:00,546.7
2024-12-21 21:00:00,536.17
2024-12-21 22:00:00,527.53
2024-12-21 23:00:00,427.23
2024-12-22 00:00:00,429.88
2024-12-22 01:00:00,404.95
2024-12-22 02:00:00,446.38
2024-12-22 03:00:00,458.24
2024-12-22 04:00:00,453.01
2024-12-22 05:00:00,443.91
2024-12-22 06:00:00,482.82
2024-12-22 07:00:00,471.79
2024-12-22 08:00:00,482.61
2024-12-22 09:00:00,477.57
2024-12-22 10:00:00,506.85
2024-12-22 11:00:00,515.34
2024-12-22 12:00:00,538.72
2024-12-22 13:00:00,521.33
2024-12-22 14:00:00,522.17
2024-12-22 15:00:00,487.08
2024-12-22 16:00:00,522.94
2024-12-22 17:00:00,450.71
2024-12-22 18:00:00,556.95
2024-12-22 19:00:00,555.46
2024-12-22 20:00:00,554.29
2024-12-22 21:00:00,532.58
2024-12-22 22:00:00,531.57
2024-12-22 23:00:00,412.26
2024-12-23 00:00:00,453.33
2024-12-23 01:00:00,442.75
2024-12-23 02:00:00,454.49
2024-12-23 03:00:00,462.44
2024-12-23 04:00:00,447.63
2024-12-23 05:00:00,478.08
2024-12-23 06:00:00,522.3
2024-12-23 07:00:00,515.68
2024-12-23 08:00:00,548.22
2024-12-23 09:00:00,534.25
2024-12-23 10:00:00,540.08
2024-12-23 11:00:00,555.22
2024-12-23 12:00:00,549.3
2024-12-23 13:00:00,553.4
2024-12-23 14:00:00,543.83
2024-12-23 15:00:00,551.44
2024-12-23 16:00:00,503.04
2024-12-23 17:00:00,504.68
2024-12-23 18:00:00,600.61
2024-12-23 19:00:00,610.73
2024-12-23 20:00:00,578.62
2024-12-23 21:00:00,556.34
2024-12-23 22:00:00,557.31
2024-12-23 23:00:00,436.52
2024-12-24 00:00:00,467.28
2024-12-24 01:00:00,431.42
2024-12-24 02:00:00,436.2
2024-12-24 03:00:00,466.05
2024-12-24 04:00:00,474.85
2024-12-24 05:00:00,497.41
2024-12-24 06:00:00,486.46
2024-12-24 07:00:00,509.27
2024-12-24 08:00:00,546.45
2024-12-24 09:00:00,536.63
2024-12-24 10:00:00,524.25
2024-12-24 11:00:00,563.54
2024-12-24 12:00:00,550.36
2024-12-24 13:00:00,560.01
2024-12-24 14:00:00,554.28
2024-12-24 15:00:00,561.08
2024-12-24 16:00:00,531.44
2024-12-24 17:00:00,503.83
2024-12-24 18:00:00,629.81
2024-12-24 19:00:00,583.64
2024-12-24 20:00:00,583.94
2024-12-24 21:00:00,548.92
2024-12-24 22:00:00,543.5
2024-12-24 23:00:00,461.98
2024-12-25 00:00:00,458.17
2024-12-25 01:00:00,432.92
2024-12-25 02:00:00,457.73
2024-12-25 03:00:00,453.92
2024-12-25 04:00:00,492.44
2024-12-25 05:00:00,477.13
2024-12-25 06:00:00,486.38
2024-12-25 07:00:00,472.35
2024-12-25 08:00:00,548.44
2024-12-25 09:00:00,557.51
2024-12-25 10:00:00,506.55
2024-12-25 11:00:00,551.66
2024-12-25 12:00:00,518.96
2024-12-25 13:00:00,534.19
2024-12-25 14:00:00,548.26
2024-12-25 15:00:00,539.64
2024-12-25 16:00:00,513.93
2024-12-25 17:00:00,539.54
2024-12-25 18:00:00,605.33
2024-12-25 19:00:00,594.42
2024-12-25 20:00:00,589.71
2024-12-25 21:00:00,560.5
2024-12-25 22:00:00,541.79
2024-12-25 23:00:00,468.13
2024-12-26 00:00:00,453.35
2024-12-26 01:00:00,457.7
2024-12-26 02:00:00,453.48
2024-12-26 03:00:00,464.52
2024-12-26 04:00:00,482.28
2024-12-26 05:00:00,500.08
2024-12-26 06:00:00,535.06
2024-12-26 07:00:00,501.32
2024-12-26 08:00:00,503.98
2024-12-26 09:00:00,556.46
2024-12-26 10:00:00,570.97
2024-12-26 11:00:00,555.75
2024-12-26 12:00:00,561.64
2024-12-26 13:00:00,548.11
2024-12-26 14:00:00,541.09
2024-12-26 15:00:00,527.71
2024-12-26 16:00:00,521.17
2024-12-26 17:00:00,504.22
2024-12-26 18:00:00,644.71
2024-12-26 19:00:00,586.7
2024-12-26 20:00:00,566.14
2024-12-26 21:00:00,547.04
2024-12-26 22:00:00,557.22
2024-12-26 23:00:00,458.37
2024-12-27 00:00:00,451.06
2024-12-27 01:00:00,450.02
2024-12-27 02:00:00,468.46
2024-12-27 03:00:00,430.43
2024-12-27 04:00:00,465.24
2024-12-27 05:00:00,513.36
2024-12-27 06:00:00,488.81
2024-12-27 07:00:00,519.57
2024-12-27 08:00:00,517.08
2024-12-27 09:00:00,531.35
2024-12-27 10:00:00,524.87
2024-12-27 11:00:00,542.24
2024-12-27 12:00:00,560.07
2024-12-27 13:00:00,534.73
2024-12-27 14:00:00,560.71
2024-12-27 15:00:00,541.64
2024-12-27 16:00:00,514.69
2024-12-27 17:00:00,514.36
2024-12-27 18:00:00,606.78
2024-12-27 19:00:00,600.96
2024-12-27 20:00:00,587.04
2024-12-27 21:00:00,567.19
2024-12-27 22:00:00,582.09
2024-12-27 23:00:00,456.39
2024-12-28 00:00:00,428.9
2024-12-28 01:00:00,429.54
2024-12-28 02:00:00,438.93
2024-12-28 03:00:00,444.91
2024-12-28 04:00:00,439.39
2024-12-28 05:00:00,465.12
2024-12-28 06:00:00,449.06
2024-12-28 07:00:00,485.86
2024-12-28 08:00:00,522.32
2024-12-28 09:00:00,500.39
2024-12-28 10:00:00,497.3
2024-12-28 11:00:00,514.53
2024-12-28 12:00:00,553.8
2024-12-28 13:00:00,520.36
2024-12-28 14:00:00,501.18
2024-12-28 15:00:00,495.28
2024-12-28 16:00:00,505.84
2024-12-28 17:00:00,476.74
2024-12-28 18:00:00,573.99
2024-12-28 19:00:00,526.55
2024-12-28 20:00:00,557.23
2024-12-28 21:00:00,529.38
2024-12-28 22:00:00,546.81
2024-12-28 23:00:00,425.36
2024-12-29 00:00:00,416.16
2024-12-29 01:00:00,430.92
2024-12-29 02:00:00,432.61
2024-12-29 03:00:00,435.14
2024-12-29 04:00:00,422.15
2024-12-29 05:00:00,463.04
2024-12-29 06:00:00,479.13
2024-12-29 07:00:00,503.8
2024-12-29 08:00:00,506.75
2024-12-29 09:00:00,515.5
2024-12-29 10:00:00,528.46
2024-12-29 11:00:00,532.63
2024-12-29 12:00:00,544.4
2024-12-29 13:00:00,529.21
2024-12-29 14:00:00,490.02
2024-12-29 15:00:00,496.09
2024-12-29 16:00:00,464.44
2024-12-29 17:00:00,472.61
2024-12-29 18:00:00,558.67
2024-12-29 19:00:00,567.94
2024-12-29 20:00:00,538.33
2024-12-29 21:00:00,514.63
2024-12-29 22:00:00,516.6
2024-12-29 23:00:00,413.67
2024-12-30 00:00:00,457.73
2024-12-30 01:00:00,461.67
2024-12-30 02:00:00,466.29
2024-12-30 03:00:00,454.65
2024-12-30 04:00:00,471.2
2024-12-30 05:00:00,481.01
2024-12-30 06:00:00,482.74
2024-12-30 07:00:00,510.53
2024-12-30 08:00:00,525.01
2024-12-30 09:00:00,534.32
2024-12-30 10:00:00,551.79
2024-12-30 11:00:00,550.75
2024-12-30 12:00:00,527.68
2024-12-30 13:00:00,547.76
2024-12-30 14:00:00,554.38
2024-12-30 15:00:00,502.07
2024-12-30 16:00:00,518.96
2024-12-30 17:00:00,522.73
2024-12-30 18:00:00,568.49
2024-12-30 19:00:00,586.37
2024-12-30 20:00:00,567.39
2024-12-30 21:00:00,540.41
2024-12-30 22:00:00,560.15
2024-12-30 23:00:00,434.37
2024-12-31 00:00:00,449.47
2024-12-31 01:00:00,435.67
2024-12-31 02:00:00,456.55
2024-12-31 03:00:00,465.85
2024-12-31 04:00:00,486.13
2024-12-31 05:00:00,497.37
2024-12-31 06:00:00,486.8
2024-12-31 07:00:00,485.33
2024-12-31 08:00:00,523.07
2024-12-31 09:00:00,542.09
2024-12-31 10:00:00,542.75
2024-12-31 11:00:00,525.73
2024-12-31 12:00:00,521.08
2024-12-31 13:00:00,564.68
2024-12-31 14:00:00,548.26
2024-12-31 15:00:00,545.44
2024-12-31 16:00:00,524.99
2024-12-31 17:00:00,481.15
2024-12-31 18:00:00,623.65
2024-12-31 19:00:00,595.7
2024-12-31 20:00:00,601.68
2024-12-31 21:00:00,565.46
2024-12-31 22:00:00,542.63
2024-12-31 23:00:00,434.34
2025-01-01 00:00:00,467.86
2025-01-01 01:00:00,480.76
2025-01-01 02:00:00,462.66
2025-01-01 03:00:00,457.27
2025-01-01 04:00:00,491.85
2025-01-01 05:00:00,476.59
2025-01-01 06:00:00,507.35
2025-01-01 07:00:00,546.21
2025-01-01 08:00:00,530.57
2025-01-01 09:00:00,541.51
2025-01-01 10:00:00,546.23
2025-01-01 11:00:00,540.21
2025-01-01 12:00:00,560.69
2025-01-01 13:00:00,573.81
2025-01-01 14:00:00,563.46
2025-01-01 15:00:00,540.45
2025-01-01 16:00:00,542.21
2025-01-01 17:00:00,529.7
2025-01-01 18:00:00,629.52
2025-01-01 19:00:00,607.47
2025-01-01 20:00:00,559.82
2025-01-01 21:00:00,582.91
2025-01-01 22:00:00,573.13
2025-01-01 23:00:00,470.87
2025-01-02 00:00:00,457.85
2025-01-02 01:00:00,440.9
2025-01-02 02:00:00,469.11
2025-01-02 03:00:00,459.4
2025-01-02 04:00:00,477.93
2025-01-02 05:00:00,498.97
2025-01-02 06:00:00,527.4
2025-01-02 07:00:00,507.77
2025-01-02 08:00:00,538.6
2025-01-02 09:00:00,552.79
2025-01-02 10:00:00,530.22
2025-01-02 11:00:00,549.68
2025-01-02 12:00:00,574.13
2025-01-02 13:00:00,541.06
2025-01-02 14:00:00,542.08
2025-01-02 15:00:00,546.24
2025-01-02 16:00:00,534.92
2025-01-02 17:00:00,516.99
2025-01-02 18:00:00,604.35
2025-01-02 19:00:00,581.32
2025-01-02 20:00:00,583.26
2025-01-02 21:00:00,582.88
2025-01-02 22:00:00,572.25
2025-01-02 23:00:00,469.15
2025-01-03 00:00:00,465.18
2025-01-03 01:00:00,482.6
2025-01-03 02:00:00,453.43
2025-01-03 03:00:00,484.66
2025-01-03 04:00:00,481.31
2025-01-03 05:00:00,523.73
2025-01-03 06:00:00,514.91
2025-01-03 07:00:00,531.03
2025-01-03 08:00:00,532.84
2025-01-03 09:00:00,570.64
2025-01-03 10:00:00,522.59
2025-01-03 11:00:00,538.35
2025-01-03 12:00:00,564.29
2025-01-03 13:00:00,560.84
2025-01-03 14:00:00,550.58
2025-01-03 15:00:00,575.68
2025-01-03 16:00:00,532.95
2025-01-03 17:00:00,556.09
2025-01-03 18:00:00,616.74
2025-01-03 19:00:00,617.69
2025-01-03 20:00:00,576.02
2025-01-03 21:00:00,557.4
2025-01-03 22:00:00,554.79
2025-01-03 23:00:00,464.66
2025-01-04 00:00:00,414.29
2025-01-04 01:00:00,458.24
2025-01-04 02:00:00,465.87
2025-01-04 03:00:00,436.27
2025-01-04 04:00:00,455.38
2025-01-04 05:00:00,469.51
2025-01-04 06:00:00,457.55
2025-01-04 07:00:00,509.9
2025-01-04 08:00:00,545.72
2025-01-04 09:00:00,506.46
2025-01-04 10:00:00,521.07
2025-01-04 11:00:00,499.3
2025-01-04 12:00:00,509.02
2025-01-04 13:00:00,531.44
2025-01-04 14:00:00,517.52
2025-01-04 15:00:00,529.61
2025-01-04 16:00:00,504.87
2025-01-04 17:00:00,505.85
2025-01-04 18:00:00,588.56
2025-01-04 19:00:00,570.84
2025-01-04 20:00:00,558.14
2025-01-04 21:00:00,546.33
2025-01-04 22:00:00,546.37
2025-01-04 23:00:00,426.24
2025-01-05 00:00:00,441.45
2025-01-05 01:00:00,414.82
2025-01-05 02:00:00,449.8
2025-01-05 03:00:00,474.62
2025-01-05 04:00:00,442.15
2025-01-05 05:00:00,462.76
2025-01-05 06:00:00,485.56
2025-01-05 07:00:00,487.79
2025-01-05 08:00:00,515.58
2025-01-05 09:00:00,512.98
2025-01-05 10:00:00,517.71
2025-01-05 11:00:00,523.48
2025-01-05 12:00:00,533.01
2025-01-05 13:00:00,561.86
2025-01-05 14:00:00,509.01
2025-01-05 15:00:00,515.61
2025-01-05 16:00:00,538.23
2025-01-05 17:00:00,484.82
2025-01-05 18:00:00,571.49
2025-01-05 19:00:00,569.16
2025-01-05 20:00:00,570.94
2025-01-05 21:00:00,537.09
2025-01-05 22:00:00,512.43
2025-01-05 23:00:00,426.11
2025-01-06 00:00:00,453.53
2025-01-06 01:00:00,479.14
2025-01-06 02:00:00,448.22
2025-01-06 03:00:00,447.65
2025-01-06 04:00:00,465.26
2025-01-06 05:00:00,502.7
2025-01-06 06:00:00,487.91
2025-01-06 07:00:00,512.24
2025-01-06 08:00:00,535.6
2025-01-06 09:00:00,538.47
2025-01-06 10:00:00,534.26
2025-01-06 11:00:00,564.84
2025-01-06 12:00:00,559.03
2025-01-06 13:00:00,544.11
2025-01-06 14:00:00,561.63
2025-01-06 15:00:00,530.74
2025-01-06 16:00:00,526.05
2025-01-06 17:00:00,501.92
2025-01-06 18:00:00,618.37
2025-01-06 19:00:00,608.76
2025-01-06 20:00:00,576.93
2025-01-06 21:00:00,598.35
2025-01-06 22:00:00,563.5
2025-01-06 23:00:00,459.87
2025-01-07 00:00:00,488.28
2025-01-07 01:00:00,449.53
2025-01-07 02:00:00,450.31
2025-01-07 03:00:00,488.96
2025-01-07 04:00:00,482.86
2025-01-07 05:00:00,508.01
2025-01-07 06:00:00,519.53
2025-01-07 07:00:00,513.48
2025-01-07 08:00:00,548.84
2025-01-07 09:00:00,547.54
2025-01-07 10:00:00,576.31
2025-01-07 11:00:00,564.53
2025-01-07 12:00:00,585.28
2025-01-07 13:00:00,567.34
2025-01-07 14:00:00,542.8
2025-01-07 15:00:00,540.85
2025-01-07 16:00:00,544.31
2025-01-07 17:00:00,559.81
2025-01-07 18:00:00,579.59
2025-01-07 19:00:00,598.29
2025-01-07 20:00:00,583.54
2025-01-07 21:00:00,569.23
2025-01-07 22:00:00,553.56
2025-01-07 23:00:00,438.75
2025-01-08 00:00:00,455.18
2025-01-08 01:00:00,455.56
2025-01-08 02:00:00,468.86
2025-01-08 03:00:00,452.86
2025-01-08 04:00:00,479.02
2025-01-08 05:00:00,506.29
2025-01-08 06:00:00,512.87
2025-01-08 07:00:00,519.58
2025-01-08 08:00:00,536.88
2025-01-08 09:00:00,547.25
2025-01-08 10:00:00,522.78
2025-01-08 11:00:00,559.84
2025-01-08 12:00:00,561.77
2025-01-08 13:00:00,543.86
2025-01-08 14:00:00,557.52
2025-01-08 15:00:00,574.02
2025-01-08 16:00:00,542.21
2025-01-08 17:00:00,547.55
2025-01-08 18:00:00,583.27
2025-01-08 19:00:00,585.88
2025-01-08 20:00:00,580.66
2025-01-08 21:00:00,574.95
2025-01-08 22:00:00,566.03
2025-01-08 23:00:00,456.6
2025-01-09 00:00:00,444.05
2025-01-09 01:00:00,441.09
2025-01-09 02:00:00,469.48
2025-01-09 03:00:00,499.29
2025-01-09 04:00:00,472.94
2025-01-09 05:00:00,505.7
2025-01-09 06:00:00,509.59
2025-01-09 07:00:00,559.05
2025-01-09 08:00:00,534.13
2025-01-09 09:00:00,551.45
2025-01-09 10:00:00,556.81
2025-01-09 11:00:00,543.3
2025-01-09 12:00:00,540.43
2025-01-09 13:00:00,563.87
2025-01-09 14:00:00,541.56
2025-01-09 15:00:00,552.48
2025-01-09 16:00:00,526.96
2025-01-09 17:00:00,506.63
2025-01-09 18:00:00,585.17
2025-01-09 19:00:00,599.44
2025-01-09 20:00:00,578.32
2025-01-09 21:00:00,569.96
2025-01-09 22:00:00,574.5
2025-01-09 23:00:00,494.53
2025-01-10 00:00:00,437.17
2025-01-10 01:00:00,428.45
2025-01-10 02:00:00,466.64
2025-01-10 03:00:00,463.69
2025-01-10 04:00:00,542.9
2025-01-10 05:00:00,477.81
2025-01-10 06:00:00,519.54
2025-01-10 07:00:00,522.79
2025-01-10 08:00:00,533.77
2025-01-10 09:00:00,528.56
2025-01-10 10:00:00,540.86
2025-01-10 11:00:00,550.44
2025-01-10 12:00:00,567.85
2025-01-10 13:00:00,572.63
2025-01-10 14:00:00,512.84
2025-01-10 15:00:00,512.1
2025-01-10 16:00:00,532.52
2025-01-10 17:00:00,520.8
2025-01-10 18:00:00,599.04
2025-01-10 19:00:00,608.58
2025-01-10 20:00:00,581.46
2025-01-10 21:00:00,605.84
2025-01-10 22:00:00,557.71
2025-01-10 23:00:00,443.08
2025-01-11 00:00:00,394.99
2025-01-11 01:00:00,443.55
2025-01-11 02:00:00,436.54
2025-01-11 03:00:00,456.07
2025-01-11 04:00:00,475.06
2025-01-11 05:00:00,452.7
2025-01-11 06:00:00,450.69
2025-01-11 07:00:00,483.14
2025-01-11 08:00:00,492.9
2025-01-11 09:00:00,531.93
2025-01-11 10:00:00,522.83
2025-01-11 11:00:00,535.7
2025-01-11 12:00:00,513.89
2025-01-11 13:00:00,528.09
2025-01-11 14:00:00,532.69
2025-01-11 15:00:00,501.42
2025-01-11 16:00:00,497.3
2025-01-11 17:00:00,470.31
2025-01-11 18:00:00,566.37
2025-01-11 19:00:00,584.35
2025-01-11 20:00:00,545.34
2025-01-11 21:00:00,563.07
2025-01-11 22:00:00,524.25
2025-01-11 23:00:00,431.68
2025-01-12 00:00:00,458.74
2025-01-12 01:00:00,445.06
2025-01-12 02:00:00,443.33
2025-01-12 03:00:00,439.87
2025-01-12 04:00:00,467.16
2025-01-12 05:00:00,454.57
2025-01-12 06:00:00,484.96
2025-01-12 07:00:00,520.24
2025-01-12 08:00:00,514.86
2025-01-12 09:00:00,516.62
2025-01-12 10:00:00,512.0
2025-01-12 11:00:00,556.09
2025-01-12 12:00:00,523.69
2025-01-12 13:00:00,549.74
2025-01-12 14:00:00,498.31
2025-01-12 15:00:00,522.66
2025-01-12 16:00:00,503.46
2025-01-12 17:00:00,486.69
2025-01-12 18:00:00,586.84
2025-01-12 19:00:00,579.41
2025-01-12 20:00:00,562.02
2025-01-12 21:00:00,560.62
2025-01-12 22:00:00,540.55
2025-01-12 23:00:00,433.04
2025-01-13 00:00:00,479.78
2025-01-13 01:00:00,469.04
2025-01-13 02:00:00,464.18
2025-01-13 03:00:00,474.79
2025-01-13 04:00:00,466.8
2025-01-13 05:00:00,497.31
2025-01-13 06:00:00,496.68
2025-01-13 07:00:00,561.28
2025-01-13 08:00:00,535.94
2025-01-13 09:00:00,553.01
2025-01-13 10:00:00,549.28
2025-01-13 11:00:00,546.3
2025-01-13 12:00:00,571.42
2025-01-13 13:00:00,556.55
2025-01-13 14:00:00,563.49
2025-01-13 15:00:00,535.84
2025-01-13 16:00:00,558.91
2025-01-13 17:00:00,530.27
2025-01-13 18:00:00,594.0
2025-01-13 19:00:00,612.84
2025-01-13 20:00:00,620.46
2025-01-13 21:00:00,577.52
2025-01-13 22:00:00,549.65
2025-01-13 23:00:00,492.11
2025-01-14 00:00:00,460.27
2025-01-14 01:00:00,442.02
2025-01-14 02:00:00,462.61
2025-01-14 03:00:00,479.63
2025-01-14 04:00:00,496.99
2025-01-14 05:00:00,490.95
2025-01-14 06:00:00,523.31
2025-01-14 07:00:00,531.18
2025-01-14 08:00:00,541.63
2025-01-14 09:00:00,564.96
2025-01-14 10:00:00,569.39
2025-01-14 11:00:00,573.79
2025-01-14 12:00:00,555.51
2025-01-14 13:00:00,558.91
2025-01-14 14:00:00,565.09
2025-01-14 15:00:00,538.71
2025-01-14 16:00:00,531.28
2025-01-14 17:00:00,515.22
2025-01-14 18:00:00,629.93
2025-01-14 19:00:00,578.26
2025-01-14 20:00:00,563.05
2025-01-14 21:00:00,562.44
2025-01-14 22:00:00,579.16
2025-01-14 23:00:00,456.31
2025-01-15 00:00:00,495.53
2025-01-15 01:00:00,430.32
2025-01-15 02:00:00,474.91
2025-01-15 03:00:00,495.54
2025-01-15 04:00:00,466.49
2025-01-15 05:00:00,494.22
2025-01-15 06:00:00,504.94
2025-01-15 07:00:00,496.82
2025-01-15 08:00:00,536.38
2025-01-15 09:00:00,523.91
2025-01-15 10:00:00,576.18
2025-01-15 11:00:00,554.27
2025-01-15 12:00:00,537.96
2025-01-15 13:00:00,562.05
2025-01-15 14:00:00,558.87
2025-01-15 15:00:00,532.12
2025-01-15 16:00:00,517.57
2025-01-15 17:00:00,515.05
2025-01-15 18:00:00,607.46
2025-01-15 19:00:00,592.02
2025-01-15 20:00:00,556.19
2025-01-15 21:00:00,582.98
2025-01-15 22:00:00,570.81
2025-01-15 23:00:00,458.58
2025-01-16 00:00:00,453.8
2025-01-16 01:00:00,468.21
2025-01-16 02:00:00,497.8
2025-01-16 03:00:00,476.36
2025-01-16 04:00:00,466.73
2025-01-16 05:00:00,499.17
2025-01-16 06:00:00,531.05
2025-01-16 07:00:00,525.54
2025-01-16 08:00:00,516.54
2025-01-16 09:00:00,547.01
2025-01-16 10:00:00,545.33
2025-01-16 11:00:00,545.21
2025-01-16 12:00:00,584.27
2025-01-16 13:00:00,569.75
2025-01-16 14:00:00,557.62
2025-01-16 15:00:00,542.36
2025-01-16 16:00:00,519.13
2025-01-16 17:00:00,517.23
2025-01-16 18:00:00,573.97
2025-01-16 19:00:00,605.31
2025-01-16 20:00:00,606.93
2025-01-16 21:00:00,576.62
2025-01-16 22:00:00,562.3
2025-01-16 23:00:00,469.12
2025-01-17 00:00:00,466.0
2025-01-17 01:00:00,456.23
2025-01-17 02:00:00,450.04
2025-01-17 03:00:00,493.06
2025-01-17 04:00:00,456.7
2025-01-17 05:00:00,457.74
2025-01-17 06:00:00,514.58
2025-01-17 07:00:00,528.65
2025-01-17 08:00:00,537.77
2025-01-17 09:00:00,566.98
2025-01-17 10:00:00,578.22
2025-01-17 11:00:00,571.04
2025-01-17 12:00:00,545.98
2025-01-17 13:00:00,551.36
2025-01-17 14:00:00,545.3
2025-01-17 15:00:00,563.44
2025-01-17 16:00:00,536.21
2025-01-17 17:00:00,531.82
2025-01-17 18:00:00,607.18
2025-01-17 19:00:00,591.42
2025-01-17 20:00:00,570.35
2025-01-17 21:00:00,580.74
2025-01-17 22:00:00,552.4
2025-01-17 23:00:00,469.74
2025-01-18 00:00:00,412.68
2025-01-18 01:00:00,438.39
2025-01-18 02:00:00,438.32
2025-01-18 03:00:00,447.75
2025-01-18 04:00:00,446.37
2025-01-18 05:00:00,448.38
2025-01-18 06:00:00,530.66
2025-01-18 07:00:00,516.55
2025-01-18 08:00:00,501.59
2025-01-18 09:00:00,497.67
2025-01-18 10:00:00,532.54
2025-01-18 11:00:00,524.3
2025-01-18 12:00:00,540.63
2025-01-18 13:00:00,535.98
2025-01-18 14:00:00,543.91
2025-01-18 15:00:00,525.82
2025-01-18 16:00:00,498.76
2025-01-18 17:00:00,497.07
2025-01-18 18:00:00,554.71
2025-01-18 19:00:00,583.8
2025-01-18 20:00:00,542.41
2025-01-18 21:00:00,580.28
2025-01-18 22:00:00,528.29
2025-01-18 23:00:00,425.37
2025-01-19 00:00:00,412.79
2025-01-19 01:00:00,432.71
2025-01-19 02:00:00,420.4
2025-01-19 03:00:00,434.31
2025-01-19 04:00:00,480.14
2025-01-19 05:00:00,476.19
2025-01-19 06:00:00,485.37
2025-01-19 07:00:00,506.95
2025-01-19 08:00:00,499.75
2025-01-19 09:00:00,522.65
2025-01-19 10:00:00,553.72
2025-01-19 11:00:00,528.73
2025-01-19 12:00:00,510.92
2025-01-19 13:00:00,522.02
2025-01-19 14:00:00,537.35
2025-01-19 15:00:00,545.91
2025-01-19 16:00:00,515.15
2025-01-19 17:00:00,486.53
2025-01-19 18:00:00,593.81
2025-01-19 19:00:00,563.0
2025-01-19 20:00:00,577.27
2025-01-19 21:00:00,529.84
2025-01-19 22:00:00,517.26
2025-01-19 23:00:00,441.7
2025-01-20 00:00:00,478.61
2025-01-20 01:00:00,478.89
2025-01-20 02:00:00,477.53
2025-01-20 03:00:00,479.17
2025-01-20 04:00:00,495.14
2025-01-20 05:00:00,499.89
2025-01-20 06:00:00,496.99
2025-01-20 07:00:00,526.82
2025-01-20 08:00:00,528.43
2025-01-20 09:00:00,544.86
2025-01-20 10:00:00,555.86
2025-01-20 11:00:00,578.74
2025-01-20 12:00:00,578.18
2025-01-20 13:00:00,553.13
2025-01-20 14:00:00,535.77
2025-01-20 15:00:00,541.48
2025-01-20 16:00:00,520.94
2025-01-20 17:00:00,516.06
2025-01-20 18:00:00,605.82
2025-01-20 19:00:00,580.41
2025-01-20 20:00:00,576.24
2025-01-20 21:00:00,582.89
2025-01-20 22:00:00,561.53
2025-01-20 23:00:00,461.17
2025-01-21 00:00:00,456.13
2025-01-21 01:00:00,470.39
2025-01-21 02:00:00,485.53
2025-01-21 03:00:00,447.53
2025-01-21 04:00:00,487.45
2025-01-21 05:00:00,496.1
2025-01-21 06:00:00,524.03
2025-01-21 07:00:00,510.6
2025-01-21 08:00:00,533.27
2025-01-21 09:00:00,553.08
2025-01-21 10:00:00,543.26
2025-01-21 11:00:00,559.08
2025-01-21 12:00:00,560.81
2025-01-21 13:00:00,573.52
2025-01-21 14:00:00,554.94
2025-01-21 15:00:00,561.86
2025-01-21 16:00:00,546.03
2025-01-21 17:00:00,535.05
2025-01-21 18:00:00,581.77
2025-01-21 19:00:00,615.11
2025-01-21 20:00:00,587.61
2025-01-21 21:00:00,597.53
2025-01-21 22:00:00,557.55
2025-01-21 23:00:00,458.33
2025-01-22 00:00:00,430.61
2025-01-22 01:00:00,454.05
2025-01-22 02:00:00,465.88
2025-01-22 03:00:00,480.73
2025-01-22 04:00:00,504.22
2025-01-22 05:00:00,524.18
2025-01-22 06:00:00,490.05
2025-01-22 07:00:00,513.6
2025-01-22 08:00:00,549.42
2025-01-22 09:00:00,548.9
2025-01-22 10:00:00,538.34
2025-01-22 11:00:00,553.49
2025-01-22 12:00:00,550.33
2025-01-22 13:00:00,596.8
2025-01-22 14:00:00,550.51
2025-01-22 15:00:00,547.57
2025-01-22 16:00:00,530.48
2025-01-22 17:00:00,510.4
2025-01-22 18:00:00,575.86
2025-01-22 19:00:00,599.59
2025-01-22 20:00:00,579.29
2025-01-22 21:00:00,566.36
2025-01-22 22:00:00,550.8
2025-01-22 23:00:00,456.4
2025-01-23 00:00:00,466.02
2025-01-23 01:00:00,438.81
2025-01-23 02:00:00,459.83
2025-01-23 03:00:00,473.79
2025-01-23 04:00:00,477.57
2025-01-23 05:00:00,484.26
2025-01-23 06:00:00,527.05
2025-01-23 07:00:00,520.57
2025-01-23 08:00:00,500.47
2025-01-23 09:00:00,551.95
2025-01-23 10:00:00,542.47
2025-01-23 11:00:00,545.78
2025-01-23 12:00:00,561.96
2025-01-23 13:00:00,559.24
2025-01-23 14:00:00,542.47
2025-01-23 15:00:00,559.28
2025-01-23 16:00:00,532.97
2025-01-23 17:00:00,529.71
2025-01-23 18:00:00,610.14
2025-01-23 19:00:00,636.79
2025-01-23 20:00:00,599.61
2025-01-23 21:00:00,558.6
2025-01-23 22:00:00,571.6
2025-01-23 23:00:00,465.21
2025-01-24 00:00:00,474.53
2025-01-24 01:00:00,458.3
2025-01-24 02:00:00,467.65
2025-01-24 03:00:00,491.3
2025-01-24 04:00:00,499.36
2025-01-24 05:00:00,504.21
2025-01-24 06:00:00,544.27
2025-01-24 07:00:00,542.44
2025-01-24 08:00:00,547.19
2025-01-24 09:00:00,530.1
2025-01-24 10:00:00,535.56
2025-01-24 11:00:00,564.6
2025-01-24 12:00:00,566.41
2025-01-24 13:00:00,563.76
2025-01-24 14:00:00,567.85
2025-01-24 15:00:00,549.43
2025-01-24 16:00:00,529.17
2025-01-24 17:00:00,502.48
2025-01-24 18:00:00,613.21
2025-01-24 19:00:00,590.31
2025-01-24 20:00:00,589.34
2025-01-24 21:00:00,575.79
2025-01-24 22:00:00,549.31
2025-01-24 23:00:00,462.61
2025-01-25 00:00:00,423.55
2025-01-25 01:00:00,434.74
2025-01-25 02:00:00,432.76
2025-01-25 03:00:00,428.73
2025-01-25 04:00:00,491.99
2025-01-25 05:00:00,482.75
2025-01-25 06:00:00,479.06
2025-01-25 07:00:00,511.42
2025-01-25 08:00:00,522.74
2025-01-25 09:00:00,510.4
2025-01-25 10:00:00,535.19
2025-01-25 11:00:00,546.62
2025-01-25 12:00:00,524.2
2025-01-25 13:00:00,533.22
2025-01-25 14:00:00,510.67
2025-01-25 15:00:00,514.47
2025-01-25 16:00:00,510.03
2025-01-25 17:00:00,503.18
2025-01-25 18:00:00,588.62
2025-01-25 19:00:00,561.04
2025-01-25 20:00:00,556.27
2025-01-25 21:00:00,539.31
2025-01-25 22:00:00,552.35
2025-01-25 23:00:00,433.22
2025-01-26 00:00:00,434.21
2025-01-26 01:00:00,430.79
2025-01-26 02:00:00,417.68
2025-01-26 03:00:00,445.47
2025-01-26 04:00:00,459.25
2025-01-26 05:00:00,465.82
2025-01-26 06:00:00,486.51
2025-01-26 07:00:00,472.82
2025-01-26 08:00:00,512.84
2025-01-26 09:00:00,483.38
2025-01-26 10:00:00,543.89
2025-01-26 11:00:00,528.81
2025-01-26 12:00:00,523.69
2025-01-26 13:00:00,525.65
2025-01-26 14:00:00,508.3
2025-01-26 15:00:00,516.32
2025-01-26 16:00:00,503.03
2025-01-26 17:00:00,486.49
2025-01-26 18:00:00,592.77
2025-01-26 19:00:00,566.98
2025-01-26 20:00:00,547.65
2025-01-26 21:00:00,550.9
2025-01-26 22:00:00,508.62
2025-01-26 23:00:00,421.02
2025-01-27 00:00:00,455.12
2025-01-27 01:00:00,474.85
2025-01-27 02:00:00,460.45
2025-01-27 03:00:00,469.55
2025-01-27 04:00:00,503.48
2025-01-27 05:00:00,511.05
2025-01-27 06:00:00,524.87
2025-01-27 07:00:00,517.34
2025-01-27 08:00:00,533.52
2025-01-27 09:00:00,528.3
2025-01-27 10:00:00,536.91
2025-01-27 11:00:00,545.6
2025-01-27 12:00:00,559.98
2025-01-27 13:00:00,541.13
2025-01-27 14:00:00,551.44
2025-01-27 15:00:00,551.86
2025-01-27 16:00:00,506.74
2025-01-27 17:00:00,487.79
2025-01-27 18:00:00,626.3
2025-01-27 19:00:00,576.44
2025-01-27 20:00:00,589.21
2025-01-27 21:00:00,602.81
2025-01-27 22:00:00,578.21
2025-01-27 23:00:00,482.66
2025-01-28 00:00:00,490.88
2025-01-28 01:00:00,458.99
2025-01-28 02:00:00,461.0
2025-01-28 03:00:00,484.33
2025-01-28 04:00:00,453.08
2025-01-28 05:00:00,506.52
2025-01-28 06:00:00,502.06
2025-01-28 07:00:00,517.04
2025-01-28 08:00:00,543.39
2025-01-28 09:00:00,527.02
2025-01-28 10:00:00,565.32
2025-01-28 11:00:00,550.69
2025-01-28 12:00:00,555.0
2025-01-28 13:00:00,555.05
2025-01-28 14:00:00,544.37
2025-01-28 15:00:00,550.55
2025-01-28 16:00:00,505.32
2025-01-28 17:00:00,530.85
2025-01-28 18:00:00,623.85
2025-01-28 19:00:00,589.21
2025-01-28 20:00:00,581.79
2025-01-28 21:00:00,581.34
2025-01-28 22:00:00,573.21
2025-01-28 23:00:00,475.15
2025-01-29 00:00:00,470.51
2025-01-29 01:00:00,468.43
2025-01-29 02:00:00,468.28
2025-01-29 03:00:00,480.67
2025-01-29 04:00:00,495.41
2025-01-29 05:00:00,491.58
2025-01-29 06:00:00,508.38
2025-01-29 07:00:00,477.49
2025-01-29 08:00:00,532.98
2025-01-29 09:00:00,558.29
2025-01-29 10:00:00,531.69
2025-01-29 11:00:00,541.03
2025-01-29 12:00:00,552.48
2025-01-29 13:00:00,553.06
2025-01-29 14:00:00,525.17
2025-01-29 15:00:00,527.97
2025-01-29 16:00:00,521.12
2025-01-29 17:00:00,527.21
2025-01-29 18:00:00,627.54
2025-01-29 19:00:00,604.37
2025-01-29 20:00:00,572.9
2025-01-29 21:00:00,558.66
2025-01-29 22:00:00,537.28
2025-01-29 23:00:00,481.05
2025-01-30 00:00:00,475.01
2025-01-30 01:00:00,456.23
2025-01-30 02:00:00,477.47
2025-01-30 03:00:00,467.75
2025-01-30 04:00:00,501.7
2025-01-30 05:00:00,471.11
2025-01-30 06:00:00,535.47
2025-01-30 07:00:00,529.11
2025-01-30 08:00:00,538.04
2025-01-30 09:00:00,523.68
2025-01-30 10:00:00,523.59
2025-01-30 11:00:00,525.53
2025-01-30 12:00:00,573.52
2025-01-30 13:00:00,543.85
2025-01-30 14:00:00,545.29
2025-01-30 15:00:00,522.81
2025-01-30 16:00:00,517.07
2025-01-30 17:00:00,520.3
2025-01-30 18:00:00,606.52
2025-01-30 19:00:00,606.09
2025-01-30 20:00:00,575.99
2025-01-30 21:00:00,554.06
2025-01-30 22:00:00,559.38
2025-01-30 23:00:00,466.74
2025-01-31 00:00:00,455.75
2025-01-31 01:00:00,463.24
2025-01-31 02:00:00,478.39
2025-01-31 03:00:00,490.69
2025-01-31 04:00:00,492.21
2025-01-31 05:00:00,505.28
2025-01-31 06:00:00,520.0
2025-01-31 07:00:00,535.84
2025-01-31 08:00:00,501.12
2025-01-31 09:00:00,572.88
2025-01-31 10:00:00,556.36
2025-01-31 11:00:00,554.54
2025-01-31 12:00:00,565.42
2025-01-31 13:00:00,567.87
2025-01-31 14:00:00,559.74
2025-01-31 15:00:00,537.06
2025-01-31 16:00:00,546.22
2025-01-31 17:00:00,559.32
2025-01-31 18:00:00,620.75
2025-01-31 19:00:00,587.17
2025-01-31 20:00:00,566.26
2025-01-31 21:00:00,581.38
2025-01-31 22:00:00,572.13
2025-01-31 23:00:00,481.14
2025-02-01 00:00:00,415.29
2025-02-01 01:00:00,427.79
2025-02-01 02:00:00,452.67
2025-02-01 03:00:00,427.55
2025-02-01 04:00:00,445.37
2025-02-01 05:00:00,465.48
2025-02-01 06:00:00,460.18
2025-02-01 07:00:00,491.81
2025-02-01 08:00:00,497.32
2025-02-01 09:00:00,504.77
2025-02-01 10:00:00,515.58
2025-02-01 11:00:00,500.33
2025-02-01 12:00:00,492.37
2025-02-01 13:00:00,529.29
2025-02-01 14:00:00,511.91
2025-02-01 15:00:00,525.37
2025-02-01 16:00:00,489.67
2025-02-01 17:00:00,465.62
2025-02-01 18:00:00,572.37
2025-02-01 19:00:00,567.84
2025-02-01 20:00:00,561.95
2025-02-01 21:00:00,531.29
2025-02-01 22:00:00,538.0
2025-02-01 23:00:00,434.41
2025-02-02 00:00:00,417.94
2025-02-02 01:00:00,411.06
2025-02-02 02:00:00,408.82
2025-02-02 03:00:00,449.28
2025-02-02 04:00:00,470.59
2025-02-02 05:00:00,469.22
2025-02-02 06:00:00,477.33
2025-02-02 07:00:00,489.57
2025-02-02 08:00:00,484.27
2025-02-02 09:00:00,498.92
2025-02-02 10:00:00,505.53
2025-02-02 11:00:00,514.84
2025-02-02 12:00:00,529.8
2025-02-02 13:00:00,551.59
2025-02-02 14:00:00,503.43
2025-02-02 15:00:00,543.17
2025-02-02 16:00:00,523.76
2025-02-02 17:00:00,501.11
2025-02-02 18:00:00,602.91
2025-02-02 19:00:00,552.79
2025-02-02 20:00:00,547.86
2025-02-02 21:00:00,567.58
2025-02-02 22:00:00,543.07
2025-02-02 23:00:00,413.52
2025-02-03 00:00:00,463.81
2025-02-03 01:00:00,459.08
2025-02-03 02:00:00,444.64
2025-02-03 03:00:00,442.36
2025-02-03 04:00:00,459.91
2025-02-03 05:00:00,491.09
2025-02-03 06:00:00,496.89
2025-02-03 07:00:00,511.79
2025-02-03 08:00:00,522.03
2025-02-03 09:00:00,544.79
2025-02-03 10:00:00,528.86
2025-02-03 11:00:00,544.34
2025-02-03 12:00:00,514.47
2025-02-03 13:00:00,537.47
2025-02-03 14:00:00,547.83
2025-02-03 15:00:00,558.02
2025-02-03 16:00:00,520.78
2025-02-03 17:00:00,524.85
2025-02-03 18:00:00,615.02
2025-02-03 19:00:00,578.18
2025-02-03 20:00:00,567.56
2025-02-03 21:00:00,559.04
2025-02-03 22:00:00,592.3
2025-02-03 23:00:00,435.65
2025-02-04 00:00:00,418.54
2025-02-04 01:00:00,449.27
2025-02-04 02:00:00,468.82
2025-02-04 03:00:00,435.54
2025-02-04 04:00:00,482.72
2025-02-04 05:00:00,480.73
2025-02-04 06:00:00,514.84
2025-02-04 07:00:00,488.5
2025-02-04 08:00:00,543.41
2025-02-04 09:00:00,549.69
2025-02-04 10:00:00,538.57
2025-02-04 11:00:00,571.96
2025-02-04 12:00:00,543.8
2025-02-04 13:00:00,548.45
2025-02-04 14:00:00,533.29
2025-02-04 15:00:00,544.91
2025-02-04 16:00:00,518.63
2025-02-04 17:00:00,500.09
2025-02-04 18:00:00,622.28
2025-02-04 19:00:00,574.29
2025-02-04 20:00:00,573.52
2025-02-04 21:00:00,575.34
2025-02-04 22:00:00,546.94
2025-02-04 23:00:00,473.87
2025-02-05 00:00:00,476.66
2025-02-05 01:00:00,451.65
2025-02-05 02:00:00,434.61
2025-02-05 03:00:00,462.31
2025-02-05 04:00:00,449.45
2025-02-05 05:00:00,488.05
2025-02-05 06:00:00,515.06
2025-02-05 07:00:00,508.63
2025-02-05 08:00:00,521.06
2025-02-05 09:00:00,539.91
2025-02-05 10:00:00,529.03
2025-02-05 11:00:00,555.4
2025-02-05 12:00:00,531.86
2025-02-05 13:00:00,565.51
2025-02-05 14:00:00,547.91
2025-02-05 15:00:00,538.11
2025-02-05 16:00:00,522.41
2025-02-05 17:00:00,513.95
2025-02-05 18:00:00,613.99
2025-02-05 19:00:00,600.58
2025-02-05 20:00:00,571.65
2025-02-05 21:00:00,578.24
2025-02-05 22:00:00,536.18
2025-02-05 23:00:00,455.19
2025-02-06 00:00:00,465.62
2025-02-06 01:00:00,445.51
2025-02-06 02:00:00,466.68
2025-02-06 03:00:00,477.91
2025-02-06 04:00:00,470.82
2025-02-06 05:00:00,456.39
2025-02-06 06:00:00,525.32
2025-02-06 07:00:00,522.46
2025-02-06 08:00:00,523.77
2025-02-06 09:00:00,550.01
2025-02-06 10:00:00,544.22
2025-02-06 11:00:00,531.28
2025-02-06 12:00:00,520.35
2025-02-06 13:00:00,552.24
2025-02-06 14:00:00,532.33
2025-02-06 15:00:00,525.27
2025-02-06 16:00:00,514.59
2025-02-06 17:00:00,513.86
2025-02-06 18:00:00,580.27
2025-02-06 19:00:00,581.01
2025-02-06 20:00:00,574.41
2025-02-06 21:00:00,594.54
2025-02-06 22:00:00,546.39
2025-02-06 23:00:00,450.17
2025-02-07 00:00:00,458.53
2025-02-07 01:00:00,450.45
2025-02-07 02:00:00,460.47
2025-02-07 03:00:00,450.97
2025-02-07 04:00:00,438.49
2025-02-07 05:00:00,480.32
2025-02-07 06:00:00,512.71
2025-02-07 07:00:00,519.15
2025-02-07 08:00:00,519.06
2025-02-07 09:00:00,548.49
2025-02-07 10:00:00,541.28
2025-02-07 11:00:00,528.94
2025-02-07 12:00:00,574.2
2025-02-07 13:00:00,577.72
2025-02-07 14:00:00,539.08
2025-02-07 15:00:00,537.52
2025-02-07 16:00:00,503.98
2025-02-07 17:00:00,507.4
2025-02-07 18:00:00,602.45
2025-02-07 19:00:00,566.98
2025-02-07 20:00:00,586.64
2025-02-07 21:00:00,567.5
2025-02-07 22:00:00,550.85
2025-02-07 23:00:00,467.27
2025-02-08 00:00:00,434.91
2025-02-08 01:00:00,389.74
2025-02-08 02:00:00,409.52
2025-02-08 03:00:00,438.25
2025-02-08 04:00:00,445.63
2025-02-08 05:00:00,482.95
2025-02-08 06:00:00,496.55
2025-02-08 07:00:00,497.29
2025-02-08 08:00:00,512.84
2025-02-08 09:00:00,503.5
2025-02-08 10:00:00,514.34
2025-02-08 11:00:00,524.5
2025-02-08 12:00:00,541.45
2025-02-08 13:00:00,518.11
2025-02-08 14:00:00,504.35
2025-02-08 15:00:00,507.83
2025-02-08 16:00:00,512.62
2025-02-08 17:00:00,500.54
2025-02-08 18:00:00,572.72
2025-02-08 19:00:00,552.48
2025-02-08 20:00:00,550.16
2025-02-08 21:00:00,541.6
2025-02-08 22:00:00,548.2
2025-02-08 23:00:00,422.81
2025-02-09 00:00:00,433.44
2025-02-09 01:00:00,432.13
2025-02-09 02:00:00,429.09
2025-02-09 03:00:00,455.34
2025-02-09 04:00:00,455.77
2025-02-09 05:00:00,450.37
2025-02-09 06:00:00,480.6
2025-02-09 07:00:00,494.46
2025-02-09 08:00:00,489.53
2025-02-09 09:00:00,501.02
2025-02-09 10:00:00,500.68
2025-02-09 11:00:00,530.03
2025-02-09 12:00:00,500.57
2025-02-09 13:00:00,531.12
2025-02-09 14:00:00,526.7
2025-02-09 15:00:00,515.51
2025-02-09 16:00:00,486.31
2025-02-09 17:00:00,481.1
2025-02-09 18:00:00,585.92
2025-02-09 19:00:00,541.29
2025-02-09 20:00:00,569.68
2025-02-09 21:00:00,518.22
2025-02-09 22:00:00,542.04
2025-02-09 23:00:00,412.14
2025-02-10 00:00:00,452.92
2025-02-10 01:00:00,473.06
2025-02-10 02:00:00,484.25
2025-02-10 03:00:00,446.68
2025-02-10 04:00:00,484.32
2025-02-10 05:00:00,486.61
2025-02-10 06:00:00,520.89
2025-02-10 07:00:00,498.04
2025-02-10 08:00:00,519.74
2025-02-10 09:00:00,537.94
2025-02-10 10:00:00,533.61
2025-02-10 11:00:00,562.0
2025-02-10 12:00:00,561.82
2025-02-10 13:00:00,549.73
2025-02-10 14:00:00,558.18
2025-02-10 15:00:00,553.34
2025-02-10 16:00:00,510.99
2025-02-10 17:00:00,517.45
2025-02-10 18:00:00,601.67
2025-02-10 19:00:00,595.04
2025-02-10 20:00:00,570.66
2025-02-10 21:00:00,565.33
2025-02-10 22:00:00,558.8
2025-02-10 23:00:00,446.32
2025-02-11 00:00:00,466.72
2025-02-11 01:00:00,438.05
2025-02-11 02:00:00,436.63
2025-02-11 03:00:00,462.58
2025-02-11 04:00:00,462.95
2025-02-11 05:00:00,496.43
2025-02-11 06:00:00,510.49
2025-02-11 07:00:00,506.11
2025-02-11 08:00:00,522.44
2025-02-11 09:00:00,536.55
2025-02-11 10:00:00,530.21
2025-02-11 11:00:00,549.33
2025-02-11 12:00:00,556.84
2025-02-11 13:00:00,557.73
2025-02-11 14:00:00,545.6
2025-02-11 15:00:00,527.93
2025-02-11 16:00:00,518.16
2025-02-11 17:00:00,520.44
2025-02-11 18:00:00,593.24
2025-02-11 19:00:00,572.83
2025-02-11 20:00:00,584.01
2025-02-11 21:00:00,588.8
2025-02-11 22:00:00,559.99
2025-02-11 23:00:00,468.17
2025-02-12 00:00:00,464.98
2025-02-12 01:00:00,462.07
2025-02-12 02:00:00,463.45
2025-02-12 03:00:00,477.24
2025-02-12 04:00:00,489.78
2025-02-12 05:00:00,510.75
2025-02-12 06:00:00,500.25
2025-02-12 07:00:00,515.26
2025-02-12 08:00:00,518.35
2025-02-12 09:00:00,552.68
2025-02-12 10:00:00,530.59
2025-02-12 11:00:00,563.57
2025-02-12 12:00:00,562.9
2025-02-12 13:00:00,565.73
2025-02-12 14:00:00,523.86
2025-02-12 15:00:00,523.93
2025-02-12 16:00:00,515.81
2025-02-12 17:00:00,490.95
2025-02-12 18:00:00,567.52
2025-02-12 19:00:00,616.78
2025-02-12 20:00:00,583.58
2025-02-12 21:00:00,550.1
2025-02-12 22:00:00,584.23
2025-02-12 23:00:00,413.52
2025-02-13 00:00:00,455.0
2025-02-13 01:00:00,454.93
2025-02-13 02:00:00,466.36
2025-02-13 03:00:00,460.47
2025-02-13 04:00:00,482.83
2025-02-13 05:00:00,491.47
2025-02-13 06:00:00,512.78
2025-02-13 07:00:00,485.26
2025-02-13 08:00:00,520.1
2025-02-13 09:00:00,540.37
2025-02-13 10:00:00,527.79
2025-02-13 11:00:00,560.86
2025-02-13 12:00:00,544.08
2025-02-13 13:00:00,529.61
2025-02-13 14:00:00,549.7
2025-02-13 15:00:00,529.78
2025-02-13 16:00:00,549.44
2025-02-13 17:00:00,506.48
2025-02-13 18:00:00,607.47
2025-02-13 19:00:00,571.85
2025-02-13 20:00:00,576.38
2025-02-13 21:00:00,538.46
2025-02-13 22:00:00,569.78
2025-02-13 23:00:00,447.6
2025-02-14 00:00:00,468.55
2025-02-14 01:00:00,475.08
2025-02-14 02:00:00,456.73
2025-02-14 03:00:00,452.0
2025-02-14 04:00:00,464.67
2025-02-14 05:00:00,497.86
2025-02-14 06:00:00,491.81
2025-02-14 07:00:00,476.48
2025-02-14 08:00:00,524.64
2025-02-14 09:00:00,552.27
2025-02-14 10:00:00,549.41
2025-02-14 11:00:00,543.52
2025-02-14 12:00:00,538.47
2025-02-14 13:00:00,539.09
2025-02-14 14:00:00,545.74
2025-02-14 15:00:00,543.99
2025-02-14 16:00:00,499.86
2025-02-14 17:00:00,510.62
2025-02-14 18:00:00,636.52
2025-02-14 19:00:00,600.5
2025-02-14 20:00:00,576.39
2025-02-14 21:00:00,577.76
2025-02-14 22:00:00,546.22
2025-02-14 23:00:00,465.2
2025-02-15 00:00:00,397.35
2025-02-15 01:00:00,435.11
2025-02-15 02:00:00,439.89
2025-02-15 03:00:00,417.28
2025-02-15 04:00:00,450.98
2025-02-15 05:00:00,450.1
2025-02-15 06:00:00,469.72
2025-02-15 07:00:00,463.78
2025-02-15 08:00:00,489.34
2025-02-15 09:00:00,510.3
2025-02-15 10:00:00,512.08
2025-02-15 11:00:00,526.98
2025-02-15 12:00:00,514.23
2025-02-15 13:00:00,515.08
2025-02-15 14:00:00,527.91
2025-02-15 15:00:00,526.74
2025-02-15 16:00:00,529.3
2025-02-15 17:00:00,468.61
2025-02-15 18:00:00,573.91
2025-02-15 19:00:00,548.28
2025-02-15 20:00:00,542.76
2025-02-15 21:00:00,538.01
2025-02-15 22:00:00,519.03
2025-02-15 23:00:00,426.56
2025-02-16 00:00:00,425.37
2025-02-16 01:00:00,415.98
2025-02-16 02:00:00,428.75
2025-02-16 03:00:00,450.39
2025-02-16 04:00:00,417.41
2025-02-16 05:00:00,417.91
2025-02-16 06:00:00,470.33
2025-02-16 07:00:00,476.21
2025-02-16 08:00:00,490.53
2025-02-16 09:00:00,505.62
2025-02-16 10:00:00,512.47
2025-02-16 11:00:00,500.57
2025-02-16 12:00:00,494.01
2025-02-16 13:00:00,496.04
2025-02-16 14:00:00,520.01
2025-02-16 15:00:00,508.51
2025-02-16 16:00:00,477.46
2025-02-16 17:00:00,502.18
2025-02-16 18:00:00,580.6
2025-02-16 19:00:00,565.4
2025-02-16 20:00:00,524.09
2025-02-16 21:00:00,530.45
2025-02-16 22:00:00,529.91
2025-02-16 23:00:00,446.2
2025-02-17 00:00:00,445.56
2025-02-17 01:00:00,466.12
2025-02-17 02:00:00,458.76
2025-02-17 03:00:00,468.66
2025-02-17 04:00:00,473.41
2025-02-17 05:00:00,481.81
2025-02-17 06:00:00,477.21
2025-02-17 07:00:00,510.28
2025-02-17 08:00:00,518.48
2025-02-17 09:00:00,518.13
2025-02-17 10:00:00,536.4
2025-02-17 11:00:00,548.9
2025-02-17 12:00:00,574.06
2025-02-17 13:00:00,542.42
2025-02-17 14:00:00,537.86
2025-02-17 15:00:00,552.57
2025-02-17 16:00:00,534.13
2025-02-17 17:00:00,525.12
2025-02-17 18:00:00,587.64
2025-02-17 19:00:00,601.94
2025-02-17 20:00:00,568.15
2025-02-17 21:00:00,560.12
2025-02-17 22:00:00,591.93
2025-02-17 23:00:00,447.73
2025-02-18 00:00:00,407.72
2025-02-18 01:00:00,455.42
2025-02-18 02:00:00,460.64
2025-02-18 03:00:00,480.42
2025-02-18 04:00:00,489.61
2025-02-18 05:00:00,474.85
2025-02-18 06:00:00,519.16
2025-02-18 07:00:00,523.76
2025-02-18 08:00:00,529.84
2025-02-18 09:00:00,505.75
2025-02-18 10:00:00,539.84
2025-02-18 11:00:00,552.35
2025-02-18 12:00:00,564.0
2025-02-18 13:00:00,565.57
2025-02-18 14:00:00,528.53
2025-02-18 15:00:00,530.22
2025-02-18 16:00:00,550.62
2025-02-18 17:00:00,515.09
2025-02-18 18:00:00,608.79
2025-02-18 19:00:00,606.32
2025-02-18 20:00:00,560.31
2025-02-18 21:00:00,588.82
2025-02-18 22:00:00,554.2
2025-02-18 23:00:00,442.25
2025-02-19 00:00:00,444.84
2025-02-19 01:00:00,460.3
2025-02-19 02:00:00,459.03
2025-02-19 03:00:00,464.06
2025-02-19 04:00:00,474.27
2025-02-19 05:00:00,506.87
2025-02-19 06:00:00,493.96
2025-02-19 07:00:00,530.19
2025-02-19 08:00:00,557.31
2025-02-19 09:00:00,522.58
2025-02-19 10:00:00,518.35
2025-02-19 11:00:00,551.46
2025-02-19 12:00:00,529.19
2025-02-19 13:00:00,524.14
2025-02-19 14:00:00,543.72
2025-02-19 15:00:00,509.66
2025-02-19 16:00:00,516.37
2025-02-19 17:00:00,501.64
2025-02-19 18:00:00,614.67
2025-02-19 19:00:00,577.64
2025-02-19 20:00:00,579.58
2025-02-19 21:00:00,550.94
2025-02-19 22:00:00,561.16
2025-02-19 23:00:00,451.02
2025-02-20 00:00:00,472.2
2025-02-20 01:00:00,455.53
2025-02-20 02:00:00,456.33
2025-02-20 03:00:00,452.82
2025-02-20 04:00:00,497.56
2025-02-20 05:00:00,466.25
2025-02-20 06:00:00,484.83
2025-02-20 07:00:00,532.85
2025-02-20 08:00:00,526.32
2025-02-20 09:00:00,533.06
2025-02-20 10:00:00,527.88
2025-02-20 11:00:00,525.79
2025-02-20 12:00:00,554.49
2025-02-20 13:00:00,553.49
2025-02-20 14:00:00,541.24
2025-02-20 15:00:00,529.83
2025-02-20 16:00:00,535.45
2025-02-20 17:00:00,514.62
2025-02-20 18:00:00,628.42
2025-02-20 19:00:00,583.45
2025-02-20 20:00:00,546.47
2025-02-20 21:00:00,590.77
2025-02-20 22:00:00,558.13
2025-02-20 23:00:00,464.6
2025-02-21 00:00:00,467.99
2025-02-21 01:00:00,452.28
2025-02-21 02:00:00,452.8
2025-02-21 03:00:00,462.44
2025-02-21 04:00:00,450.5
2025-02-21 05:00:00,464.97
2025-02-21 06:00:00,506.18
2025-02-21 07:00:00,472.18
2025-02-21 08:00:00,537.1
2025-02-21 09:00:00,563.57
2025-02-21 10:00:00,529.35
2025-02-21 11:00:00,531.03
2025-02-21 12:00:00,542.1
2025-02-21 13:00:00,543.73
2025-02-21 14:00:00,532.41
2025-02-21 15:00:00,542.7
2025-02-21 16:00:00,519.74
2025-02-21 17:00:00,531.36
2025-02-21 18:00:00,618.77
2025-02-21 19:00:00,576.47
2025-02-21 20:00:00,588.8
2025-02-21 21:00:00,554.72
2025-02-21 22:00:00,548.13
2025-02-21 23:00:00,457.91
2025-02-22 00:00:00,436.49
2025-02-22 01:00:00,408.63
2025-02-22 02:00:00,430.04
2025-02-22 03:00:00,433.99
2025-02-22 04:00:00,437.52
2025-02-22 05:00:00,462.94
2025-02-22 06:00:00,482.27
2025-02-22 07:00:00,452.48
2025-02-22 08:00:00,502.82
2025-02-22 09:00:00,476.12
2025-02-22 10:00:00,512.64
2025-02-22 11:00:00,549.97
2025-02-22 12:00:00,504.2
2025-02-22 13:00:00,523.64
2025-02-22 14:00:00,546.84
2025-02-22 15:00:00,518.4
2025-02-22 16:00:00,483.28
2025-02-22 17:00:00,466.52
2025-02-22 18:00:00,570.64
2025-02-22 19:00:00,559.69
2025-02-22 20:00:00,536.47
2025-02-22 21:00:00,534.9
2025-02-22 22:00:00,521.75
2025-02-22 23:00:00,429.54
2025-02-23 00:00:00,395.97
2025-02-23 01:00:00,413.48
2025-02-23 02:00:00,412.03
2025-02-23 03:00:00,443.24
2025-02-23 04:00:00,424.13
2025-02-23 05:00:00,452.69
2025-02-23 06:00:00,456.59
2025-02-23 07:00:00,480.1
2025-02-23 08:00:00,498.83
2025-02-23 09:00:00,500.44
2025-02-23 10:00:00,507.02
2025-02-23 11:00:00,517.79
2025-02-23 12:00:00,530.32
2025-02-23 13:00:00,519.46
2025-02-23 14:00:00,538.5
2025-02-23 15:00:00,501.46
2025-02-23 16:00:00,520.82
2025-02-23 17:00:00,465.0
2025-02-23 18:00:00,584.59
2025-02-23 19:00:00,569.1
2025-02-23 20:00:00,577.27
2025-02-23 21:00:00,541.57
2025-02-23 22:00:00,534.65
2025-02-23 23:00:00,412.14
2025-02-24 00:00:00,451.77
2025-02-24 01:00:00,460.79
2025-02-24 02:00:00,465.36
2025-02-24 03:00:00,467.11
2025-02-24 04:00:00,474.03
2025-02-24 05:00:00,490.71
2025-02-24 06:00:00,515.56
2025-02-24 07:00:00,519.2
2025-02-24 08:00:00,525.8
2025-02-24 09:00:00,536.94
2025-02-24 10:00:00,548.16
2025-02-24 11:00:00,538.53
2025-02-24 12:00:00,546.77
2025-02-24 13:00:00,551.54
2025-02-24 14:00:00,527.81
2025-02-24 15:00:00,536.31
2025-02-24 16:00:00,531.48
2025-02-24 17:00:00,505.62
2025-02-24 18:00:00,594.95
2025-02-24 19:00:00,602.49
2025-02-24 20:00:00,573.0
2025-02-24 21:00:00,542.63
2025-02-24 22:00:00,549.99
2025-02-24 23:00:00,417.77
2025-02-25 00:00:00,449.05
2025-02-25 01:00:00,438.67
2025-02-25 02:00:00,464.76
2025-02-25 03:00:00,472.39
2025-02-25 04:00:00,477.86
2025-02-25 05:00:00,460.37
2025-02-25 06:00:00,493.24
2025-02-25 07:00:00,516.05
2025-02-25 08:00:00,502.76
2025-02-25 09:00:00,531.22
2025-02-25 10:00:00,563.78
2025-02-25 11:00:00,550.74
2025-02-25 12:00:00,556.3
2025-02-25 13:00:00,541.78
2025-02-25 14:00:00,517.7
2025-02-25 15:00:00,528.75
2025-02-25 16:00:00,519.57
2025-02-25 17:00:00,534.86
2025-02-25 18:00:00,573.41
2025-02-25 19:00:00,578.33
2025-02-25 20:00:00,572.86
2025-02-25 21:00:00,568.89
2025-02-25 22:00:00,568.27
2025-02-25 23:00:00,465.68
2025-02-26 00:00:00,430.01
2025-02-26 01:00:00,446.03
2025-02-26 02:00:00,474.58
2025-02-26 03:00:00,453.84
2025-02-26 04:00:00,453.7
2025-02-26 05:00:00,468.19
2025-02-26 06:00:00,510.76
2025-02-26 07:00:00,505.7
2025-02-26 08:00:00,506.16
2025-02-26 09:00:00,549.61
2025-02-26 10:00:00,545.1
2025-02-26 11:00:00,552.41
2025-02-26 12:00:00,574.84
2025-02-26 13:00:00,531.81
2025-02-26 14:00:00,522.94
2025-02-26 15:00:00,532.29
2025-02-26 16:00:00,501.01
2025-02-26 17:00:00,515.3
2025-02-26 18:00:00,598.31
2025-02-26 19:00:00,584.06
2025-02-26 20:00:00,576.97
2025-02-26 21:00:00,559.91
2025-02-26 22:00:00,561.73
2025-02-26 23:00:00,442.44
2025-02-27 00:00:00,477.54
2025-02-27 01:00:00,440.21
2025-02-27 02:00:00,458.64
2025-02-27 03:00:00,444.79
2025-02-27 04:00:00,437.24
2025-02-27 05:00:00,470.37
2025-02-27 06:00:00,504.88
2025-02-27 07:00:00,539.04
2025-02-27 08:00:00,539.41
2025-02-27 09:00:00,556.74
2025-02-27 10:00:00,533.49
2025-02-27 11:00:00,543.98
2025-02-27 12:00:00,577.5
2025-02-27 13:00:00,524.82
2025-02-27 14:00:00,558.43
2025-02-27 15:00:00,547.96
2025-02-27 16:00:00,551.27
2025-02-27 17:00:00,529.68
2025-02-27 18:00:00,596.45
2025-02-27 19:00:00,579.83
2025-02-27 20:00:00,587.07
2025-02-27 21:00:00,585.69
2025-02-27 22:00:00,567.44
2025-02-27 23:00:00,433.58
2025-02-28 00:00:00,458.48
2025-02-28 01:00:00,444.22
2025-02-28 02:00:00,452.58
2025-02-28 03:00:00,444.74
2025-02-28 04:00:00,477.57
2025-02-28 05:00:00,472.6
2025-02-28 06:00:00,507.32
2025-02-28 07:00:00,543.78
2025-02-28 08:00:00,522.41
2025-02-28 09:00:00,530.69
2025-02-28 10:00:00,539.38
2025-02-28 11:00:00,558.31
2025-02-28 12:00:00,546.43
2025-02-28 13:00:00,522.85
2025-02-28 14:00:00,522.18
2025-02-28 15:00:00,565.29
2025-02-28 16:00:00,516.37
2025-02-28 17:00:00,487.43
2025-02-28 18:00:00,569.1
2025-02-28 19:00:00,585.95
2025-02-28 20:00:00,585.4
2025-02-28 21:00:00,548.46
2025-02-28 22:00:00,584.46
2025-02-28 23:00:00,479.32
2025-03-01 00:00:00,398.84
2025-03-01 01:00:00,416.7
2025-03-01 02:00:00,406.46
2025-03-01 03:00:00,378.33
2025-03-01 04:00:00,403.5
2025-03-01 05:00:00,415.25
2025-03-01 06:00:00,464.87
2025-03-01 07:00:00,467.36
2025-03-01 08:00:00,453.3
2025-03-01 09:00:00,475.84
2025-03-01 10:00:00,480.5
2025-03-01 11:00:00,474.8
2025-03-01 12:00:00,476.4
2025-03-01 13:00:00,481.16
2025-03-01 14:00:00,488.62
2025-03-01 15:00:00,471.88
2025-03-01 16:00:00,492.23
2025-03-01 17:00:00,454.39
2025-03-01 18:00:00,529.01
2025-03-01 19:00:00,535.0
2025-03-01 20:00:00,484.05
2025-03-01 21:00:00,494.57
2025-03-01 22:00:00,473.85
2025-03-01 23:00:00,368.87
2025-03-02 00:00:00,380.92
2025-03-02 01:00:00,384.85
2025-03-02 02:00:00,409.23
2025-03-02 03:00:00,401.45
2025-03-02 04:00:00,412.59
2025-03-02 05:00:00,397.65
2025-03-02 06:00:00,440.73
2025-03-02 07:00:00,441.94
2025-03-02 08:00:00,453.76
2025-03-02 09:00:00,476.79
2025-03-02 10:00:00,511.79
2025-03-02 11:00:00,492.31
2025-03-02 12:00:00,494.21
2025-03-02 13:00:00,470.61
2025-03-02 14:00:00,464.52
2025-03-02 15:00:00,483.37
2025-03-02 16:00:00,435.89
2025-03-02 17:00:00,449.75
2025-03-02 18:00:00,540.36
2025-03-02 19:00:00,514.3
2025-03-02 20:00:00,530.2
2025-03-02 21:00:00,491.1
2025-03-02 22:00:00,490.69
2025-03-02 23:00:00,390.16
2025-03-03 00:00:00,433.76
2025-03-03 01:00:00,428.46
2025-03-03 02:00:00,424.75
2025-03-03 03:00:00,440.14
2025-03-03 04:00:00,434.82
2025-03-03 05:00:00,449.78
2025-03-03 06:00:00,456.17
2025-03-03 07:00:00,436.75
2025-03-03 08:00:00,519.93
2025-03-03 09:00:00,522.54
2025-03-03 10:00:00,524.52
2025-03-03 11:00:00,523.03
2025-03-03 12:00:00,532.74
2025-03-03 13:00:00,513.69
2025-03-03 14:00:00,534.16
2025-03-03 15:00:00,522.43
2025-03-03 16:00:00,493.49
2025-03-03 17:00:00,476.46
2025-03-03 18:00:00,581.59
2025-03-03 19:00:00,554.85
2025-03-03 20:00:00,546.08
2025-03-03 21:00:00,542.35
2025-03-03 22:00:00,494.13
2025-03-03 23:00:00,421.92
2025-03-04 00:00:00,415.74
2025-03-04 01:00:00,409.61
2025-03-04 02:00:00,423.74
2025-03-04 03:00:00,421.28
2025-03-04 04:00:00,451.73
2025-03-04 05:00:00,455.75
2025-03-04 06:00:00,470.75
2025-03-04 07:00:00,508.48
2025-03-04 08:00:00,477.73
2025-03-04 09:00:00,500.58
2025-03-04 10:00:00,489.05
2025-03-04 11:00:00,510.03
2025-03-04 12:00:00,518.64
2025-03-04 13:00:00,487.77
2025-03-04 14:00:00,494.86
2025-03-04 15:00:00,535.03
2025-03-04 16:00:00,490.66
2025-03-04 17:00:00,480.38
2025-03-04 18:00:00,552.04
2025-03-04 19:00:00,576.68
2025-03-04 20:00:00,527.44
2025-03-04 21:00:00,518.08
2025-03-04 22:00:00,534.02
2025-03-04 23:00:00,451.99
2025-03-05 00:00:00,423.63
2025-03-05 01:00:00,421.6
2025-03-05 02:00:00,414.3
2025-03-05 03:00:00,456.89
2025-03-05 04:00:00,454.61
2025-03-05 05:00:00,460.38
2025-03-05 06:00:00,480.5
2025-03-05 07:00:00,479.56
2025-03-05 08:00:00,500.41
2025-03-05 09:00:00,506.61
2025-03-05 10:00:00,522.9
2025-03-05 11:00:00,515.18
2025-03-05 12:00:00,519.0
2025-03-05 13:00:00,518.68
2025-03-05 14:00:00,541.98
2025-03-05 15:00:00,505.22
2025-03-05 16:00:00,528.01
2025-03-05 17:00:00,498.88
2025-03-05 18:00:00,580.41
2025-03-05 19:00:00,587.71
2025-03-05 20:00:00,525.44
2025-03-05 21:00:00,570.6
2025-03-05 22:00:00,524.56
2025-03-05 23:00:00,416.44
2025-03-06 00:00:00,426.93
2025-03-06 01:00:00,409.09
2025-03-06 02:00:00,444.72
2025-03-06 03:00:00,441.56
2025-03-06 04:00:00,431.22
2025-03-06 05:00:00,469.76
2025-03-06 06:00:00,466.67
2025-03-06 07:00:00,492.09
2025-03-06 08:00:00,501.49
2025-03-06 09:00:00,512.91
2025-03-06 10:00:00,517.1
2025-03-06 11:00:00,483.43
2025-03-06 12:00:00,500.29
2025-03-06 13:00:00,515.42
2025-03-06 14:00:00,505.77
2025-03-06 15:00:00,519.22
2025-03-06 16:00:00,483.98
2025-03-06 17:00:00,480.03
2025-03-06 18:00:00,581.72
2025-03-06 19:00:00,562.49
2025-03-06 20:00:00,550.53
2025-03-06 21:00:00,526.47
2025-03-06 22:00:00,541.57
2025-03-06 23:00:00,445.51
2025-03-07 00:00:00,415.39
2025-03-07 01:00:00,429.16
2025-03-07 02:00:00,442.94
2025-03-07 03:00:00,405.99
2025-03-07 04:00:00,460.61
2025-03-07 05:00:00,474.32
2025-03-07 06:00:00,453.68
2025-03-07 07:00:00,479.73
2025-03-07 08:00:00,510.33
2025-03-07 09:00:00,501.19
2025-03-07 10:00:00,497.52
2025-03-07 11:00:00,502.98
2025-03-07 12:00:00,508.49
2025-03-07 13:00:00,532.07
2025-03-07 14:00:00,535.05
2025-03-07 15:00:00,503.78
2025-03-07 16:00:00,498.42
2025-03-07 17:00:00,486.71
2025-03-07 18:00:00,582.96
2025-03-07 19:00:00,534.67
2025-03-07 20:00:00,540.35
2025-03-07 21:00:00,520.03
2025-03-07 22:00:00,525.62
2025-03-07 23:00:00,430.0
2025-03-08 00:00:00,368.69
2025-03-08 01:00:00,382.75
2025-03-08 02:00:00,371.51
2025-03-08 03:00:00,400.09
2025-03-08 04:00:00,413.0
2025-03-08 05:00:00,429.08
2025-03-08 06:00:00,444.06
2025-03-08 07:00:00,427.6
2025-03-08 08:00:00,461.92
2025-03-08 09:00:00,485.79
2025-03-08 10:00:00,495.25
2025-03-08 11:00:00,498.59
2025-03-08 12:00:00,478.88
2025-03-08 13:00:00,488.88
2025-03-08 14:00:00,483.7
2025-03-08 15:00:00,476.08
2025-03-08 16:00:00,445.74
2025-03-08 17:00:00,440.68
2025-03-08 18:00:00,538.11
2025-03-08 19:00:00,535.13
2025-03-08 20:00:00,496.64
2025-03-08 21:00:00,523.48
2025-03-08 22:00:00,502.62
2025-03-08 23:00:00,409.42
2025-03-09 00:00:00,380.14
2025-03-09 01:00:00,388.73
2025-03-09 02:00:00,406.05
2025-03-09 03:00:00,418.1
2025-03-09 04:00:00,404.1
2025-03-09 05:00:00,436.7
2025-03-09 06:00:00,447.03
2025-03-09 07:00:00,455.09
2025-03-09 08:00:00,474.5
2025-03-09 09:00:00,480.38
2025-03-09 10:00:00,482.19
2025-03-09 11:00:00,470.93
2025-03-09 12:00:00,487.28
2025-03-09 13:00:00,473.83
2025-03-09 14:00:00,486.83
2025-03-09 15:00:00,453.65
2025-03-09 16:00:00,448.99
2025-03-09 17:00:00,419.76
2025-03-09 18:00:00,576.8
2025-03-09 19:00:00,524.09
2025-03-09 20:00:00,506.36
2025-03-09 21:00:00,500.16
2025-03-09 22:00:00,480.13
2025-03-09 23:00:00,355.3
2025-03-10 00:00:00,417.65
2025-03-10 01:00:00,435.42
2025-03-10 02:00:00,426.24
2025-03-10 03:00:00,452.55
2025-03-10 04:00:00,443.59
2025-03-10 05:00:00,463.02
2025-03-10 06:00:00,469.4
2025-03-10 07:00:00,440.96
2025-03-10 08:00:00,466.63
2025-03-10 09:00:00,498.89
2025-03-10 10:00:00,511.93
2025-03-10 11:00:00,517.49
2025-03-10 12:00:00,526.53
2025-03-10 13:00:00,541.84
2025-03-10 14:00:00,503.48
2025-03-10 15:00:00,504.7
2025-03-10 16:00:00,494.24
2025-03-10 17:00:00,455.11
2025-03-10 18:00:00,577.0
2025-03-10 19:00:00,565.39
2025-03-10 20:00:00,529.72
2025-03-10 21:00:00,518.7
2025-03-10 22:00:00,518.99
2025-03-10 23:00:00,451.59
2025-03-11 00:00:00,409.6
2025-03-11 01:00:00,414.21
2025-03-11 02:00:00,441.64
2025-03-11 03:00:00,426.44
2025-03-11 04:00:00,458.5
2025-03-11 05:00:00,455.54
2025-03-11 06:00:00,480.46
2025-03-11 07:00:00,445.89
2025-03-11 08:00:00,505.56
2025-03-11 09:00:00,487.12
2025-03-11 10:00:00,525.34
2025-03-11 11:00:00,509.03
2025-03-11 12:00:00,506.65
2025-03-11 13:00:00,506.21
2025-03-11 14:00:00,531.36
2025-03-11 15:00:00,499.4
2025-03-11 16:00:00,498.23
2025-03-11 17:00:00,481.37
2025-03-11 18:00:00,562.39
2025-03-11 19:00:00,584.01
2025-03-11 20:00:00,552.67
2025-03-11 21:00:00,530.52
2025-03-11 22:00:00,546.02
2025-03-11 23:00:00,433.43
2025-03-12 00:00:00,422.51
2025-03-12 01:00:00,428.55
2025-03-12 02:00:00,412.95
2025-03-12 03:00:00,439.31
2025-03-12 04:00:00,462.43
2025-03-12 05:00:00,429.54
2025-03-12 06:00:00,458.31
2025-03-12 07:00:00,486.74
2025-03-12 08:00:00,494.95
2025-03-12 09:00:00,478.63
2025-03-12 10:00:00,529.65
2025-03-12 11:00:00,527.93
2025-03-12 12:00:00,529.72
2025-03-12 13:00:00,528.39
2025-03-12 14:00:00,515.39
2025-03-12 15:00:00,487.3
2025-03-12 16:00:00,498.7
2025-03-12 17:00:00,468.16
2025-03-12 18:00:00,578.6
2025-03-12 19:00:00,547.68
2025-03-12 20:00:00,525.45
2025-03-12 21:00:00,542.68
2025-03-12 22:00:00,532.49
2025-03-12 23:00:00,391.25
2025-03-13 00:00:00,382.74
2025-03-13 01:00:00,416.41
2025-03-13 02:00:00,415.45
2025-03-13 03:00:00,441.61
2025-03-13 04:00:00,436.63
2025-03-13 05:00:00,477.6
2025-03-13 06:00:00,444.79
2025-03-13 07:00:00,486.61
2025-03-13 08:00:00,494.01
2025-03-13 09:00:00,460.53
2025-03-13 10:00:00,502.6
2025-03-13 11:00:00,511.82
2025-03-13 12:00:00,540.61
2025-03-13 13:00:00,502.99
2025-03-13 14:00:00,529.41
2025-03-13 15:00:00,510.82
2025-03-13 16:00:00,506.01
2025-03-13 17:00:00,494.48
2025-03-13 18:00:00,581.1
2025-03-13 19:00:00,538.74
2025-03-13 20:00:00,529.83
2025-03-13 21:00:00,529.79
2025-03-13 22:00:00,531.27
2025-03-13 23:00:00,429.78
2025-03-14 00:00:00,408.48
2025-03-14 01:00:00,432.37
2025-03-14 02:00:00,446.59
2025-03-14 03:00:00,444.58
2025-03-14 04:00:00,446.27
2025-03-14 05:00:00,437.04
2025-03-14 06:00:00,428.46
2025-03-14 07:00:00,516.65
2025-03-14 08:00:00,489.37
2025-03-14 09:00:00,507.62
2025-03-14 10:00:00,506.56
2025-03-14 11:00:00,521.94
2025-03-14 12:00:00,552.11
2025-03-14 13:00:00,501.76
2025-03-14 14:00:00,497.84
2025-03-14 15:00:00,518.14
2025-03-14 16:00:00,512.04
2025-03-14 17:00:00,497.49
2025-03-14 18:00:00,553.69
2025-03-14 19:00:00,554.79
2025-03-14 20:00:00,558.56
2025-03-14 21:00:00,541.38
2025-03-14 22:00:00,519.99
2025-03-14 23:00:00,411.32
2025-03-15 00:00:00,387.27
2025-03-15 01:00:00,386.9
2025-03-15 02:00:00,383.93
2025-03-15 03:00:00,423.4
2025-03-15 04:00:00,397.18
2025-03-15 05:00:00,428.73
2025-03-15 06:00:00,394.65
2025-03-15 07:00:00,452.62
2025-03-15 08:00:00,458.52
2025-03-15 09:00:00,464.34
2025-03-15 10:00:00,472.94
2025-03-15 11:00:00,467.6
2025-03-15 12:00:00,476.28
2025-03-15 13:00:00,486.09
2025-03-15 14:00:00,481.98
2025-03-15 15:00:00,474.33
2025-03-15 16:00:00,475.54
2025-03-15 17:00:00,462.57
2025-03-15 18:00:00,520.13
2025-03-15 19:00:00,522.13
2025-03-15 20:00:00,527.09
2025-03-15 21:00:00,500.96
2025-03-15 22:00:00,506.7
2025-03-15 23:00:00,398.0
2025-03-16 00:00:00,383.13
2025-03-16 01:00:00,411.07
2025-03-16 02:00:00,392.13
2025-03-16 03:00:00,426.5
2025-03-16 04:00:00,443.05
2025-03-16 05:00:00,433.39
2025-03-16 06:00:00,446.65
2025-03-16 07:00:00,464.31
2025-03-16 08:00:00,459.82
2025-03-16 09:00:00,474.54
2025-03-16 10:00:00,480.03
2025-03-16 11:00:00,525.43
2025-03-16 12:00:00,506.09
2025-03-16 13:00:00,473.73
2025-03-16 14:00:00,508.19
2025-03-16 15:00:00,467.19
2025-03-16 16:00:00,490.64
2025-03-16 17:00:00,457.76
2025-03-16 18:00:00,552.15
2025-03-16 19:00:00,532.57
2025-03-16 20:00:00,515.55
2025-03-16 21:00:00,513.69
2025-03-16 22:00:00,477.13
2025-03-16 23:00:00,407.33
2025-03-17 00:00:00,418.88
2025-03-17 01:00:00,409.38
2025-03-17 02:00:00,442.18
2025-03-17 03:00:00,448.45
2025-03-17 04:00:00,426.16
2025-03-17 05:00:00,441.68
2025-03-17 06:00:00,453.4
2025-03-17 07:00:00,480.73
2025-03-17 08:00:00,483.63
2025-03-17 09:00:00,531.68
2025-03-17 10:00:00,494.5
2025-03-17 11:00:00,504.91
2025-03-17 12:00:00,528.89
2025-03-17 13:00:00,501.3
2025-03-17 14:00:00,538.92
2025-03-17 15:00:00,502.74
2025-03-17 16:00:00,498.76
2025-03-17 17:00:00,464.73
2025-03-17 18:00:00,580.89
2025-03-17 19:00:00,550.95
2025-03-17 20:00:00,560.13
2025-03-17 21:00:00,531.8
2025-03-17 22:00:00,521.66
2025-03-17 23:00:00,437.8
2025-03-18 00:00:00,402.81
2025-03-18 01:00:00,419.62
2025-03-18 02:00:00,427.48
2025-03-18 03:00:00,407.72
2025-03-18 04:00:00,459.12
2025-03-18 05:00:00,471.31
2025-03-18 06:00:00,454.39
2025-03-18 07:00:00,504.51
2025-03-18 08:00:00,493.75
2025-03-18 09:00:00,499.04
2025-03-18 10:00:00,525.24
2025-03-18 11:00:00,500.08
2025-03-18 12:00:00,534.47
2025-03-18 13:00:00,509.66
2025-03-18 14:00:00,525.13
2025-03-18 15:00:00,512.32
2025-03-18 16:00:00,482.95
2025-03-18 17:00:00,485.36
2025-03-18 18:00:00,577.09
2025-03-18 19:00:00,562.92
2025-03-18 20:00:00,568.69
2025-03-18 21:00:00,564.94
2025-03-18 22:00:00,519.42
2025-03-18 23:00:00,428.66
2025-03-19 00:00:00,436.88
2025-03-19 01:00:00,413.76
2025-03-19 02:00:00,425.82
2025-03-19 03:00:00,421.43
2025-03-19 04:00:00,425.34
2025-03-19 05:00:00,472.15
2025-03-19 06:00:00,461.61
2025-03-19 07:00:00,486.32
2025-03-19 08:00:00,502.13
2025-03-19 09:00:00,488.78
2025-03-19 10:00:00,500.75
2025-03-19 11:00:00,515.34
2025-03-19 12:00:00,514.42
2025-03-19 13:00:00,514.54
2025-03-19 14:00:00,496.24
2025-03-19 15:00:00,496.45
2025-03-19 16:00:00,505.32
2025-03-19 17:00:00,478.18
2025-03-19 18:00:00,557.14
2025-03-19 19:00:00,526.61
2025-03-19 20:00:00,522.84
2025-03-19 21:00:00,545.61
2025-03-19 22:00:00,540.04
2025-03-19 23:00:00,413.77
2025-03-20 00:00:00,444.51
2025-03-20 01:00:00,406.24
2025-03-20 02:00:00,400.26
2025-03-20 03:00:00,421.92
2025-03-20 04:00:00,448.2
2025-03-20 05:00:00,474.87
2025-03-20 06:00:00,469.35
2025-03-20 07:00:00,435.27
2025-03-20 08:00:00,495.04
2025-03-20 09:00:00,508.36
2025-03-20 10:00:00,514.54
2025-03-20 11:00:00,511.37
2025-03-20 12:00:00,525.13
2025-03-20 13:00:00,507.71
2025-03-20 14:00:00,523.85
2025-03-20 15:00:00,514.75
2025-03-20 16:00:00,496.74
2025-03-20 17:00:00,477.45
2025-03-20 18:00:00,561.11
2025-03-20 19:00:00,569.37
2025-03-20 20:00:00,546.23
2025-03-20 21:00:00,508.78
2025-03-20 22:00:00,545.51
2025-03-20 23:00:00,422.31
2025-03-21 00:00:00,407.43
2025-03-21 01:00:00,411.54
2025-03-21 02:00:00,413.94
2025-03-21 03:00:00,433.16
2025-03-21 04:00:00,453.33
2025-03-21 05:00:00,443.02
2025-03-21 06:00:00,448.5
2025-03-21 07:00:00,484.52
2025-03-21 08:00:00,493.5
2025-03-21 09:00:00,496.1
2025-03-21 10:00:00,510.9
2025-03-21 11:00:00,540.46
2025-03-21 12:00:00,506.51
2025-03-21 13:00:00,538.31
2025-03-21 14:00:00,497.78
2025-03-21 15:00:00,488.42
2025-03-21 16:00:00,520.17
2025-03-21 17:00:00,493.22
2025-03-21 18:00:00,559.56
2025-03-21 19:00:00,551.17
2025-03-21 20:00:00,567.15
2025-03-21 21:00:00,538.72
2025-03-21 22:00:00,524.89
2025-03-21 23:00:00,398.34
2025-03-22 00:00:00,391.62
2025-03-22 01:00:00,398.42
2025-03-22 02:00:00,384.85
2025-03-22 03:00:00,399.46
2025-03-22 04:00:00,415.16
2025-03-22 05:00:00,446.55
2025-03-22 06:00:00,457.89
2025-03-22 07:00:00,470.18
2025-03-22 08:00:00,482.12
2025-03-22 09:00:00,459.13
2025-03-22 10:00:00,466.5
2025-03-22 11:00:00,504.34
2025-03-22 12:00:00,457.25
2025-03-22 13:00:00,474.55
2025-03-22 14:00:00,498.78
2025-03-22 15:00:00,460.07
2025-03-22 16:00:00,499.67
2025-03-22 17:00:00,442.73
2025-03-22 18:00:00,527.13
2025-03-22 19:00:00,518.64
2025-03-22 20:00:00,503.99
2025-03-22 21:00:00,499.08
2025-03-22 22:00:00,501.95
2025-03-22 23:00:00,384.43
2025-03-23 00:00:00,384.01
2025-03-23 01:00:00,388.37
2025-03-23 02:00:00,390.43
2025-03-23 03:00:00,388.07
2025-03-23 04:00:00,398.08
2025-03-23 05:00:00,416.86
2025-03-23 06:00:00,477.46
2025-03-23 07:00:00,472.12
2025-03-23 08:00:00,483.06
2025-03-23 09:00:00,468.96
2025-03-23 10:00:00,481.88
2025-03-23 11:00:00,482.44
2025-03-23 12:00:00,496.04
2025-03-23 13:00:00,495.03
2025-03-23 14:00:00,481.71
2025-03-23 15:00:00,470.93
2025-03-23 16:00:00,465.51
2025-03-23 17:00:00,435.09
2025-03-23 18:00:00,534.94
2025-03-23 19:00:00,527.91
2025-03-23 20:00:00,507.39
2025-03-23 21:00:00,512.17
2025-03-23 22:00:00,509.47
2025-03-23 23:00:00,390.64
2025-03-24 00:00:00,442.42
2025-03-24 01:00:00,408.43
2025-03-24 02:00:00,428.24
2025-03-24 03:00:00,427.15
2025-03-24 04:00:00,471.15
2025-03-24 05:00:00,461.65
2025-03-24 06:00:00,470.43
2025-03-24 07:00:00,473.43
2025-03-24 08:00:00,501.62
2025-03-24 09:00:00,513.87
2025-03-24 10:00:00,504.9
2025-03-24 11:00:00,520.77
2025-03-24 12:00:00,537.89
2025-03-24 13:00:00,544.62
2025-03-24 14:00:00,535.38
2025-03-24 15:00:00,531.83
2025-03-24 16:00:00,519.22
2025-03-24 17:00:00,473.32
2025-03-24 18:00:00,540.35
2025-03-24 19:00:00,547.06
2025-03-24 20:00:00,556.04
2025-03-24 21:00:00,529.48
2025-03-24 22:00:00,534.99
2025-03-24 23:00:00,419.68
2025-03-25 00:00:00,419.23
2025-03-25 01:00:00,434.9
2025-03-25 02:00:00,428.81
2025-03-25 03:00:00,455.43
2025-03-25 04:00:00,442.42
2025-03-25 05:00:00,472.99
2025-03-25 06:00:00,442.5
2025-03-25 07:00:00,476.72
2025-03-25 08:00:00,490.48
2025-03-25 09:00:00,524.25
2025-03-25 10:00:00,501.83
2025-03-25 11:00:00,529.75
2025-03-25 12:00:00,505.2
2025-03-25 13:00:00,517.69
2025-03-25 14:00:00,518.71
2025-03-25 15:00:00,508.59
2025-03-25 16:00:00,471.46
2025-03-25 17:00:00,486.43
2025-03-25 18:00:00,568.51
2025-03-25 19:00:00,577.87
2025-03-25 20:00:00,548.53
2025-03-25 21:00:00,528.85
2025-03-25 22:00:00,519.62
2025-03-25 23:00:00,407.38
2025-03-26 00:00:00,420.74
2025-03-26 01:00:00,415.17
2025-03-26 02:00:00,416.4
2025-03-26 03:00:00,435.45
2025-03-26 04:00:00,436.16
2025-03-26 05:00:00,467.58
2025-03-26 06:00:00,496.51
2025-03-26 07:00:00,471.65
2025-03-26 08:00:00,482.13
2025-03-26 09:00:00,504.16
2025-03-26 10:00:00,497.8
2025-03-26 11:00:00,518.23
2025-03-26 12:00:00,542.73
2025-03-26 13:00:00,507.57
2025-03-26 14:00:00,500.75
2025-03-26 15:00:00,505.45
2025-03-26 16:00:00,501.14
2025-03-26 17:00:00,495.13
2025-03-26 18:00:00,570.71
2025-03-26 19:00:00,570.28
2025-03-26 20:00:00,540.59
2025-03-26 21:00:00,509.59
2025-03-26 22:00:00,511.67
2025-03-26 23:00:00,426.96
2025-03-27 00:00:00,421.45
2025-03-27 01:00:00,439.27
2025-03-27 02:00:00,421.51
2025-03-27 03:00:00,425.11
2025-03-27 04:00:00,435.59
2025-03-27 05:00:00,480.51
2025-03-27 06:00:00,476.09
2025-03-27 07:00:00,484.27
2025-03-27 08:00:00,488.53
2025-03-27 09:00:00,527.09
2025-03-27 10:00:00,503.59
2025-03-27 11:00:00,495.0
2025-03-27 12:00:00,506.65
2025-03-27 13:00:00,537.7
2025-03-27 14:00:00,480.96
2025-03-27 15:00:00,498.03
2025-03-27 16:00:00,495.72
2025-03-27 17:00:00,502.47
2025-03-27 18:00:00,547.76
2025-03-27 19:00:00,559.04
2025-03-27 20:00:00,561.7
2025-03-27 21:00:00,542.12
2025-03-27 22:00:00,548.35
2025-03-27 23:00:00,403.98
2025-03-28 00:00:00,409.01
2025-03-28 01:00:00,434.01
2025-03-28 02:00:00,404.15
2025-03-28 03:00:00,430.56
2025-03-28 04:00:00,425.79
2025-03-28 05:00:00,455.6
2025-03-28 06:00:00,499.65
2025-03-28 07:00:00,467.91
2025-03-28 08:00:00,506.03
2025-03-28 09:00:00,508.67
2025-03-28 10:00:00,505.32
2025-03-28 11:00:00,494.58
2025-03-28 12:00:00,524.22
2025-03-28 13:00:00,531.09
2025-03-28 14:00:00,508.34
2025-03-28 15:00:00,493.72
2025-03-28 16:00:00,500.43
2025-03-28 17:00:00,480.74
2025-03-28 18:00:00,549.11
2025-03-28 19:00:00,569.18
2025-03-28 20:00:00,543.0
2025-03-28 21:00:00,531.38
2025-03-28 22:00:00,527.91
2025-03-28 23:00:00,415.56
2025-03-29 00:00:00,388.81
2025-03-29 01:00:00,384.07
2025-03-29 02:00:00,433.88
2025-03-29 03:00:00,389.76
2025-03-29 04:00:00,409.89
2025-03-29 05:00:00,434.53
2025-03-29 06:00:00,448.46
2025-03-29 07:00:00,456.15
2025-03-29 08:00:00,467.14
2025-03-29 09:00:00,488.82
2025-03-29 10:00:00,453.06
2025-03-29 11:00:00,489.67
2025-03-29 12:00:00,493.16
2025-03-29 13:00:00,496.41
2025-03-29 14:00:00,478.32
2025-03-29 15:00:00,448.7
2025-03-29 16:00:00,459.99
2025-03-29 17:00:00,480.95
2025-03-29 18:00:00,534.73
2025-03-29 19:00:00,521.06
2025-03-29 20:00:00,506.28
2025-03-29 21:00:00,521.82
2025-03-29 22:00:00,520.22
2025-03-29 23:00:00,386.26
2025-03-30 00:00:00,378.06
2025-03-30 01:00:00,401.65
2025-03-30 02:00:00,370.68
2025-03-30 03:00:00,399.91
2025-03-30 04:00:00,416.69
2025-03-30 05:00:00,406.33
2025-03-30 06:00:00,405.67
2025-03-30 07:00:00,434.03
2025-03-30 08:00:00,470.6
2025-03-30 09:00:00,493.49
2025-03-30 10:00:00,470.72
2025-03-30 11:00:00,489.2
2025-03-30 12:00:00,491.54
2025-03-30 13:00:00,515.47
2025-03-30 14:00:00,473.45
2025-03-30 15:00:00,478.24
2025-03-30 16:00:00,456.52
2025-03-30 17:00:00,468.28
2025-03-30 18:00:00,549.95
2025-03-30 19:00:00,512.44
2025-03-30 20:00:00,523.04
2025-03-30 21:00:00,502.31
2025-03-30 22:00:00,490.12
2025-03-30 23:00:00,381.19
2025-03-31 00:00:00,411.3
2025-03-31 01:00:00,412.91
2025-03-31 02:00:00,434.87
2025-03-31 03:00:00,445.73
2025-03-31 04:00:00,411.51
2025-03-31 05:00:00,481.65
2025-03-31 06:00:00,469.06
2025-03-31 07:00:00,430.27
2025-03-31 08:00:00,517.47
2025-03-31 09:00:00,489.87
2025-03-31 10:00:00,525.44
2025-03-31 11:00:00,512.39
2025-03-31 12:00:00,525.83
2025-03-31 13:00:00,508.68
2025-03-31 14:00:00,542.38
2025-03-31 15:00:00,509.72
2025-03-31 16:00:00,498.46
2025-03-31 17:00:00,493.42
2025-03-31 18:00:00,564.97
2025-03-31 19:00:00,563.86
2025-03-31 20:00:00,533.17
2025-03-31 21:00:00,536.76
2025-03-31 22:00:00,497.73
2025-03-31 23:00:00,435.26
2025-04-01 00:00:00,379.44
2025-04-01 01:00:00,404.11
2025-04-01 02:00:00,390.63
2025-04-01 03:00:00,397.18
2025-04-01 04:00:00,400.73
2025-04-01 05:00:00,385.39
2025-04-01 06:00:00,414.23
2025-04-01 07:00:00,418.97
2025-04-01 08:00:00,448.28
2025-04-01 09:00:00,457.6
2025-04-01 10:00:00,472.69
2025-04-01 11:00:00,490.97
2025-04-01 12:00:00,499.12
2025-04-01 13:00:00,491.78
2025-04-01 14:00:00,469.9
2025-04-01 15:00:00,454.7
2025-04-01 16:00:00,471.0
2025-04-01 17:00:00,447.45
2025-04-01 18:00:00,535.96
2025-04-01 19:00:00,511.68
2025-04-01 20:00:00,496.75
2025-04-01 21:00:00,520.74
2025-04-01 22:00:00,500.74
2025-04-01 23:00:00,363.44
2025-04-02 00:00:00,370.85
2025-04-02 01:00:00,353.92
2025-04-02 02:00:00,395.64
2025-04-02 03:00:00,380.06
2025-04-02 04:00:00,432.43
2025-04-02 05:00:00,418.13
2025-04-02 06:00:00,431.14
2025-04-02 07:00:00,445.42
2025-04-02 08:00:00,458.72
2025-04-02 09:00:00,452.95
2025-04-02 10:00:00,489.39
2025-04-02 11:00:00,473.71
2025-04-02 12:00:00,477.11
2025-04-02 13:00:00,483.44
2025-04-02 14:00:00,464.94
2025-04-02 15:00:00,450.35
2025-04-02 16:00:00,448.35
2025-04-02 17:00:00,443.17
2025-04-02 18:00:00,549.32
2025-04-02 19:00:00,503.01
2025-04-02 20:00:00,484.61
2025-04-02 21:00:00,500.32
2025-04-02 22:00:00,508.57
2025-04-02 23:00:00,390.16
2025-04-03 00:00:00,383.46
2025-04-03 01:00:00,386.08
2025-04-03 02:00:00,378.7
2025-04-03 03:00:00,404.05
2025-04-03 04:00:00,394.66
2025-04-03 05:00:00,416.56
2025-04-03 06:00:00,450.48
2025-04-03 07:00:00,458.84
2025-04-03 08:00:00,450.84
2025-04-03 09:00:00,499.12
2025-04-03 10:00:00,451.62
2025-04-03 11:00:00,444.24
2025-04-03 12:00:00,489.5
2025-04-03 13:00:00,500.47
2025-04-03 14:00:00,508.77
2025-04-03 15:00:00,485.8
2025-04-03 16:00:00,470.44
2025-04-03 17:00:00,430.4
2025-04-03 18:00:00,525.85
2025-04-03 19:00:00,510.93
2025-04-03 20:00:00,491.53
2025-04-03 21:00:00,487.36
2025-04-03 22:00:00,492.22
2025-04-03 23:00:00,411.62
2025-04-04 00:00:00,384.61
2025-04-04 01:00:00,361.41
2025-04-04 02:00:00,374.7
2025-04-04 03:00:00,378.87
2025-04-04 04:00:00,407.3
2025-04-04 05:00:00,419.27
2025-04-04 06:00:00,433.85
2025-04-04 07:00:00,449.07
2025-04-04 08:00:00,451.67
2025-04-04 09:00:00,468.91
2025-04-04 10:00:00,460.1
2025-04-04 11:00:00,473.46
2025-04-04 12:00:00,481.14
2025-04-04 13:00:00,487.4
2025-04-04 14:00:00,488.49
2025-04-04 15:00:00,476.39
2025-04-04 16:00:00,454.46
2025-04-04 17:00:00,438.55
2025-04-04 18:00:00,517.88
2025-04-04 19:00:00,541.52
2025-04-04 20:00:00,474.94
2025-04-04 21:00:00,528.32
2025-04-04 22:00:00,461.62
2025-04-04 23:00:00,391.86
2025-04-05 00:00:00,350.7
2025-04-05 01:00:00,339.7
2025-04-05 02:00:00,369.33
2025-04-05 03:00:00,351.19
2025-04-05 04:00:00,373.54
2025-04-05 05:00:00,404.98
2025-04-05 06:00:00,400.48
2025-04-05 07:00:00,419.7
2025-04-05 08:00:00,416.55
2025-04-05 09:00:00,450.1
2025-04-05 10:00:00,431.2
2025-04-05 11:00:00,461.83
2025-04-05 12:00:00,427.55
2025-04-05 13:00:00,448.77
2025-04-05 14:00:00,464.88
2025-04-05 15:00:00,414.98
2025-04-05 16:00:00,453.47
2025-04-05 17:00:00,408.81
2025-04-05 18:00:00,503.44
2025-04-05 19:00:00,473.55
2025-04-05 20:00:00,497.99
2025-04-05 21:00:00,440.81
2025-04-05 22:00:00,467.03
2025-04-05 23:00:00,342.63
2025-04-06 00:00:00,349.95
2025-04-06 01:00:00,364.23
2025-04-06 02:00:00,350.63
2025-04-06 03:00:00,362.18
2025-04-06 04:00:00,396.86
2025-04-06 05:00:00,369.18
2025-04-06 06:00:00,381.8
2025-04-06 07:00:00,426.7
2025-04-06 08:00:00,424.04
2025-04-06 09:00:00,432.73
2025-04-06 10:00:00,461.26
2025-04-06 11:00:00,457.24
2025-04-06 12:00:00,441.19
2025-04-06 13:00:00,448.21
2025-04-06 14:00:00,435.02
2025-04-06 15:00:00,416.64
2025-04-06 16:00:00,402.21
2025-04-06 17:00:00,397.9
2025-04-06 18:00:00,502.39
2025-04-06 19:00:00,485.0
2025-04-06 20:00:00,477.88
2025-04-06 21:00:00,470.78
2025-04-06 22:00:00,454.47
2025-04-06 23:00:00,367.39
2025-04-07 00:00:00,382.69
2025-04-07 01:00:00,377.75
2025-04-07 02:00:00,393.4
2025-04-07 03:00:00,406.29
2025-04-07 04:00:00,413.44
2025-04-07 05:00:00,433.83
2025-04-07 06:00:00,430.55
2025-04-07 07:00:00,485.29
2025-04-07 08:00:00,464.44
2025-04-07 09:00:00,459.78
2025-04-07 10:00:00,482.33
2025-04-07 11:00:00,492.54
2025-04-07 12:00:00,444.79
2025-04-07 13:00:00,474.5
2025-04-07 14:00:00,467.31
2025-04-07 15:00:00,478.36
2025-04-07 16:00:00,470.81
2025-04-07 17:00:00,455.72
2025-04-07 18:00:00,550.06
2025-04-07 19:00:00,525.67
2025-04-07 20:00:00,507.06
2025-04-07 21:00:00,468.44
2025-04-07 22:00:00,474.0
2025-04-07 23:00:00,357.59
2025-04-08 00:00:00,378.77
2025-04-08 01:00:00,388.16
2025-04-08 02:00:00,391.8
2025-04-08 03:00:00,364.74
2025-04-08 04:00:00,399.73
2025-04-08 05:00:00,433.09
2025-04-08 06:00:00,443.85
2025-04-08 07:00:00,442.28
2025-04-08 08:00:00,454.16
2025-04-08 09:00:00,447.96
2025-04-08 10:00:00,471.84
2025-04-08 11:00:00,467.9
2025-04-08 12:00:00,484.36
2025-04-08 13:00:00,469.52
2025-04-08 14:00:00,473.94
2025-04-08 15:00:00,466.31
2025-04-08 16:00:00,458.09
2025-04-08 17:00:00,451.92
2025-04-08 18:00:00,510.39
2025-04-08 19:00:00,503.27
2025-04-08 20:00:00,507.16
2025-04-08 21:00:00,510.04
2025-04-08 22:00:00,457.22
2025-04-08 23:00:00,403.04
2025-04-09 00:00:00,367.53
2025-04-09 01:00:00,413.36
2025-04-09 02:00:00,386.7
2025-04-09 03:00:00,361.75
2025-04-09 04:00:00,428.11
2025-04-09 05:00:00,417.11
2025-04-09 06:00:00,462.26
2025-04-09 07:00:00,457.11
2025-04-09 08:00:00,449.47
2025-04-09 09:00:00,464.02
2025-04-09 10:00:00,472.67
2025-04-09 11:00:00,503.52
2025-04-09 12:00:00,497.11
2025-04-09 13:00:00,467.64
2025-04-09 14:00:00,484.51
2025-04-09 15:00:00,447.44
2025-04-09 16:00:00,449.85
2025-04-09 17:00:00,443.2
2025-04-09 18:00:00,533.27
2025-04-09 19:00:00,513.28
2025-04-09 20:00:00,520.92
2025-04-09 21:00:00,489.32
2025-04-09 22:00:00,481.15
2025-04-09 23:00:00,360.58
2025-04-10 00:00:00,382.92
2025-04-10 01:00:00,403.73
2025-04-10 02:00:00,366.77
2025-04-10 03:00:00,404.46
2025-04-10 04:00:00,387.1
2025-04-10 05:00:00,431.73
2025-04-10 06:00:00,452.26
2025-04-10 07:00:00,477.81
2025-04-10 08:00:00,448.36
2025-04-10 09:00:00,464.31
2025-04-10 10:00:00,468.06
2025-04-10 11:00:00,477.39
2025-04-10 12:00:00,447.42
2025-04-10 13:00:00,510.11
2025-04-10 14:00:00,466.3
2025-04-10 15:00:00,448.72
2025-04-10 16:00:00,488.69
2025-04-10 17:00:00,442.37
2025-04-10 18:00:00,516.67
2025-04-10 19:00:00,499.06
2025-04-10 20:00:00,489.72
2025-04-10 21:00:00,518.49
2025-04-10 22:00:00,500.97
2025-04-10 23:00:00,381.0
2025-04-11 00:00:00,386.22
2025-04-11 01:00:00,375.86
2025-04-11 02:00:00,388.43
2025-04-11 03:00:00,380.54
2025-04-11 04:00:00,405.4
2025-04-11 05:00:00,423.31
2025-04-11 06:00:00,450.61
2025-04-11 07:00:00,433.58
2025-04-11 08:00:00,447.57
2025-04-11 09:00:00,470.86
2025-04-11 10:00:00,463.87
2025-04-11 11:00:00,444.7
2025-04-11 12:00:00,474.4
2025-04-11 13:00:00,485.86
2025-04-11 14:00:00,475.07
2025-04-11 15:00:00,466.02
2025-04-11 16:00:00,459.68
2025-04-11 17:00:00,442.75
2025-04-11 18:00:00,514.91
2025-04-11 19:00:00,506.12
2025-04-11 20:00:00,507.4
2025-04-11 21:00:00,495.05
2025-04-11 22:00:00,504.7
2025-04-11 23:00:00,371.79
2025-04-12 00:00:00,361.13
2025-04-12 01:00:00,328.85
2025-04-12 02:00:00,371.53
2025-04-12 03:00:00,357.88
2025-04-12 04:00:00,368.54
2025-04-12 05:00:00,395.33
2025-04-12 06:00:00,428.69
2025-04-12 07:00:00,416.18
2025-04-12 08:00:00,439.51
2025-04-12 09:00:00,406.44
2025-04-12 10:00:00,429.51
2025-04-12 11:00:00,438.96
2025-04-12 12:00:00,442.6
2025-04-12 13:00:00,430.29
2025-04-12 14:00:00,439.58
2025-04-12 15:00:00,422.18
2025-04-12 16:00:00,417.17
2025-04-12 17:00:00,423.39
2025-04-12 18:00:00,514.79
2025-04-12 19:00:00,475.68
2025-04-12 20:00:00,468.45
2025-04-12 21:00:00,458.56
2025-04-12 22:00:00,468.18
2025-04-12 23:00:00,339.02
2025-04-13 00:00:00,336.28
2025-04-13 01:00:00,348.74
2025-04-13 02:00:00,359.42
2025-04-13 03:00:00,363.61
2025-04-13 04:00:00,387.36
2025-04-13 05:00:00,361.85
2025-04-13 06:00:00,404.36
2025-04-13 07:00:00,406.22
2025-04-13 08:00:00,395.26
2025-04-13 09:00:00,406.07
2025-04-13 10:00:00,424.56
2025-04-13 11:00:00,440.44
2025-04-13 12:00:00,434.77
2025-04-13 13:00:00,411.4
2025-04-13 14:00:00,442.78
2025-04-13 15:00:00,455.4
2025-04-13 16:00:00,404.31
2025-04-13 17:00:00,401.03
2025-04-13 18:00:00,487.59
2025-04-13 19:00:00,484.21
2025-04-13 20:00:00,472.31
2025-04-13 21:00:00,468.24
2025-04-13 22:00:00,479.64
2025-04-13 23:00:00,345.82
2025-04-14 00:00:00,399.58
2025-04-14 01:00:00,402.12
2025-04-14 02:00:00,382.45
2025-04-14 03:00:00,408.79
2025-04-14 04:00:00,433.54
2025-04-14 05:00:00,411.25
2025-04-14 06:00:00,431.33
2025-04-14 07:00:00,447.99
2025-04-14 08:00:00,449.86
2025-04-14 09:00:00,469.25
2025-04-14 10:00:00,455.97
2025-04-14 11:00:00,464.71
2025-04-14 12:00:00,486.2
2025-04-14 13:00:00,477.58
2025-04-14 14:00:00,480.43
2025-04-14 15:00:00,450.98
2025-04-14 16:00:00,461.35
2025-04-14 17:00:00,449.48
2025-04-14 18:00:00,522.91
2025-04-14 19:00:00,500.17
2025-04-14 20:00:00,519.86
2025-04-14 21:00:00,488.22
2025-04-14 22:00:00,487.68
2025-04-14 23:00:00,372.49
2025-04-15 00:00:00,358.92
2025-04-15 01:00:00,399.98
2025-04-15 02:00:00,373.76
2025-04-15 03:00:00,390.2
2025-04-15 04:00:00,380.37
2025-04-15 05:00:00,426.39
2025-04-15 06:00:00,428.72
2025-04-15 07:00:00,450.19
2025-04-15 08:00:00,452.41
2025-04-15 09:00:00,451.28
2025-04-15 10:00:00,468.62
2025-04-15 11:00:00,483.54
2025-04-15 12:00:00,458.54
2025-04-15 13:00:00,468.33
2025-04-15 14:00:00,477.97
2025-04-15 15:00:00,471.92
2025-04-15 16:00:00,470.94
2025-04-15 17:00:00,433.04
2025-04-15 18:00:00,547.73
2025-04-15 19:00:00,541.02
2025-04-15 20:00:00,517.54
2025-04-15 21:00:00,483.99
2025-04-15 22:00:00,492.41
2025-04-15 23:00:00,367.38
2025-04-16 00:00:00,390.22
2025-04-16 01:00:00,384.21
2025-04-16 02:00:00,382.79
2025-04-16 03:00:00,409.06
2025-04-16 04:00:00,405.07
2025-04-16 05:00:00,445.91
2025-04-16 06:00:00,431.58
2025-04-16 07:00:00,459.29
2025-04-16 08:00:00,452.89
2025-04-16 09:00:00,474.32
2025-04-16 10:00:00,481.1
2025-04-16 11:00:00,491.13
2025-04-16 12:00:00,482.35
2025-04-16 13:00:00,472.49
2025-04-16 14:00:00,462.98
2025-04-16 15:00:00,470.79
2025-04-16 16:00:00,467.83
2025-04-16 17:00:00,438.99
2025-04-16 18:00:00,524.48
2025-04-16 19:00:00,517.37
2025-04-16 20:00:00,518.62
2025-04-16 21:00:00,496.06
2025-04-16 22:00:00,486.55
2025-04-16 23:00:00,395.22
2025-04-17 00:00:00,401.58
2025-04-17 01:00:00,390.17
2025-04-17 02:00:00,390.07
2025-04-17 03:00:00,353.92
2025-04-17 04:00:00,430.82
2025-04-17 05:00:00,445.22
2025-04-17 06:00:00,458.89
2025-04-17 07:00:00,445.14
2025-04-17 08:00:00,449.68
2025-04-17 09:00:00,474.24
2025-04-17 10:00:00,460.82
2025-04-17 11:00:00,506.23
2025-04-17 12:00:00,467.35
2025-04-17 13:00:00,478.52
2025-04-17 14:00:00,474.88
2025-04-17 15:00:00,435.04
2025-04-17 16:00:00,429.78
2025-04-17 17:00:00,420.39
2025-04-17 18:00:00,509.65
2025-04-17 19:00:00,522.86
2025-04-17 20:00:00,499.98
2025-04-17 21:00:00,481.35
2025-04-17 22:00:00,468.21
2025-04-17 23:00:00,366.91
2025-04-18 00:00:00,372.43
2025-04-18 01:00:00,411.27
2025-04-18 02:00:00,343.53
2025-04-18 03:00:00,416.69
2025-04-18 04:00:00,409.11
2025-04-18 05:00:00,413.18
2025-04-18 06:00:00,426.36
2025-04-18 07:00:00,431.91
2025-04-18 08:00:00,447.37
2025-04-18 09:00:00,467.55
2025-04-18 10:00:00,489.25
2025-04-18 11:00:00,484.89
2025-04-18 12:00:00,466.55
2025-04-18 13:00:00,489.09
2025-04-18 14:00:00,466.56
2025-04-18 15:00:00,489.64
2025-04-18 16:00:00,444.35
2025-04-18 17:00:00,452.88
2025-04-18 18:00:00,533.2
2025-04-18 19:00:00,509.74
2025-04-18 20:00:00,514.27
2025-04-18 21:00:00,478.86
2025-04-18 22:00:00,472.93
2025-04-18 23:00:00,393.22
2025-04-19 00:00:00,322.81
2025-04-19 01:00:00,353.16
2025-04-19 02:00:00,346.97
2025-04-19 03:00:00,372.15
2025-04-19 04:00:00,381.02
2025-04-19 05:00:00,378.8
2025-04-19 06:00:00,400.29
2025-04-19 07:00:00,401.56
2025-04-19 08:00:00,431.98
2025-04-19 09:00:00,450.73
2025-04-19 10:00:00,438.51
2025-04-19 11:00:00,433.67
2025-04-19 12:00:00,477.75
2025-04-19 13:00:00,451.61
2025-04-19 14:00:00,440.13
2025-04-19 15:00:00,431.16
2025-04-19 16:00:00,395.06
2025-04-19 17:00:00,389.58
2025-04-19 18:00:00,508.27
2025-04-19 19:00:00,465.77
2025-04-19 20:00:00,477.9
2025-04-19 21:00:00,475.79
2025-04-19 22:00:00,454.38
2025-04-19 23:00:00,349.59
2025-04-20 00:00:00,352.23
2025-04-20 01:00:00,359.55
2025-04-20 02:00:00,334.9
2025-04-20 03:00:00,369.68
2025-04-20 04:00:00,373.7
2025-04-20 05:00:00,370.83
2025-04-20 06:00:00,393.29
2025-04-20 07:00:00,410.29
2025-04-20 08:00:00,433.32
2025-04-20 09:00:00,419.11
2025-04-20 10:00:00,442.97
2025-04-20 11:00:00,471.67
2025-04-20 12:00:00,446.83
2025-04-20 13:00:00,438.35
2025-04-20 14:00:00,475.16
2025-04-20 15:00:00,431.83
2025-04-20 16:00:00,393.23
2025-04-20 17:00:00,392.53
2025-04-20 18:00:00,515.06
2025-04-20 19:00:00,471.4
2025-04-20 20:00:00,470.83
2025-04-20 21:00:00,472.36
2025-04-20 22:00:00,454.02
2025-04-20 23:00:00,344.8
2025-04-21 00:00:00,377.53
2025-04-21 01:00:00,391.81
2025-04-21 02:00:00,407.41
2025-04-21 03:00:00,406.57
2025-04-21 04:00:00,412.78
2025-04-21 05:00:00,395.92
2025-04-21 06:00:00,431.54
2025-04-21 07:00:00,451.17
2025-04-21 08:00:00,454.55
2025-04-21 09:00:00,437.94
2025-04-21 10:00:00,461.07
2025-04-21 11:00:00,481.07
2025-04-21 12:00:00,474.41
2025-04-21 13:00:00,476.83
2025-04-21 14:00:00,447.51
2025-04-21 15:00:00,465.45
2025-04-21 16:00:00,444.82
2025-04-21 17:00:00,438.51
2025-04-21 18:00:00,525.04
2025-04-21 19:00:00,519.49
2025-04-21 20:00:00,506.93
2025-04-21 21:00:00,500.35
2025-04-21 22:00:00,491.39
2025-04-21 23:00:00,387.39
2025-04-22 00:00:00,383.72
2025-04-22 01:00:00,399.58
2025-04-22 02:00:00,372.66
2025-04-22 03:00:00,393.8
2025-04-22 04:00:00,432.9
2025-04-22 05:00:00,421.47
2025-04-22 06:00:00,425.69
2025-04-22 07:00:00,451.44
2025-04-22 08:00:00,446.34
2025-04-22 09:00:00,461.06
2025-04-22 10:00:00,476.62
2025-04-22 11:00:00,484.82
2025-04-22 12:00:00,487.9
2025-04-22 13:00:00,463.12
2025-04-22 14:00:00,465.28
2025-04-22 15:00:00,490.16
2025-04-22 16:00:00,438.65
2025-04-22 17:00:00,437.21
2025-04-22 18:00:00,528.26
2025-04-22 19:00:00,532.45
2025-04-22 20:00:00,499.91
2025-04-22 21:00:00,502.85
2025-04-22 22:00:00,492.29
2025-04-22 23:00:00,374.02
2025-04-23 00:00:00,367.55
2025-04-23 01:00:00,372.23
2025-04-23 02:00:00,361.39
2025-04-23 03:00:00,398.55
2025-04-23 04:00:00,415.72
2025-04-23 05:00:00,408.7
2025-04-23 06:00:00,460.95
2025-04-23 07:00:00,427.45
2025-04-23 08:00:00,469.56
2025-04-23 09:00:00,460.38
2025-04-23 10:00:00,466.12
2025-04-23 11:00:00,464.97
2025-04-23 12:00:00,466.22
2025-04-23 13:00:00,469.32
2025-04-23 14:00:00,460.39
2025-04-23 15:00:00,481.81
2025-04-23 16:00:00,441.28
2025-04-23 17:00:00,451.09
2025-04-23 18:00:00,532.43
2025-04-23 19:00:00,509.09
2025-04-23 20:00:00,503.22
2025-04-23 21:00:00,492.89
2025-04-23 22:00:00,468.13
2025-04-23 23:00:00,364.53
2025-04-24 00:00:00,366.89
2025-04-24 01:00:00,383.6
2025-04-24 02:00:00,359.47
2025-04-24 03:00:00,426.92
2025-04-24 04:00:00,380.76
2025-04-24 05:00:00,445.12
2025-04-24 06:00:00,432.37
2025-04-24 07:00:00,446.38
2025-04-24 08:00:00,446.19
2025-04-24 09:00:00,464.43
2025-04-24 10:00:00,479.99
2025-04-24 11:00:00,479.62
2025-04-24 12:00:00,497.77
2025-04-24 13:00:00,471.33
2025-04-24 14:00:00,494.97
2025-04-24 15:00:00,481.33
2025-04-24 16:00:00,474.62
2025-04-24 17:00:00,421.99
2025-04-24 18:00:00,525.62
2025-04-24 19:00:00,520.74
2025-04-24 20:00:00,460.94
2025-04-24 21:00:00,513.81
2025-04-24 22:00:00,478.01
2025-04-24 23:00:00,354.94
2025-04-25 00:00:00,378.73
2025-04-25 01:00:00,392.46
2025-04-25 02:00:00,381.1
2025-04-25 03:00:00,387.66
2025-04-25 04:00:00,427.83
2025-04-25 05:00:00,408.9
2025-04-25 06:00:00,430.52
2025-04-25 07:00:00,444.78
2025-04-25 08:00:00,464.93
2025-04-25 09:00:00,452.99
2025-04-25 10:00:00,463.28
2025-04-25 11:00:00,488.32
2025-04-25 12:00:00,508.87
2025-04-25 13:00:00,463.6
2025-04-25 14:00:00,489.22
2025-04-25 15:00:00,470.48
2025-04-25 16:00:00,441.01
2025-04-25 17:00:00,446.91
2025-04-25 18:00:00,544.54
2025-04-25 19:00:00,521.85
2025-04-25 20:00:00,517.39
2025-04-25 21:00:00,482.45
2025-04-25 22:00:00,468.64
2025-04-25 23:00:00,379.56
2025-04-26 00:00:00,376.11
2025-04-26 01:00:00,338.87
2025-04-26 02:00:00,365.06
2025-04-26 03:00:00,378.94
2025-04-26 04:00:00,393.85
2025-04-26 05:00:00,393.36
2025-04-26 06:00:00,362.56
2025-04-26 07:00:00,413.9
2025-04-26 08:00:00,422.56
2025-04-26 09:00:00,444.22
2025-04-26 10:00:00,462.5
2025-04-26 11:00:00,465.77
2025-04-26 12:00:00,428.71
2025-04-26 13:00:00,457.77
2025-04-26 14:00:00,442.53
2025-04-26 15:00:00,427.02
2025-04-26 16:00:00,430.81
2025-04-26 17:00:00,394.58
2025-04-26 18:00:00,498.35
2025-04-26 19:00:00,523.45
2025-04-26 20:00:00,499.72
2025-04-26 21:00:00,462.1
2025-04-26 22:00:00,457.05
2025-04-26 23:00:00,369.8
2025-04-27 00:00:00,356.38
2025-04-27 01:00:00,350.84
2025-04-27 02:00:00,367.45
2025-04-27 03:00:00,350.9
2025-04-27 04:00:00,370.15
2025-04-27 05:00:00,385.58
2025-04-27 06:00:00,394.59
2025-04-27 07:00:00,428.75
2025-04-27 08:00:00,457.2
2025-04-27 09:00:00,413.41
2025-04-27 10:00:00,477.44
2025-04-27 11:00:00,438.07
2025-04-27 12:00:00,443.41
2025-04-27 13:00:00,426.09
2025-04-27 14:00:00,468.08
2025-04-27 15:00:00,420.02
2025-04-27 16:00:00,406.2
2025-04-27 17:00:00,413.72
2025-04-27 18:00:00,474.91
2025-04-27 19:00:00,501.81
2025-04-27 20:00:00,458.88
2025-04-27 21:00:00,448.62
2025-04-27 22:00:00,443.87
2025-04-27 23:00:00,366.74
2025-04-28 00:00:00,338.94
2025-04-28 01:00:00,382.57
2025-04-28 02:00:00,402.44
2025-04-28 03:00:00,390.55
2025-04-28 04:00:00,431.81
2025-04-28 05:00:00,448.66
2025-04-28 06:00:00,448.45
2025-04-28 07:00:00,474.66
2025-04-28 08:00:00,470.47
2025-04-28 09:00:00,446.69
2025-04-28 10:00:00,498.76
2025-04-28 11:00:00,481.78
2025-04-28 12:00:00,479.41
2025-04-28 13:00:00,472.69
2025-04-28 14:00:00,457.06
2025-04-28 15:00:00,443.3
2025-04-28 16:00:00,462.82
2025-04-28 17:00:00,428.44
2025-04-28 18:00:00,536.11
2025-04-28 19:00:00,515.17
2025-04-28 20:00:00,507.46
2025-04-28 21:00:00,497.81
2025-04-28 22:00:00,481.88
2025-04-28 23:00:00,382.23
2025-04-29 00:00:00,395.91
2025-04-29 01:00:00,378.45
2025-04-29 02:00:00,387.56
2025-04-29 03:00:00,394.43
2025-04-29 04:00:00,393.79
2025-04-29 05:00:00,433.32
2025-04-29 06:00:00,435.85
2025-04-29 07:00:00,432.54
2025-04-29 08:00:00,450.16
2025-04-29 09:00:00,437.03
2025-04-29 10:00:00,461.09
2025-04-29 11:00:00,498.16
2025-04-29 12:00:00,494.73
2025-04-29 13:00:00,477.24
2025-04-29 14:00:00,450.69
2025-04-29 15:00:00,467.69
2025-04-29 16:00:00,458.53
2025-04-29 17:00:00,442.42
2025-04-29 18:00:00,524.54
2025-04-29 19:00:00,527.68
2025-04-29 20:00:00,513.12
2025-04-29 21:00:00,483.0
2025-04-29 22:00:00,516.88
2025-04-29 23:00:00,384.07
2025-04-30 00:00:00,370.51
2025-04-30 01:00:00,379.18
2025-04-30 02:00:00,382.37
2025-04-30 03:00:00,400.42
2025-04-30 04:00:00,400.13
2025-04-30 05:00:00,405.18
2025-04-30 06:00:00,414.33
2025-04-30 07:00:00,451.92
2025-04-30 08:00:00,447.94
2025-04-30 09:00:00,445.35
2025-04-30 10:00:00,473.44
2025-04-30 11:00:00,451.18
2025-04-30 12:00:00,460.26
2025-04-30 13:00:00,484.4
2025-04-30 14:00:00,445.69
2025-04-30 15:00:00,434.63
2025-04-30 16:00:00,461.43
2025-04-30 17:00:00,457.59
2025-04-30 18:00:00,531.51
2025-04-30 19:00:00,541.18
2025-04-30 20:00:00,505.65
2025-04-30 21:00:00,498.33
2025-04-30 22:00:00,488.17
2025-04-30 23:00:00,366.17
2025-05-01 00:00:00,341.23
2025-05-01 01:00:00,348.19
2025-05-01 02:00:00,365.55
2025-05-01 03:00:00,363.74
2025-05-01 04:00:00,371.48
2025-05-01 05:00:00,376.78
2025-05-01 06:00:00,387.85
2025-05-01 07:00:00,407.49
2025-05-01 08:00:00,386.72
2025-05-01 09:00:00,418.84
2025-05-01 10:00:00,442.69
2025-05-01 11:00:00,405.44
2025-05-01 12:00:00,423.07
2025-05-01 13:00:00,443.66
2025-05-01 14:00:00,460.43
2025-05-01 15:00:00,418.25
2025-05-01 16:00:00,417.69
2025-05-01 17:00:00,407.49
2025-05-01 18:00:00,487.8
2025-05-01 19:00:00,498.95
2025-05-01 20:00:00,477.41
2025-05-01 21:00:00,436.65
2025-05-01 22:00:00,427.32
2025-05-01 23:00:00,339.79
2025-05-02 00:00:00,308.68
2025-05-02 01:00:00,341.75
2025-05-02 02:00:00,347.88
2025-05-02 03:00:00,360.39
2025-05-02 04:00:00,369.0
2025-05-02 05:00:00,363.8
2025-05-02 06:00:00,391.19
2025-05-02 07:00:00,404.65
2025-05-02 08:00:00,402.6
2025-05-02 09:00:00,404.03
2025-05-02 10:00:00,424.35
2025-05-02 11:00:00,441.77
2025-05-02 12:00:00,466.61
2025-05-02 13:00:00,410.33
2025-05-02 14:00:00,432.54
2025-05-02 15:00:00,415.94
2025-05-02 16:00:00,425.36
2025-05-02 17:00:00,413.05
2025-05-02 18:00:00,488.07
2025-05-02 19:00:00,476.88
2025-05-02 20:00:00,461.95
2025-05-02 21:00:00,450.04
2025-05-02 22:00:00,434.74
2025-05-02 23:00:00,319.8
2025-05-03 00:00:00,301.46
2025-05-03 01:00:00,348.53
2025-05-03 02:00:00,289.07
2025-05-03 03:00:00,320.33
2025-05-03 04:00:00,314.02
2025-05-03 05:00:00,324.66
2025-05-03 06:00:00,380.01
2025-05-03 07:00:00,372.8
2025-05-03 08:00:00,381.19
2025-05-03 09:00:00,381.74
2025-05-03 10:00:00,397.04
2025-05-03 11:00:00,395.83
2025-05-03 12:00:00,426.5
2025-05-03 13:00:00,391.14
2025-05-03 14:00:00,415.88
2025-05-03 15:00:00,398.07
2025-05-03 16:00:00,391.66
2025-05-03 17:00:00,337.91
2025-05-03 18:00:00,463.06
2025-05-03 19:00:00,445.98
2025-05-03 20:00:00,443.36
2025-05-03 21:00:00,422.72
2025-05-03 22:00:00,437.71
2025-05-03 23:00:00,333.65
2025-05-04 00:00:00,300.9
2025-05-04 01:00:00,276.83
2025-05-04 02:00:00,319.02
2025-05-04 03:00:00,312.44
2025-05-04 04:00:00,342.96
2025-05-04 05:00:00,328.75
2025-05-04 06:00:00,367.27
2025-05-04 07:00:00,358.35
2025-05-04 08:00:00,395.78
2025-05-04 09:00:00,396.08
2025-05-04 10:00:00,385.76
2025-05-04 11:00:00,389.28
2025-05-04 12:00:00,416.57
2025-05-04 13:00:00,423.69
2025-05-04 14:00:00,390.47
2025-05-04 15:00:00,425.01
2025-05-04 16:00:00,371.58
2025-05-04 17:00:00,383.9
2025-05-04 18:00:00,453.14
2025-05-04 19:00:00,422.28
2025-05-04 20:00:00,454.7
2025-05-04 21:00:00,403.4
2025-05-04 22:00:00,431.67
2025-05-04 23:00:00,308.49
2025-05-05 00:00:00,328.59
2025-05-05 01:00:00,356.79
2025-05-05 02:00:00,344.21
2025-05-05 03:00:00,373.39
2025-05-05 04:00:00,356.6
2025-05-05 05:00:00,359.17
2025-05-05 06:00:00,397.34
2025-05-05 07:00:00,424.86
2025-05-05 08:00:00,396.76
2025-05-05 09:00:00,430.63
2025-05-05 10:00:00,448.26
2025-05-05 11:00:00,449.88
2025-05-05 12:00:00,450.77
2025-05-05 13:00:00,420.47
2025-05-05 14:00:00,453.55
2025-05-05 15:00:00,410.46
2025-05-05 16:00:00,409.16
2025-05-05 17:00:00,408.63
2025-05-05 18:00:00,489.33
2025-05-05 19:00:00,472.37
2025-05-05 20:00:00,451.92
2025-05-05 21:00:00,460.26
2025-05-05 22:00:00,437.34
2025-05-05 23:00:00,347.45
2025-05-06 00:00:00,334.5
2025-05-06 01:00:00,336.68
2025-05-06 02:00:00,379.93
2025-05-06 03:00:00,351.96
2025-05-06 04:00:00,347.15
2025-05-06 05:00:00,367.94
2025-05-06 06:00:00,401.9
2025-05-06 07:00:00,403.75
2025-05-06 08:00:00,407.85
2025-05-06 09:00:00,412.72
2025-05-06 10:00:00,421.95
2025-05-06 11:00:00,436.44
2025-05-06 12:00:00,422.1
2025-05-06 13:00:00,417.23
2025-05-06 14:00:00,437.96
2025-05-06 15:00:00,432.29
2025-05-06 16:00:00,398.65
2025-05-06 17:00:00,392.83
2025-05-06 18:00:00,476.58
2025-05-06 19:00:00,501.23
2025-05-06 20:00:00,445.12
2025-05-06 21:00:00,478.22
2025-05-06 22:00:00,422.32
2025-05-06 23:00:00,347.2
2025-05-07 00:00:00,329.89
2025-05-07 01:00:00,335.43
2025-05-07 02:00:00,328.02
2025-05-07 03:00:00,333.53
2025-05-07 04:00:00,357.75
2025-05-07 05:00:00,380.71
2025-05-07 06:00:00,394.32
2025-05-07 07:00:00,406.33
2025-05-07 08:00:00,424.52
2025-05-07 09:00:00,437.95
2025-05-07 10:00:00,429.06
2025-05-07 11:00:00,452.64
2025-05-07 12:00:00,442.3
2025-05-07 13:00:00,446.15
2025-05-07 14:00:00,441.79
2025-05-07 15:00:00,449.86
2025-05-07 16:00:00,405.88
2025-05-07 17:00:00,413.06
2025-05-07 18:00:00,503.3
2025-05-07 19:00:00,488.87
2025-05-07 20:00:00,435.16
2025-05-07 21:00:00,439.78
2025-05-07 22:00:00,468.62
2025-05-07 23:00:00,316.67
2025-05-08 00:00:00,338.22
2025-05-08 01:00:00,331.11
2025-05-08 02:00:00,329.38
2025-05-08 03:00:00,375.81
2025-05-08 04:00:00,362.78
2025-05-08 05:00:00,405.22
2025-05-08 06:00:00,394.41
2025-05-08 07:00:00,419.59
2025-05-08 08:00:00,421.8
2025-05-08 09:00:00,417.17
2025-05-08 10:00:00,433.43
2025-05-08 11:00:00,430.8
2025-05-08 12:00:00,418.48
2025-05-08 13:00:00,435.21
2025-05-08 14:00:00,417.51
2025-05-08 15:00:00,438.21
2025-05-08 16:00:00,420.34
2025-05-08 17:00:00,400.85
2025-05-08 18:00:00,502.83
2025-05-08 19:00:00,457.85
2025-05-08 20:00:00,455.88
2025-05-08 21:00:00,448.8
2025-05-08 22:00:00,469.33
2025-05-08 23:00:00,335.11
2025-05-09 00:00:00,361.53
2025-05-09 01:00:00,313.31
2025-05-09 02:00:00,353.6
2025-05-09 03:00:00,353.11
2025-05-09 04:00:00,357.31
2025-05-09 05:00:00,395.64
2025-05-09 06:00:00,397.69
2025-05-09 07:00:00,394.87
2025-05-09 08:00:00,411.86
2025-05-09 09:00:00,430.63
2025-05-09 10:00:00,425.46
2025-05-09 11:00:00,414.81
2025-05-09 12:00:00,447.42
2025-05-09 13:00:00,432.66
2025-05-09 14:00:00,416.6
2025-05-09 15:00:00,436.94
2025-05-09 16:00:00,422.8
2025-05-09 17:00:00,387.89
2025-05-09 18:00:00,472.51
2025-05-09 19:00:00,465.48
2025-05-09 20:00:00,460.49
2025-05-09 21:00:00,451.39
2025-05-09 22:00:00,450.52
2025-05-09 23:00:00,362.36
2025-05-10 00:00:00,306.75
2025-05-10 01:00:00,297.33
2025-05-10 02:00:00,328.12
2025-05-10 03:00:00,315.28
2025-05-10 04:00:00,346.53
2025-05-10 05:00:00,350.79
2025-05-10 06:00:00,359.58
2025-05-10 07:00:00,347.13
2025-05-10 08:00:00,379.3
2025-05-10 09:00:00,363.28
2025-05-10 10:00:00,369.25
2025-05-10 11:00:00,382.41
2025-05-10 12:00:00,405.98
2025-05-10 13:00:00,424.28
2025-05-10 14:00:00,400.3
2025-05-10 15:00:00,407.58
2025-05-10 16:00:00,389.18
2025-05-10 17:00:00,379.39
2025-05-10 18:00:00,475.23
2025-05-10 19:00:00,453.27
2025-05-10 20:00:00,453.86
2025-05-10 21:00:00,431.3
2025-05-10 22:00:00,415.92
2025-05-10 23:00:00,321.5
2025-05-11 00:00:00,319.2
2025-05-11 01:00:00,336.45
2025-05-11 02:00:00,346.57
2025-05-11 03:00:00,348.05
2025-05-11 04:00:00,343.05
2025-05-11 05:00:00,339.5
2025-05-11 06:00:00,376.61
2025-05-11 07:00:00,396.91
2025-05-11 08:00:00,384.65
2025-05-11 09:00:00,421.41
2025-05-11 10:00:00,392.49
2025-05-11 11:00:00,408.62
2025-05-11 12:00:00,412.59
2025-05-11 13:00:00,420.27
2025-05-11 14:00:00,397.16
2025-05-11 15:00:00,424.05
2025-05-11 16:00:00,400.29
2025-05-11 17:00:00,352.95
2025-05-11 18:00:00,469.96
2025-05-11 19:00:00,439.88
2025-05-11 20:00:00,433.6
2025-05-11 21:00:00,441.57
2025-05-11 22:00:00,423.63
2025-05-11 23:00:00,304.28
2025-05-12 00:00:00,324.78
2025-05-12 01:00:00,344.24
2025-05-12 02:00:00,353.82
2025-05-12 03:00:00,339.49
2025-05-12 04:00:00,348.23
2025-05-12 05:00:00,394.13
2025-05-12 06:00:00,386.3
2025-05-12 07:00:00,409.8
2025-05-12 08:00:00,389.3
2025-05-12 09:00:00,461.16
2025-05-12 10:00:00,433.71
2025-05-12 11:00:00,434.4
2025-05-12 12:00:00,439.33
2025-05-12 13:00:00,428.24
2025-05-12 14:00:00,434.13
2025-05-12 15:00:00,422.37
2025-05-12 16:00:00,375.76
2025-05-12 17:00:00,405.16
2025-05-12 18:00:00,483.82
2025-05-12 19:00:00,516.44
2025-05-12 20:00:00,462.89
2025-05-12 21:00:00,430.81
2025-05-12 22:00:00,461.59
2025-05-12 23:00:00,351.17
2025-05-13 00:00:00,336.85
2025-05-13 01:00:00,325.95
2025-05-13 02:00:00,313.51
2025-05-13 03:00:00,333.12
2025-05-13 04:00:00,375.4
2025-05-13 05:00:00,375.01
2025-05-13 06:00:00,394.58
2025-05-13 07:00:00,419.24
2025-05-13 08:00:00,447.98
2025-05-13 09:00:00,430.58
2025-05-13 10:00:00,430.94
2025-05-13 11:00:00,483.65
2025-05-13 12:00:00,443.35
2025-05-13 13:00:00,456.76
2025-05-13 14:00:00,429.58
2025-05-13 15:00:00,402.94
2025-05-13 16:00:00,422.66
2025-05-13 17:00:00,378.51
2025-05-13 18:00:00,484.38
2025-05-13 19:00:00,469.17
2025-05-13 20:00:00,467.6
2025-05-13 21:00:00,460.2
2025-05-13 22:00:00,436.07
2025-05-13 23:00:00,333.18
2025-05-14 00:00:00,342.99
2025-05-14 01:00:00,381.46
2025-05-14 02:00:00,359.16
2025-05-14 03:00:00,369.35
2025-05-14 04:00:00,348.13
2025-05-14 05:00:00,380.12
2025-05-14 06:00:00,385.2
2025-05-14 07:00:00,401.2
2025-05-14 08:00:00,410.8
2025-05-14 09:00:00,421.34
2025-05-14 10:00:00,435.09
2025-05-14 11:00:00,431.88
2025-05-14 12:00:00,432.12
2025-05-14 13:00:00,427.24
2025-05-14 14:00:00,430.11
2025-05-14 15:00:00,445.27
2025-05-14 16:00:00,417.61
2025-05-14 17:00:00,412.37
2025-05-14 18:00:00,504.73
2025-05-14 19:00:00,489.56
2025-05-14 20:00:00,449.26
2025-05-14 21:00:00,477.19
2025-05-14 22:00:00,421.05
2025-05-14 23:00:00,346.76
2025-05-15 00:00:00,341.55
2025-05-15 01:00:00,329.01
2025-05-15 02:00:00,347.03
2025-05-15 03:00:00,358.97
2025-05-15 04:00:00,358.58
2025-05-15 05:00:00,395.62
2025-05-15 06:00:00,375.76
2025-05-15 07:00:00,403.34
2025-05-15 08:00:00,409.82
2025-05-15 09:00:00,427.3
2025-05-15 10:00:00,448.23
2025-05-15 11:00:00,458.49
2025-05-15 12:00:00,434.04
2025-05-15 13:00:00,404.83
2025-05-15 14:00:00,440.77
2025-05-15 15:00:00,417.65
2025-05-15 16:00:00,425.55
2025-05-15 17:00:00,392.81
2025-05-15 18:00:00,493.26
2025-05-15 19:00:00,466.53
2025-05-15 20:00:00,466.36
2025-05-15 21:00:00,479.42
2025-05-15 22:00:00,462.61
2025-05-15 23:00:00,338.26
2025-05-16 00:00:00,325.29
2025-05-16 01:00:00,334.38
2025-05-16 02:00:00,345.66
2025-05-16 03:00:00,365.33
2025-05-16 04:00:00,352.7
2025-05-16 05:00:00,378.63
2025-05-16 06:00:00,395.51
2025-05-16 07:00:00,408.67
2025-05-16 08:00:00,389.85
2025-05-16 09:00:00,428.46
2025-05-16 10:00:00,451.45
2025-05-16 11:00:00,426.71
2025-05-16 12:00:00,458.72
2025-05-16 13:00:00,450.53
2025-05-16 14:00:00,426.38
2025-05-16 15:00:00,425.08
2025-05-16 16:00:00,431.39
2025-05-16 17:00:00,414.29
2025-05-16 18:00:00,510.07
2025-05-16 19:00:00,449.58
2025-05-16 20:00:00,452.3
2025-05-16 21:00:00,455.03
2025-05-16 22:00:00,413.76
2025-05-16 23:00:00,307.74
2025-05-17 00:00:00,318.72
2025-05-17 01:00:00,308.84
2025-05-17 02:00:00,291.6
2025-05-17 03:00:00,332.23
2025-05-17 04:00:00,332.44
2025-05-17 05:00:00,356.12
2025-05-17 06:00:00,356.09
2025-05-17 07:00:00,370.42
2025-05-17 08:00:00,417.64
2025-05-17 09:00:00,398.91
2025-05-17 10:00:00,423.8
2025-05-17 11:00:00,392.44
2025-05-17 12:00:00,396.79
2025-05-17 13:00:00,405.98
2025-05-17 14:00:00,421.44
2025-05-17 15:00:00,382.82
2025-05-17 16:00:00,403.57
2025-05-17 17:00:00,365.4
2025-05-17 18:00:00,459.95
2025-05-17 19:00:00,439.84
2025-05-17 20:00:00,427.16
2025-05-17 21:00:00,410.7
2025-05-17 22:00:00,412.46
2025-05-17 23:00:00,309.29
2025-05-18 00:00:00,312.56
2025-05-18 01:00:00,312.58
2025-05-18 02:00:00,306.73
2025-05-18 03:00:00,337.63
2025-05-18 04:00:00,340.89
2025-05-18 05:00:00,345.22
2025-05-18 06:00:00,375.08
2025-05-18 07:00:00,366.09
2025-05-18 08:00:00,384.51
2025-05-18 09:00:00,365.76
2025-05-18 10:00:00,391.55
2025-05-18 11:00:00,394.29
2025-05-18 12:00:00,400.33
2025-05-18 13:00:00,424.03
2025-05-18 14:00:00,404.38
2025-05-18 15:00:00,408.18
2025-05-18 16:00:00,396.79
2025-05-18 17:00:00,377.51
2025-05-18 18:00:00,466.31
2025-05-18 19:00:00,434.66
2025-05-18 20:00:00,477.05
2025-05-18 21:00:00,438.89
2025-05-18 22:00:00,428.37
2025-05-18 23:00:00,316.24
2025-05-19 00:00:00,336.87
2025-05-19 01:00:00,360.07
2025-05-19 02:00:00,359.9
2025-05-19 03:00:00,335.48
2025-05-19 04:00:00,363.96
2025-05-19 05:00:00,390.42
2025-05-19 06:00:00,374.23
2025-05-19 07:00:00,411.07
2025-05-19 08:00:00,410.14
2025-05-19 09:00:00,434.31
2025-05-19 10:00:00,416.78
2025-05-19 11:00:00,445.72
2025-05-19 12:00:00,422.6
2025-05-19 13:00:00,433.62
2025-05-19 14:00:00,432.15
2025-05-19 15:00:00,413.7
2025-05-19 16:00:00,400.0
2025-05-19 17:00:00,399.68
2025-05-19 18:00:00,457.74
2025-05-19 19:00:00,495.67
2025-05-19 20:00:00,469.49
2025-05-19 21:00:00,451.43
2025-05-19 22:00:00,435.44
2025-05-19 23:00:00,313.56
2025-05-20 00:00:00,343.78
2025-05-20 01:00:00,334.74
2025-05-20 02:00:00,353.67
2025-05-20 03:00:00,351.77
2025-05-20 04:00:00,357.11
2025-05-20 05:00:00,372.78
2025-05-20 06:00:00,360.66
2025-05-20 07:00:00,411.64
2025-05-20 08:00:00,427.62
2025-05-20 09:00:00,426.51
2025-05-20 10:00:00,429.58
2025-05-20 11:00:00,411.19
2025-05-20 12:00:00,426.3
2025-05-20 13:00:00,426.32
2025-05-20 14:00:00,422.27
2025-05-20 15:00:00,419.37
2025-05-20 16:00:00,395.34
2025-05-20 17:00:00,375.47
2025-05-20 18:00:00,483.17
2025-05-20 19:00:00,479.4
2025-05-20 20:00:00,502.23
2025-05-20 21:00:00,451.77
2025-05-20 22:00:00,436.2
2025-05-20 23:00:00,356.07
2025-05-21 00:00:00,350.28
2025-05-21 01:00:00,347.41
2025-05-21 02:00:00,315.01
2025-05-21 03:00:00,345.09
2025-05-21 04:00:00,336.61
2025-05-21 05:00:00,378.61
2025-05-21 06:00:00,368.23
2025-05-21 07:00:00,398.27
2025-05-21 08:00:00,434.51
2025-05-21 09:00:00,425.38
2025-05-21 10:00:00,425.54
2025-05-21 11:00:00,451.71
2025-05-21 12:00:00,468.9
2025-05-21 13:00:00,441.57
2025-05-21 14:00:00,415.15
2025-05-21 15:00:00,436.01
2025-05-21 16:00:00,407.71
2025-05-21 17:00:00,386.2
2025-05-21 18:00:00,450.54
2025-05-21 19:00:00,474.15
2025-05-21 20:00:00,502.17
2025-05-21 21:00:00,459.54
2025-05-21 22:00:00,426.01
2025-05-21 23:00:00,345.19
2025-05-22 00:00:00,368.68
2025-05-22 01:00:00,328.8
2025-05-22 02:00:00,344.88
2025-05-22 03:00:00,363.1
2025-05-22 04:00:00,376.16
2025-05-22 05:00:00,395.11
2025-05-22 06:00:00,377.51
2025-05-22 07:00:00,431.54
2025-05-22 08:00:00,416.78
2025-05-22 09:00:00,424.6
2025-05-22 10:00:00,408.18
2025-05-22 11:00:00,472.38
2025-05-22 12:00:00,429.89
2025-05-22 13:00:00,434.23
2025-05-22 14:00:00,449.99
2025-05-22 15:00:00,429.0
2025-05-22 16:00:00,382.72
2025-05-22 17:00:00,411.89
2025-05-22 18:00:00,490.11
2025-05-22 19:00:00,518.11
2025-05-22 20:00:00,471.43
2025-05-22 21:00:00,452.97
2025-05-22 22:00:00,443.52
2025-05-22 23:00:00,337.0
2025-05-23 00:00:00,353.52
2025-05-23 01:00:00,339.58
2025-05-23 02:00:00,335.63
2025-05-23 03:00:00,347.15
2025-05-23 04:00:00,370.49
2025-05-23 05:00:00,395.73
2025-05-23 06:00:00,398.11
2025-05-23 07:00:00,398.38
2025-05-23 08:00:00,410.48
2025-05-23 09:00:00,408.85
2025-05-23 10:00:00,417.79
2025-05-23 11:00:00,425.99
2025-05-23 12:00:00,423.79
2025-05-23 13:00:00,452.22
2025-05-23 14:00:00,440.49
2025-05-23 15:00:00,426.13
2025-05-23 16:00:00,438.97
2025-05-23 17:00:00,404.09
2025-05-23 18:00:00,493.36
2025-05-23 19:00:00,464.4
2025-05-23 20:00:00,454.53
2025-05-23 21:00:00,473.55
2025-05-23 22:00:00,459.63
2025-05-23 23:00:00,337.42
2025-05-24 00:00:00,304.24
2025-05-24 01:00:00,297.77
2025-05-24 02:00:00,321.25
2025-05-24 03:00:00,319.91
2025-05-24 04:00:00,333.76
2025-05-24 05:00:00,332.05
2025-05-24 06:00:00,353.01
2025-05-24 07:00:00,378.21
2025-05-24 08:00:00,359.45
2025-05-24 09:00:00,379.16
2025-05-24 10:00:00,392.29
2025-05-24 11:00:00,418.69
2025-05-24 12:00:00,414.43
2025-05-24 13:00:00,413.18
2025-05-24 14:00:00,409.59
2025-05-24 15:00:00,396.58
2025-05-24 16:00:00,352.31
2025-05-24 17:00:00,390.56
2025-05-24 18:00:00,475.92
2025-05-24 19:00:00,475.42
2025-05-24 20:00:00,439.63
2025-05-24 21:00:00,430.12
2025-05-24 22:00:00,401.51
2025-05-24 23:00:00,276.48
2025-05-25 00:00:00,306.2
2025-05-25 01:00:00,319.72
2025-05-25 02:00:00,323.61
2025-05-25 03:00:00,350.31
2025-05-25 04:00:00,331.78
2025-05-25 05:00:00,347.47
2025-05-25 06:00:00,362.21
2025-05-25 07:00:00,357.19
2025-05-25 08:00:00,387.8
2025-05-25 09:00:00,404.44
2025-05-25 10:00:00,405.72
2025-05-25 11:00:00,408.08
2025-05-25 12:00:00,382.64
2025-05-25 13:00:00,403.91
2025-05-25 14:00:00,404.99
2025-05-25 15:00:00,395.72
2025-05-25 16:00:00,398.98
2025-05-25 17:00:00,352.15
2025-05-25 18:00:00,454.85
2025-05-25 19:00:00,437.19
2025-05-25 20:00:00,436.85
2025-05-25 21:00:00,443.79
2025-05-25 22:00:00,422.47
2025-05-25 23:00:00,310.35
2025-05-26 00:00:00,336.66
2025-05-26 01:00:00,360.01
2025-05-26 02:00:00,340.55
2025-05-26 03:00:00,358.21
2025-05-26 04:00:00,343.08
2025-05-26 05:00:00,384.95
2025-05-26 06:00:00,369.43
2025-05-26 07:00:00,384.64
2025-05-26 08:00:00,431.78
2025-05-26 09:00:00,411.12
2025-05-26 10:00:00,419.56
2025-05-26 11:00:00,445.4
2025-05-26 12:00:00,425.18
2025-05-26 13:00:00,434.31
2025-05-26 14:00:00,440.68
2025-05-26 15:00:00,463.51
2025-05-26 16:00:00,451.23
2025-05-26 17:00:00,377.63
2025-05-26 18:00:00,487.68
2025-05-26 19:00:00,494.87
2025-05-26 20:00:00,463.82
2025-05-26 21:00:00,463.15
2025-05-26 22:00:00,491.0
2025-05-26 23:00:00,379.61
2025-05-27 00:00:00,368.13
2025-05-27 01:00:00,320.33
2025-05-27 02:00:00,357.24
2025-05-27 03:00:00,372.85
2025-05-27 04:00:00,341.52
2025-05-27 05:00:00,366.62
2025-05-27 06:00:00,389.65
2025-05-27 07:00:00,398.06
2025-05-27 08:00:00,412.19
2025-05-27 09:00:00,446.06
2025-05-27 10:00:00,422.07
2025-05-27 11:00:00,409.7
2025-05-27 12:00:00,446.99
2025-05-27 13:00:00,418.84
2025-05-27 14:00:00,409.9
2025-05-27 15:00:00,400.94
2025-05-27 16:00:00,443.38
2025-05-27 17:00:00,421.53
2025-05-27 18:00:00,498.19
2025-05-27 19:00:00,479.76
2025-05-27 20:00:00,479.23
2025-05-27 21:00:00,445.53
2025-05-27 22:00:00,444.76
2025-05-27 23:00:00,311.09
2025-05-28 00:00:00,341.52
2025-05-28 01:00:00,331.68
2025-05-28 02:00:00,322.13
2025-05-28 03:00:00,355.68
2025-05-28 04:00:00,351.85
2025-05-28 05:00:00,394.75
2025-05-28 06:00:00,401.04
2025-05-28 07:00:00,375.72
2025-05-28 08:00:00,389.17
2025-05-28 09:00:00,432.99
2025-05-28 10:00:00,448.82
2025-05-28 11:00:00,411.87
2025-05-28 12:00:00,411.8
2025-05-28 13:00:00,440.89
2025-05-28 14:00:00,430.56
2025-05-28 15:00:00,449.99
2025-05-28 16:00:00,422.64
2025-05-28 17:00:00,406.18
2025-05-28 18:00:00,510.42
2025-05-28 19:00:00,484.02
2025-05-28 20:00:00,470.69
2025-05-28 21:00:00,452.09
2025-05-28 22:00:00,453.82
2025-05-28 23:00:00,340.59
2025-05-29 00:00:00,341.48
2025-05-29 01:00:00,350.98
2025-05-29 02:00:00,353.43
2025-05-29 03:00:00,353.38
2025-05-29 04:00:00,365.61
2025-05-29 05:00:00,371.48
2025-05-29 06:00:00,389.18
2025-05-29 07:00:00,389.53
2025-05-29 08:00:00,411.09
2025-05-29 09:00:00,452.56
2025-05-29 10:00:00,427.94
2025-05-29 11:00:00,443.85
2025-05-29 12:00:00,446.33
2025-05-29 13:00:00,454.82
2025-05-29 14:00:00,447.96
2025-05-29 15:00:00,428.91
2025-05-29 16:00:00,394.22
2025-05-29 17:00:00,381.55
2025-05-29 18:00:00,479.14
2025-05-29 19:00:00,479.5
2025-05-29 20:00:00,464.83
2025-05-29 21:00:00,460.28
2025-05-29 22:00:00,443.68
2025-05-29 23:00:00,331.96
2025-05-30 00:00:00,325.18
2025-05-30 01:00:00,361.17
2025-05-30 02:00:00,360.6
2025-05-30 03:00:00,336.35
2025-05-30 04:00:00,360.38
2025-05-30 05:00:00,368.32
2025-05-30 06:00:00,397.3
2025-05-30 07:00:00,407.24
2025-05-30 08:00:00,407.6
2025-05-30 09:00:00,424.74
2025-05-30 10:00:00,436.2
2025-05-30 11:00:00,465.8
2025-05-30 12:00:00,430.02
2025-05-30 13:00:00,442.97
2025-05-30 14:00:00,423.77
2025-05-30 15:00:00,412.45
2025-05-30 16:00:00,408.16
2025-05-30 17:00:00,418.68
2025-05-30 18:00:00,495.39
2025-05-30 19:00:00,482.57
2025-05-30 20:00:00,452.13
2025-05-30 21:00:00,448.21
2025-05-30 22:00:00,409.97
2025-05-30 23:00:00,349.65
2025-05-31 00:00:00,303.94
2025-05-31 01:00:00,316.53
2025-05-31 02:00:00,302.45
2025-05-31 03:00:00,334.57
2025-05-31 04:00:00,335.05
2025-05-31 05:00:00,356.1
2025-05-31 06:00:00,353.58
2025-05-31 07:00:00,358.5
2025-05-31 08:00:00,388.13
2025-05-31 09:00:00,395.86
2025-05-31 10:00:00,394.0
2025-05-31 11:00:00,440.41
2025-05-31 12:00:00,405.7
2025-05-31 13:00:00,399.21
2025-05-31 14:00:00,389.21
2025-05-31 15:00:00,377.49
2025-05-31 16:00:00,373.83
2025-05-31 17:00:00,377.58
2025-05-31 18:00:00,465.49
2025-05-31 19:00:00,476.1
2025-05-31 20:00:00,427.88
2025-05-31 21:00:00,451.64
2025-05-31 22:00:00,442.7
2025-05-31 23:00:00,322.59
2025-06-01 00:00:00,264.31
2025-06-01 01:00:00,314.1
2025-06-01 02:00:00,248.53
2025-06-01 03:00:00,318.88
2025-06-01 04:00:00,321.92
2025-06-01 05:00:00,334.2
2025-06-01 06:00:00,344.64
2025-06-01 07:00:00,325.44
2025-06-01 08:00:00,355.31
2025-06-01 09:00:00,369.7
2025-06-01 10:00:00,398.11
2025-06-01 11:00:00,381.33
2025-06-01 12:00:00,381.16
2025-06-01 13:00:00,354.38
2025-06-01 14:00:00,371.87
2025-06-01 15:00:00,358.25
2025-06-01 16:00:00,379.26
2025-06-01 17:00:00,338.72
2025-06-01 18:00:00,422.23
2025-06-01 19:00:00,416.59
2025-06-01 20:00:00,397.93
2025-06-01 21:00:00,400.66
2025-06-01 22:00:00,388.53
2025-06-01 23:00:00,270.04
2025-06-02 00:00:00,335.81
2025-06-02 01:00:00,337.71
2025-06-02 02:00:00,324.79
2025-06-02 03:00:00,320.12
2025-06-02 04:00:00,329.43
2025-06-02 05:00:00,352.92
2025-06-02 06:00:00,385.89
2025-06-02 07:00:00,368.97
2025-06-02 08:00:00,386.76
2025-06-02 09:00:00,380.45
2025-06-02 10:00:00,395.18
2025-06-02 11:00:00,404.7
2025-06-02 12:00:00,405.45
2025-06-02 13:00:00,393.13
2025-06-02 14:00:00,405.84
2025-06-02 15:00:00,398.8
2025-06-02 16:00:00,384.96
2025-06-02 17:00:00,371.6
2025-06-02 18:00:00,474.08
2025-06-02 19:00:00,409.19
2025-06-02 20:00:00,449.94
2025-06-02 21:00:00,428.89
2025-06-02 22:00:00,434.37
2025-06-02 23:00:00,326.32
2025-06-03 00:00:00,296.38
2025-06-03 01:00:00,307.06
2025-06-03 02:00:00,318.13
2025-06-03 03:00:00,323.68
2025-06-03 04:00:00,355.08
2025-06-03 05:00:00,327.85
2025-06-03 06:00:00,368.64
2025-06-03 07:00:00,375.07
2025-06-03 08:00:00,411.17
2025-06-03 09:00:00,401.61
2025-06-03 10:00:00,402.98
2025-06-03 11:00:00,400.59
2025-06-03 12:00:00,414.32
2025-06-03 13:00:00,396.06
2025-06-03 14:00:00,403.91
2025-06-03 15:00:00,413.94
2025-06-03 16:00:00,401.8
2025-06-03 17:00:00,386.29
2025-06-03 18:00:00,454.84
2025-06-03 19:00:00,430.14
2025-06-03 20:00:00,422.51
2025-06-03 21:00:00,413.37
2025-06-03 22:00:00,427.33
2025-06-03 23:00:00,318.64
2025-06-04 00:00:00,275.02
2025-06-04 01:00:00,302.15
2025-06-04 02:00:00,308.04
2025-06-04 03:00:00,343.32
2025-06-04 04:00:00,343.77
2025-06-04 05:00:00,366.07
2025-06-04 06:00:00,380.72
2025-06-04 07:00:00,352.72
2025-06-04 08:00:00,355.9
2025-06-04 09:00:00,416.64
2025-06-04 10:00:00,406.94
2025-06-04 11:00:00,413.69
2025-06-04 12:00:00,412.29
2025-06-04 13:00:00,403.84
2025-06-04 14:00:00,404.38
2025-06-04 15:00:00,410.8
2025-06-04 16:00:00,379.27
2025-06-04 17:00:00,360.55
2025-06-04 18:00:00,466.36
2025-06-04 19:00:00,440.14
2025-06-04 20:00:00,457.73
2025-06-04 21:00:00,424.22
2025-06-04 22:00:00,417.41
2025-06-04 23:00:00,298.08
2025-06-05 00:00:00,306.25
2025-06-05 01:00:00,296.79
2025-06-05 02:00:00,313.68
2025-06-05 03:00:00,340.97
2025-06-05 04:00:00,342.69
2025-06-05 05:00:00,351.4
2025-06-05 06:00:00,375.87
2025-06-05 07:00:00,369.23
2025-06-05 08:00:00,391.6
2025-06-05 09:00:00,379.53
2025-06-05 10:00:00,400.61
2025-06-05 11:00:00,396.09
2025-06-05 12:00:00,407.2
2025-06-05 13:00:00,417.33
2025-06-05 14:00:00,405.6
2025-06-05 15:00:00,397.74
2025-06-05 16:00:00,390.54
2025-06-05 17:00:00,371.22
2025-06-05 18:00:00,445.29
2025-06-05 19:00:00,461.01
2025-06-05 20:00:00,443.42
2025-06-05 21:00:00,449.91
2025-06-05 22:00:00,408.38
2025-06-05 23:00:00,348.46
2025-06-06 00:00:00,282.97
2025-06-06 01:00:00,320.79
2025-06-06 02:00:00,318.37
2025-06-06 03:00:00,322.79
2025-06-06 04:00:00,329.62
2025-06-06 05:00:00,336.58
2025-06-06 06:00:00,367.95
2025-06-06 07:00:00,389.01
2025-06-06 08:00:00,412.98
2025-06-06 09:00:00,413.14
2025-06-06 10:00:00,413.72
2025-06-06 11:00:00,401.3
2025-06-06 12:00:00,434.77
2025-06-06 13:00:00,396.75
2025-06-06 14:00:00,396.3
2025-06-06 15:00:00,411.89
2025-06-06 16:00:00,414.66
2025-06-06 17:00:00,354.93
2025-06-06 18:00:00,468.23
2025-06-06 19:00:00,460.24
2025-06-06 20:00:00,443.48
2025-06-06 21:00:00,418.25
2025-06-06 22:00:00,425.28
2025-06-06 23:00:00,313.83
2025-06-07 00:00:00,298.17
2025-06-07 01:00:00,286.78
2025-06-07 02:00:00,285.49
2025-06-07 03:00:00,277.52
2025-06-07 04:00:00,334.24
2025-06-07 05:00:00,293.87
2025-06-07 06:00:00,333.99
2025-06-07 07:00:00,350.64
2025-06-07 08:00:00,350.86
2025-06-07 09:00:00,374.36
2025-06-07 10:00:00,362.49
2025-06-07 11:00:00,387.4
2025-06-07 12:00:00,377.45
2025-06-07 13:00:00,390.87
2025-06-07 14:00:00,353.09
2025-06-07 15:00:00,334.7
2025-06-07 16:00:00,353.13
2025-06-07 17:00:00,325.52
2025-06-07 18:00:00,436.11
2025-06-07 19:00:00,411.21
2025-06-07 20:00:00,412.45
2025-06-07 21:00:00,402.95
2025-06-07 22:00:00,392.3
2025-06-07 23:00:00,285.06
2025-06-08 00:00:00,253.71
2025-06-08 01:00:00,286.16
2025-06-08 02:00:00,303.79
2025-06-08 03:00:00,330.87
2025-06-08 04:00:00,281.38
2025-06-08 05:00:00,311.65
2025-06-08 06:00:00,330.46
2025-06-08 07:00:00,345.38
2025-06-08 08:00:00,332.07
2025-06-08 09:00:00,389.16
2025-06-08 10:00:00,341.76
2025-06-08 11:00:00,402.43
2025-06-08 12:00:00,379.87
2025-06-08 13:00:00,409.73
2025-06-08 14:00:00,384.69
2025-06-08 15:00:00,367.64
2025-06-08 16:00:00,360.66
2025-06-08 17:00:00,355.66
2025-06-08 18:00:00,422.06
2025-06-08 19:00:00,423.26
2025-06-08 20:00:00,423.86
2025-06-08 21:00:00,385.85
2025-06-08 22:00:00,395.27
2025-06-08 23:00:00,305.84
2025-06-09 00:00:00,320.18
2025-06-09 01:00:00,280.85
2025-06-09 02:00:00,310.24
2025-06-09 03:00:00,333.47
2025-06-09 04:00:00,340.72
2025-06-09 05:00:00,344.92
2025-06-09 06:00:00,376.75
2025-06-09 07:00:00,401.66
2025-06-09 08:00:00,380.74
2025-06-09 09:00:00,387.34
2025-06-09 10:00:00,409.33
2025-06-09 11:00:00,381.11
2025-06-09 12:00:00,412.66
2025-06-09 13:00:00,378.15
2025-06-09 14:00:00,414.01
2025-06-09 15:00:00,392.08
2025-06-09 16:00:00,403.5
2025-06-09 17:00:00,388.43
2025-06-09 18:00:00,461.75
2025-06-09 19:00:00,438.25
2025-06-09 20:00:00,439.34
2025-06-09 21:00:00,422.39
2025-06-09 22:00:00,409.75
2025-06-09 23:00:00,294.26
2025-06-10 00:00:00,317.47
2025-06-10 01:00:00,313.13
2025-06-10 02:00:00,322.47
2025-06-10 03:00:00,320.28
2025-06-10 04:00:00,341.32
2025-06-10 05:00:00,332.19
2025-06-10 06:00:00,359.79
2025-06-10 07:00:00,394.53
2025-06-10 08:00:00,381.76
2025-06-10 09:00:00,376.83
2025-06-10 10:00:00,400.73
2025-06-10 11:00:00,407.54
2025-06-10 12:00:00,391.21
2025-06-10 13:00:00,401.58
2025-06-10 14:00:00,425.47
2025-06-10 15:00:00,395.49
2025-06-10 16:00:00,403.05
2025-06-10 17:00:00,385.0
2025-06-10 18:00:00,457.83
2025-06-10 19:00:00,445.28
2025-06-10 20:00:00,433.89
2025-06-10 21:00:00,455.16
2025-06-10 22:00:00,426.94
2025-06-10 23:00:00,319.6
2025-06-11 00:00:00,328.1
2025-06-11 01:00:00,297.93
2025-06-11 02:00:00,319.7
2025-06-11 03:00:00,331.82
2025-06-11 04:00:00,338.54
2025-06-11 05:00:00,346.79
2025-06-11 06:00:00,357.07
2025-06-11 07:00:00,400.26
2025-06-11 08:00:00,386.21
2025-06-11 09:00:00,382.08
2025-06-11 10:00:00,414.82
2025-06-11 11:00:00,426.52
2025-06-11 12:00:00,393.39
2025-06-11 13:00:00,389.23
2025-06-11 14:00:00,414.05
2025-06-11 15:00:00,408.57
2025-06-11 16:00:00,364.65
2025-06-11 17:00:00,365.89
2025-06-11 18:00:00,471.63
2025-06-11 19:00:00,444.4
2025-06-11 20:00:00,426.33
2025-06-11 21:00:00,425.54
2025-06-11 22:00:00,413.82
2025-06-11 23:00:00,324.74
2025-06-12 00:00:00,348.06
2025-06-12 01:00:00,323.42
2025-06-12 02:00:00,327.03
2025-06-12 03:00:00,317.51
2025-06-12 04:00:00,339.64
2025-06-12 05:00:00,352.61
2025-06-12 06:00:00,353.37
2025-06-12 07:00:00,359.52
2025-06-12 08:00:00,382.69
2025-06-12 09:00:00,405.2
2025-06-12 10:00:00,395.21
2025-06-12 11:00:00,445.97
2025-06-12 12:00:00,384.0
2025-06-12 13:00:00,423.19
2025-06-12 14:00:00,385.81
2025-06-12 15:00:00,406.57
2025-06-12 16:00:00,368.99
2025-06-12 17:00:00,365.75
2025-06-12 18:00:00,466.01
2025-06-12 19:00:00,444.76
2025-06-12 20:00:00,443.7
2025-06-12 21:00:00,408.58
2025-06-12 22:00:00,432.65
2025-06-12 23:00:00,296.85
2025-06-13 00:00:00,263.49
2025-06-13 01:00:00,313.11
2025-06-13 02:00:00,323.04
2025-06-13 03:00:00,308.14
2025-06-13 04:00:00,283.92
2025-06-13 05:00:00,348.34
2025-06-13 06:00:00,373.32
2025-06-13 07:00:00,365.66
2025-06-13 08:00:00,383.68
2025-06-13 09:00:00,366.34
2025-06-13 10:00:00,417.6
2025-06-13 11:00:00,397.17
2025-06-13 12:00:00,403.29
2025-06-13 13:00:00,380.14
2025-06-13 14:00:00,402.88
2025-06-13 15:00:00,394.46
2025-06-13 16:00:00,388.99
2025-06-13 17:00:00,387.98
2025-06-13 18:00:00,422.65
2025-06-13 19:00:00,420.94
2025-06-13 20:00:00,461.91
2025-06-13 21:00:00,435.57
2025-06-13 22:00:00,408.1
2025-06-13 23:00:00,342.89
2025-06-14 00:00:00,282.87
2025-06-14 01:00:00,295.21
2025-06-14 02:00:00,290.9
2025-06-14 03:00:00,253.41
2025-06-14 04:00:00,315.0
2025-06-14 05:00:00,328.3
2025-06-14 06:00:00,346.71
2025-06-14 07:00:00,333.12
2025-06-14 08:00:00,344.47
2025-06-14 09:00:00,360.29
2025-06-14 10:00:00,375.9
2025-06-14 11:00:00,366.41
2025-06-14 12:00:00,393.51
2025-06-14 13:00:00,393.29
2025-06-14 14:00:00,368.56
2025-06-14 15:00:00,350.58
2025-06-14 16:00:00,354.85
2025-06-14 17:00:00,355.2
2025-06-14 18:00:00,434.9
2025-06-14 19:00:00,408.37
2025-06-14 20:00:00,397.51
2025-06-14 21:00:00,383.53
2025-06-14 22:00:00,380.97
2025-06-14 23:00:00,305.84
2025-06-15 00:00:00,291.12
2025-06-15 01:00:00,302.32
2025-06-15 02:00:00,283.51
2025-06-15 03:00:00,284.81
2025-06-15 04:00:00,315.26
2025-06-15 05:00:00,304.74
2025-06-15 06:00:00,378.87
2025-06-15 07:00:00,342.98
2025-06-15 08:00:00,354.57
2025-06-15 09:00:00,346.76
2025-06-15 10:00:00,370.6
2025-06-15 11:00:00,361.44
2025-06-15 12:00:00,389.67
2025-06-15 13:00:00,381.1
2025-06-15 14:00:00,364.42
2025-06-15 15:00:00,384.13
2025-06-15 16:00:00,341.09
2025-06-15 17:00:00,317.8
2025-06-15 18:00:00,432.98
2025-06-15 19:00:00,421.2
2025-06-15 20:00:00,389.46
2025-06-15 21:00:00,384.08
2025-06-15 22:00:00,403.78
2025-06-15 23:00:00,266.62
2025-06-16 00:00:00,335.44
2025-06-16 01:00:00,290.22
2025-06-16 02:00:00,333.12
2025-06-16 03:00:00,346.49
2025-06-16 04:00:00,334.21
2025-06-16 05:00:00,365.46
2025-06-16 06:00:00,363.25
2025-06-16 07:00:00,367.44
2025-06-16 08:00:00,396.33
2025-06-16 09:00:00,393.51
2025-06-16 10:00:00,394.61
2025-06-16 11:00:00,393.35
2025-06-16 12:00:00,403.33
2025-06-16 13:00:00,423.81
2025-06-16 14:00:00,387.38
2025-06-16 15:00:00,394.92
2025-06-16 16:00:00,388.6
2025-06-16 17:00:00,363.35
2025-06-16 18:00:00,452.1
2025-06-16 19:00:00,451.1
2025-06-16 20:00:00,415.13
2025-06-16 21:00:00,411.06
2025-06-16 22:00:00,423.06
2025-06-16 23:00:00,314.98
2025-06-17 00:00:00,298.42
2025-06-17 01:00:00,345.77
2025-06-17 02:00:00,315.6
2025-06-17 03:00:00,314.69
2025-06-17 04:00:00,332.4
2025-06-17 05:00:00,351.6
2025-06-17 06:00:00,370.97
2025-06-17 07:00:00,407.14
2025-06-17 08:00:00,380.43
2025-06-17 09:00:00,419.75
2025-06-17 10:00:00,375.9
2025-06-17 11:00:00,412.4
2025-06-17 12:00:00,437.94
2025-06-17 13:00:00,388.53
2025-06-17 14:00:00,410.45
2025-06-17 15:00:00,385.44
2025-06-17 16:00:00,391.27
2025-06-17 17:00:00,397.02
2025-06-17 18:00:00,438.13
2025-06-17 19:00:00,463.31
2025-06-17 20:00:00,410.54
2025-06-17 21:00:00,440.16
2025-06-17 22:00:00,414.98
2025-06-17 23:00:00,298.75
2025-06-18 00:00:00,324.71
2025-06-18 01:00:00,313.99
2025-06-18 02:00:00,325.38
2025-06-18 03:00:00,345.81
2025-06-18 04:00:00,360.42
2025-06-18 05:00:00,329.11
2025-06-18 06:00:00,362.47
2025-06-18 07:00:00,363.95
2025-06-18 08:00:00,414.29
2025-06-18 09:00:00,419.17
2025-06-18 10:00:00,437.86
2025-06-18 11:00:00,401.3
2025-06-18 12:00:00,408.14
2025-06-18 13:00:00,388.29
2025-06-18 14:00:00,391.04
2025-06-18 15:00:00,402.06
2025-06-18 16:00:00,420.65
2025-06-18 17:00:00,383.82
2025-06-18 18:00:00,462.44
2025-06-18 19:00:00,436.17
2025-06-18 20:00:00,436.17
2025-06-18 21:00:00,415.11
2025-06-18 22:00:00,431.44
2025-06-18 23:00:00,309.49
2025-06-19 00:00:00,298.72
2025-06-19 01:00:00,312.96
2025-06-19 02:00:00,311.91
2025-06-19 03:00:00,328.25
2025-06-19 04:00:00,349.35
2025-06-19 05:00:00,342.94
2025-06-19 06:00:00,354.67
2025-06-19 07:00:00,340.53
2025-06-19 08:00:00,397.1
2025-06-19 09:00:00,367.54
2025-06-19 10:00:00,418.78
2025-06-19 11:00:00,417.2
2025-06-19 12:00:00,413.39
2025-06-19 13:00:00,439.54
2025-06-19 14:00:00,393.94
2025-06-19 15:00:00,390.74
2025-06-19 16:00:00,390.62
2025-06-19 17:00:00,358.1
2025-06-19 18:00:00,456.77
2025-06-19 19:00:00,455.59
2025-06-19 20:00:00,447.2
2025-06-19 21:00:00,423.53
2025-06-19 22:00:00,408.7
2025-06-19 23:00:00,301.59
2025-06-20 00:00:00,284.67
2025-06-20 01:00:00,321.05
2025-06-20 02:00:00,322.39
2025-06-20 03:00:00,320.13
2025-06-20 04:00:00,332.25
2025-06-20 05:00:00,381.6
2025-06-20 06:00:00,366.61
2025-06-20 07:00:00,394.74
2025-06-20 08:00:00,368.07
2025-06-20 09:00:00,399.0
2025-06-20 10:00:00,431.38
2025-06-20 11:00:00,424.61
2025-06-20 12:00:00,406.66
2025-06-20 13:00:00,388.68
2025-06-20 14:00:00,417.98
2025-06-20 15:00:00,405.0
2025-06-20 16:00:00,396.22
2025-06-20 17:00:00,388.94
2025-06-20 18:00:00,474.03
2025-06-20 19:00:00,440.5
2025-06-20 20:00:00,438.71
2025-06-20 21:00:00,427.5
2025-06-20 22:00:00,390.25
2025-06-20 23:00:00,309.22
2025-06-21 00:00:00,281.54
2025-06-21 01:00:00,282.78
2025-06-21 02:00:00,292.43
2025-06-21 03:00:00,307.96
2025-06-21 04:00:00,304.28
2025-06-21 05:00:00,298.83
2025-06-21 06:00:00,329.14
2025-06-21 07:00:00,377.97
2025-06-21 08:00:00,353.27
2025-06-21 09:00:00,359.9
2025-06-21 10:00:00,367.99
2025-06-21 11:00:00,366.19
2025-06-21 12:00:00,372.83
2025-06-21 13:00:00,384.77
2025-06-21 14:00:00,371.56
2025-06-21 15:00:00,362.39
2025-06-21 16:00:00,384.41
2025-06-21 17:00:00,337.31
2025-06-21 18:00:00,422.11
2025-06-21 19:00:00,415.22
2025-06-21 20:00:00,417.12
2025-06-21 21:00:00,409.81
2025-06-21 22:00:00,406.05
2025-06-21 23:00:00,278.67
2025-06-22 00:00:00,305.0
2025-06-22 01:00:00,285.33
2025-06-22 02:00:00,334.13
2025-06-22 03:00:00,275.61
2025-06-22 04:00:00,311.02
2025-06-22 05:00:00,308.69
2025-06-22 06:00:00,348.18
2025-06-22 07:00:00,342.93
2025-06-22 08:00:00,320.72
2025-06-22 09:00:00,394.85
2025-06-22 10:00:00,370.87
2025-06-22 11:00:00,390.86
2025-06-22 12:00:00,387.67
2025-06-22 13:00:00,368.63
2025-06-22 14:00:00,369.08
2025-06-22 15:00:00,367.99
2025-06-22 16:00:00,390.98
2025-06-22 17:00:00,341.91
2025-06-22 18:00:00,433.56
2025-06-22 19:00:00,414.51
2025-06-22 20:00:00,410.87
2025-06-22 21:00:00,393.34
2025-06-22 22:00:00,383.6
2025-06-22 23:00:00,281.14
2025-06-23 00:00:00,280.91
2025-06-23 01:00:00,316.76
2025-06-23 02:00:00,327.38
2025-06-23 03:00:00,331.01
2025-06-23 04:00:00,339.26
2025-06-23 05:00:00,347.94
2025-06-23 06:00:00,363.72
2025-06-23 07:00:00,358.71
2025-06-23 08:00:00,410.3
2025-06-23 09:00:00,371.0
2025-06-23 10:00:00,397.43
2025-06-23 11:00:00,399.54
2025-06-23 12:00:00,425.1
2025-06-23 13:00:00,395.53
2025-06-23 14:00:00,418.38
2025-06-23 15:00:00,400.77
2025-06-23 16:00:00,392.15
2025-06-23 17:00:00,361.91
2025-06-23 18:00:00,455.84
2025-06-23 19:00:00,452.87
2025-06-23 20:00:00,430.52
2025-06-23 21:00:00,445.43
2025-06-23 22:00:00,438.02
2025-06-23 23:00:00,296.38
2025-06-24 00:00:00,293.45
2025-06-24 01:00:00,315.67
2025-06-24 02:00:00,337.57
2025-06-24 03:00:00,342.28
2025-06-24 04:00:00,345.91
2025-06-24 05:00:00,341.04
2025-06-24 06:00:00,369.85
2025-06-24 07:00:00,388.37
2025-06-24 08:00:00,401.11
2025-06-24 09:00:00,386.32
2025-06-24 10:00:00,405.98
2025-06-24 11:00:00,446.04
2025-06-24 12:00:00,389.44
2025-06-24 13:00:00,407.04
2025-06-24 14:00:00,386.49
2025-06-24 15:00:00,378.88
2025-06-24 16:00:00,379.95
2025-06-24 17:00:00,366.14
2025-06-24 18:00:00,447.42
2025-06-24 19:00:00,419.46
2025-06-24 20:00:00,435.45
2025-06-24 21:00:00,437.04
2025-06-24 22:00:00,412.27
2025-06-24 23:00:00,287.29
2025-06-25 00:00:00,315.78
2025-06-25 01:00:00,315.74
2025-06-25 02:00:00,343.87
2025-06-25 03:00:00,302.22
2025-06-25 04:00:00,345.99
2025-06-25 05:00:00,345.64
2025-06-25 06:00:00,359.5
2025-06-25 07:00:00,378.05
2025-06-25 08:00:00,398.0
2025-06-25 09:00:00,403.3
2025-06-25 10:00:00,398.68
2025-06-25 11:00:00,442.78
2025-06-25 12:00:00,414.23
2025-06-25 13:00:00,423.07
2025-06-25 14:00:00,436.15
2025-06-25 15:00:00,400.69
2025-06-25 16:00:00,378.91
2025-06-25 17:00:00,356.7
2025-06-25 18:00:00,461.07
2025-06-25 19:00:00,440.17
2025-06-25 20:00:00,430.04
2025-06-25 21:00:00,425.23
2025-06-25 22:00:00,419.34
2025-06-25 23:00:00,311.46
2025-06-26 00:00:00,278.37
2025-06-26 01:00:00,301.56
2025-06-26 02:00:00,296.65
2025-06-26 03:00:00,324.92
2025-06-26 04:00:00,346.86
2025-06-26 05:00:00,352.48
2025-06-26 06:00:00,357.8
2025-06-26 07:00:00,382.78
2025-06-26 08:00:00,410.47
2025-06-26 09:00:00,396.18
2025-06-26 10:00:00,396.52
2025-06-26 11:00:00,422.12
2025-06-26 12:00:00,392.17
2025-06-26 13:00:00,420.12
2025-06-26 14:00:00,408.49
2025-06-26 15:00:00,437.69
2025-06-26 16:00:00,358.3
2025-06-26 17:00:00,401.42
2025-06-26 18:00:00,464.08
2025-06-26 19:00:00,454.8
2025-06-26 20:00:00,453.59
2025-06-26 21:00:00,422.94
2025-06-26 22:00:00,454.61
2025-06-26 23:00:00,306.69
2025-06-27 00:00:00,332.79
2025-06-27 01:00:00,288.48
2025-06-27 02:00:00,328.57
2025-06-27 03:00:00,331.88
2025-06-27 04:00:00,343.2
2025-06-27 05:00:00,341.33
2025-06-27 06:00:00,334.16
2025-06-27 07:00:00,368.57
2025-06-27 08:00:00,395.17
2025-06-27 09:00:00,409.94
2025-06-27 10:00:00,396.63
2025-06-27 11:00:00,395.29
2025-06-27 12:00:00,427.34
2025-06-27 13:00:00,385.75
2025-06-27 14:00:00,421.12
2025-06-27 15:00:00,386.61
2025-06-27 16:00:00,386.91
2025-06-27 17:00:00,376.95
2025-06-27 18:00:00,452.59
2025-06-27 19:00:00,429.67
2025-06-27 20:00:00,446.12
2025-06-27 21:00:00,414.97
2025-06-27 22:00:00,407.6
2025-06-27 23:00:00,340.65
2025-06-28 00:00:00,303.36
2025-06-28 01:00:00,285.3
2025-06-28 02:00:00,300.62
2025-06-28 03:00:00,287.76
2025-06-28 04:00:00,305.68
2025-06-28 05:00:00,310.09
2025-06-28 06:00:00,312.69
2025-06-28 07:00:00,330.41
2025-06-28 08:00:00,349.91
2025-06-28 09:00:00,365.79
2025-06-28 10:00:00,363.79
2025-06-28 11:00:00,366.7
2025-06-28 12:00:00,362.29
2025-06-28 13:00:00,375.89
2025-06-28 14:00:00,406.61
2025-06-28 15:00:00,377.36
2025-06-28 16:00:00,347.02
2025-06-28 17:00:00,359.34
2025-06-28 18:00:00,424.06
2025-06-28 19:00:00,399.51
2025-06-28 20:00:00,392.07
2025-06-28 21:00:00,368.71
2025-06-28 22:00:00,345.45
2025-06-28 23:00:00,277.43
2025-06-29 00:00:00,246.15
2025-06-29 01:00:00,267.89
2025-06-29 02:00:00,297.44
2025-06-29 03:00:00,279.66
2025-06-29 04:00:00,301.56
2025-06-29 05:00:00,309.55
2025-06-29 06:00:00,349.05
2025-06-29 07:00:00,341.27
2025-06-29 08:00:00,384.41
2025-06-29 09:00:00,403.45
2025-06-29 10:00:00,365.89
2025-06-29 11:00:00,371.5
2025-06-29 12:00:00,383.35
2025-06-29 13:00:00,379.82
2025-06-29 14:00:00,375.35
2025-06-29 15:00:00,374.47
2025-06-29 16:00:00,360.87
2025-06-29 17:00:00,340.36
2025-06-29 18:00:00,435.87
2025-06-29 19:00:00,412.35
2025-06-29 20:00:00,398.58
2025-06-29 21:00:00,383.62
2025-06-29 22:00:00,355.12
2025-06-29 23:00:00,287.59
2025-06-30 00:00:00,310.96
2025-06-30 01:00:00,310.88
2025-06-30 02:00:00,316.91
2025-06-30 03:00:00,324.33
2025-06-30 04:00:00,341.26
2025-06-30 05:00:00,347.43
2025-06-30 06:00:00,359.0
2025-06-30 07:00:00,375.1
2025-06-30 08:00:00,364.39
2025-06-30 09:00:00,406.8
2025-06-30 10:00:00,418.17
2025-06-30 11:00:00,417.63
2025-06-30 12:00:00,397.03
2025-06-30 13:00:00,400.98
2025-06-30 14:00:00,396.32
2025-06-30 15:00:00,393.75
2025-06-30 16:00:00,385.93
2025-06-30 17:00:00,384.77
2025-06-30 18:00:00,450.42
2025-06-30 19:00:00,448.44
2025-06-30 20:00:00,443.6
2025-06-30 21:00:00,444.65
2025-06-30 22:00:00,413.12
2025-06-30 23:00:00,309.7
2025-07-01 00:00:00,295.62
2025-07-01 01:00:00,312.57
2025-07-01 02:00:00,290.83
2025-07-01 03:00:00,325.98
2025-07-01 04:00:00,335.21
2025-07-01 05:00:00,340.11
2025-07-01 06:00:00,346.51
2025-07-01 07:00:00,347.0
2025-07-01 08:00:00,388.45
2025-07-01 09:00:00,385.23
2025-07-01 10:00:00,375.97
2025-07-01 11:00:00,387.11
2025-07-01 12:00:00,386.46
2025-07-01 13:00:00,394.35
2025-07-01 14:00:00,374.87
2025-07-01 15:00:00,385.53
2025-07-01 16:00:00,386.9
2025-07-01 17:00:00,357.2
2025-07-01 18:00:00,481.18
2025-07-01 19:00:00,415.34
2025-07-01 20:00:00,439.85
2025-07-01 21:00:00,423.69
2025-07-01 22:00:00,411.1
2025-07-01 23:00:00,303.38
2025-07-02 00:00:00,280.98
2025-07-02 01:00:00,274.97
2025-07-02 02:00:00,316.23
2025-07-02 03:00:00,326.46
2025-07-02 04:00:00,312.49
2025-07-02 05:00:00,329.39
2025-07-02 06:00:00,333.21
2025-07-02 07:00:00,383.66
2025-07-02 08:00:00,373.88
2025-07-02 09:00:00,350.32
2025-07-02 10:00:00,355.31
2025-07-02 11:00:00,390.6
2025-07-02 12:00:00,413.23
2025-07-02 13:00:00,402.44
2025-07-02 14:00:00,422.34
2025-07-02 15:00:00,392.6
2025-07-02 16:00:00,385.7
2025-07-02 17:00:00,389.25
2025-07-02 18:00:00,438.19
2025-07-02 19:00:00,427.91
2025-07-02 20:00:00,427.49
2025-07-02 21:00:00,414.62
2025-07-02 22:00:00,401.49
2025-07-02 23:00:00,321.44
2025-07-03 00:00:00,291.69
2025-07-03 01:00:00,301.74
2025-07-03 02:00:00,317.56
2025-07-03 03:00:00,331.24
2025-07-03 04:00:00,342.84
2025-07-03 05:00:00,342.41
2025-07-03 06:00:00,357.09
2025-07-03 07:00:00,367.88
2025-07-03 08:00:00,394.0
2025-07-03 09:00:00,406.35
2025-07-03 10:00:00,370.21
2025-07-03 11:00:00,415.72
2025-07-03 12:00:00,373.39
2025-07-03 13:00:00,405.18
2025-07-03 14:00:00,412.17
2025-07-03 15:00:00,348.0
2025-07-03 16:00:00,382.2
2025-07-03 17:00:00,366.9
2025-07-03 18:00:00,457.46
2025-07-03 19:00:00,422.46
2025-07-03 20:00:00,445.92
2025-07-03 21:00:00,427.17
2025-07-03 22:00:00,426.7
2025-07-03 23:00:00,306.5
2025-07-04 00:00:00,296.2
2025-07-04 01:00:00,298.81
2025-07-04 02:00:00,326.16
2025-07-04 03:00:00,278.59
2025-07-04 04:00:00,338.62
2025-07-04 05:00:00,349.41
2025-07-04 06:00:00,354.8
2025-07-04 07:00:00,377.14
2025-07-04 08:00:00,338.22
2025-07-04 09:00:00,358.83
2025-07-04 10:00:00,410.42
2025-07-04 11:00:00,400.06
2025-07-04 12:00:00,401.35
2025-07-04 13:00:00,382.95
2025-07-04 14:00:00,406.12
2025-07-04 15:00:00,400.74
2025-07-04 16:00:00,363.88
2025-07-04 17:00:00,355.6
2025-07-04 18:00:00,433.68
2025-07-04 19:00:00,441.07
2025-07-04 20:00:00,426.53
2025-07-04 21:00:00,433.41
2025-07-04 22:00:00,416.18
2025-07-04 23:00:00,314.62
2025-07-05 00:00:00,276.75
2025-07-05 01:00:00,273.18
2025-07-05 02:00:00,260.18
2025-07-05 03:00:00,276.62
2025-07-05 04:00:00,286.39
2025-07-05 05:00:00,290.78
2025-07-05 06:00:00,301.58
2025-07-05 07:00:00,322.21
2025-07-05 08:00:00,357.26
2025-07-05 09:00:00,344.53
2025-07-05 10:00:00,353.66
2025-07-05 11:00:00,359.47
2025-07-05 12:00:00,368.8
2025-07-05 13:00:00,381.46
2025-07-05 14:00:00,378.98
2025-07-05 15:00:00,378.28
2025-07-05 16:00:00,340.78
2025-07-05 17:00:00,319.72
2025-07-05 18:00:00,427.11
2025-07-05 19:00:00,421.79
2025-07-05 20:00:00,415.48
2025-07-05 21:00:00,401.61
2025-07-05 22:00:00,388.49
2025-07-05 23:00:00,298.31
2025-07-06 00:00:00,267.91
2025-07-06 01:00:00,284.02
2025-07-06 02:00:00,278.86
2025-07-06 03:00:00,296.33
2025-07-06 04:00:00,281.97
2025-07-06 05:00:00,297.48
2025-07-06 06:00:00,322.41
2025-07-06 07:00:00,332.86
2025-07-06 08:00:00,353.18
2025-07-06 09:00:00,357.64
2025-07-06 10:00:00,361.53
2025-07-06 11:00:00,353.39
2025-07-06 12:00:00,368.17
2025-07-06 13:00:00,360.34
2025-07-06 14:00:00,383.18
2025-07-06 15:00:00,348.76
2025-07-06 16:00:00,322.13
2025-07-06 17:00:00,337.83
2025-07-06 18:00:00,407.21
2025-07-06 19:00:00,396.97
2025-07-06 20:00:00,402.2
2025-07-06 21:00:00,395.31
2025-07-06 22:00:00,362.78
2025-07-06 23:00:00,263.83
2025-07-07 00:00:00,295.48
2025-07-07 01:00:00,305.17
2025-07-07 02:00:00,297.92
2025-07-07 03:00:00,335.03
2025-07-07 04:00:00,319.8
2025-07-07 05:00:00,340.07
2025-07-07 06:00:00,355.86
2025-07-07 07:00:00,365.66
2025-07-07 08:00:00,366.59
2025-07-07 09:00:00,394.96
2025-07-07 10:00:00,416.61
2025-07-07 11:00:00,409.6
2025-07-07 12:00:00,384.34
2025-07-07 13:00:00,409.15
2025-07-07 14:00:00,388.78
2025-07-07 15:00:00,395.17
2025-07-07 16:00:00,365.92
2025-07-07 17:00:00,377.7
2025-07-07 18:00:00,459.73
2025-07-07 19:00:00,415.75
2025-07-07 20:00:00,424.09
2025-07-07 21:00:00,402.37
2025-07-07 22:00:00,410.15
2025-07-07 23:00:00,307.0
2025-07-08 00:00:00,281.23
2025-07-08 01:00:00,302.88
2025-07-08 02:00:00,288.51
2025-07-08 03:00:00,302.75
2025-07-08 04:00:00,331.96
2025-07-08 05:00:00,351.14
2025-07-08 06:00:00,356.75
2025-07-08 07:00:00,362.47
2025-07-08 08:00:00,390.68
2025-07-08 09:00:00,369.91
2025-07-08 10:00:00,381.47
2025-07-08 11:00:00,414.35
2025-07-08 12:00:00,428.11
2025-07-08 13:00:00,397.79
2025-07-08 14:00:00,397.65
2025-07-08 15:00:00,396.54
2025-07-08 16:00:00,371.24
2025-07-08 17:00:00,357.82
2025-07-08 18:00:00,429.74
2025-07-08 19:00:00,476.07
2025-07-08 20:00:00,418.03
2025-07-08 21:00:00,424.42
2025-07-08 22:00:00,432.14
2025-07-08 23:00:00,321.74
2025-07-09 00:00:00,314.03
2025-07-09 01:00:00,283.67
2025-07-09 02:00:00,323.05
2025-07-09 03:00:00,308.65
2025-07-09 04:00:00,314.18
2025-07-09 05:00:00,343.28
2025-07-09 06:00:00,334.84
2025-07-09 07:00:00,364.4
2025-07-09 08:00:00,340.27
2025-07-09 09:00:00,380.32
2025-07-09 10:00:00,390.49
2025-07-09 11:00:00,421.37
2025-07-09 12:00:00,380.63
2025-07-09 13:00:00,410.96
2025-07-09 14:00:00,412.08
2025-07-09 15:00:00,388.34
2025-07-09 16:00:00,372.49
2025-07-09 17:00:00,352.18
2025-07-09 18:00:00,453.3
2025-07-09 19:00:00,414.91
2025-07-09 20:00:00,412.04
2025-07-09 21:00:00,421.33
2025-07-09 22:00:00,424.16
2025-07-09 23:00:00,330.2
2025-07-10 00:00:00,311.11
2025-07-10 01:00:00,323.84
2025-07-10 02:00:00,308.83
2025-07-10 03:00:00,327.09
2025-07-10 04:00:00,333.47
2025-07-10 05:00:00,327.59
2025-07-10 06:00:00,359.39
2025-07-10 07:00:00,394.37
2025-07-10 08:00:00,358.55
2025-07-10 09:00:00,413.49
2025-07-10 10:00:00,378.13
2025-07-10 11:00:00,388.05
2025-07-10 12:00:00,396.95
2025-07-10 13:00:00,373.16
2025-07-10 14:00:00,425.35
2025-07-10 15:00:00,368.79
2025-07-10 16:00:00,344.54
2025-07-10 17:00:00,351.46
2025-07-10 18:00:00,471.42
2025-07-10 19:00:00,444.11
2025-07-10 20:00:00,409.2
2025-07-10 21:00:00,402.11
2025-07-10 22:00:00,400.79
2025-07-10 23:00:00,317.19
2025-07-11 00:00:00,321.45
2025-07-11 01:00:00,317.1
2025-07-11 02:00:00,295.8
2025-07-11 03:00:00,284.47
2025-07-11 04:00:00,330.14
2025-07-11 05:00:00,337.58
2025-07-11 06:00:00,334.51
2025-07-11 07:00:00,349.18
2025-07-11 08:00:00,349.78
2025-07-11 09:00:00,399.82
2025-07-11 10:00:00,374.65
2025-07-11 11:00:00,381.88
2025-07-11 12:00:00,390.76
2025-07-11 13:00:00,402.45
2025-07-11 14:00:00,396.64
2025-07-11 15:00:00,392.29
2025-07-11 16:00:00,376.56
2025-07-11 17:00:00,361.92
2025-07-11 18:00:00,433.9
2025-07-11 19:00:00,433.5
2025-07-11 20:00:00,406.47
2025-07-11 21:00:00,416.82
2025-07-11 22:00:00,394.65
2025-07-11 23:00:00,333.6
2025-07-12 00:00:00,263.81
2025-07-12 01:00:00,259.75
2025-07-12 02:00:00,297.15
2025-07-12 03:00:00,307.37
2025-07-12 04:00:00,297.59
2025-07-12 05:00:00,311.5
2025-07-12 06:00:00,324.49
2025-07-12 07:00:00,332.77
2025-07-12 08:00:00,371.72
2025-07-12 09:00:00,338.31
2025-07-12 10:00:00,356.17
2025-07-12 11:00:00,370.57
2025-07-12 12:00:00,369.66
2025-07-12 13:00:00,354.56
2025-07-12 14:00:00,340.98
2025-07-12 15:00:00,380.47
2025-07-12 16:00:00,332.91
2025-07-12 17:00:00,345.68
2025-07-12 18:00:00,418.44
2025-07-12 19:00:00,402.54
2025-07-12 20:00:00,404.47
2025-07-12 21:00:00,410.2
2025-07-12 22:00:00,364.36
2025-07-12 23:00:00,274.16
2025-07-13 00:00:00,260.67
2025-07-13 01:00:00,279.07
2025-07-13 02:00:00,283.09
2025-07-13 03:00:00,276.12
2025-07-13 04:00:00,297.61
2025-07-13 05:00:00,311.07
2025-07-13 06:00:00,325.7
2025-07-13 07:00:00,321.15
2025-07-13 08:00:00,369.01
2025-07-13 09:00:00,368.71
2025-07-13 10:00:00,364.06
2025-07-13 11:00:00,347.26
2025-07-13 12:00:00,386.45
2025-07-13 13:00:00,388.58
2025-07-13 14:00:00,383.08
2025-07-13 15:00:00,370.82
2025-07-13 16:00:00,339.59
2025-07-13 17:00:00,355.42
2025-07-13 18:00:00,425.04
2025-07-13 19:00:00,400.73
2025-07-13 20:00:00,412.31
2025-07-13 21:00:00,390.94
2025-07-13 22:00:00,372.24
2025-07-13 23:00:00,262.3
2025-07-14 00:00:00,285.26
2025-07-14 01:00:00,302.13
2025-07-14 02:00:00,303.81
2025-07-14 03:00:00,288.37
2025-07-14 04:00:00,312.45
2025-07-14 05:00:00,330.81
2025-07-14 06:00:00,354.73
2025-07-14 07:00:00,373.57
2025-07-14 08:00:00,416.1
2025-07-14 09:00:00,399.31
2025-07-14 10:00:00,404.43
2025-07-14 11:00:00,384.94
2025-07-14 12:00:00,421.83
2025-07-14 13:00:00,402.09
2025-07-14 14:00:00,406.69
2025-07-14 15:00:00,384.84
2025-07-14 16:00:00,391.73
2025-07-14 17:00:00,372.66
2025-07-14 18:00:00,455.36
2025-07-14 19:00:00,462.63
2025-07-14 20:00:00,440.12
2025-07-14 21:00:00,399.33
2025-07-14 22:00:00,414.77
2025-07-14 23:00:00,301.21
2025-07-15 00:00:00,298.75
2025-07-15 01:00:00,308.15
2025-07-15 02:00:00,304.36
2025-07-15 03:00:00,328.05
2025-07-15 04:00:00,339.78
2025-07-15 05:00:00,311.41
2025-07-15 06:00:00,351.77
2025-07-15 07:00:00,372.74
2025-07-15 08:00:00,381.92
2025-07-15 09:00:00,392.46
2025-07-15 10:00:00,363.12
2025-07-15 11:00:00,408.52
2025-07-15 12:00:00,407.24
2025-07-15 13:00:00,379.98
2025-07-15 14:00:00,399.54
2025-07-15 15:00:00,363.48
2025-07-15 16:00:00,383.43
2025-07-15 17:00:00,358.87
2025-07-15 18:00:00,440.47
2025-07-15 19:00:00,451.33
2025-07-15 20:00:00,436.03
2025-07-15 21:00:00,420.86
2025-07-15 22:00:00,371.03
2025-07-15 23:00:00,316.54
2025-07-16 00:00:00,317.95
2025-07-16 01:00:00,285.97
2025-07-16 02:00:00,296.59
2025-07-16 03:00:00,303.98
2025-07-16 04:00:00,310.83
2025-07-16 05:00:00,337.91
2025-07-16 06:00:00,345.11
2025-07-16 07:00:00,364.67
2025-07-16 08:00:00,379.66
2025-07-16 09:00:00,392.21
2025-07-16 10:00:00,413.64
2025-07-16 11:00:00,406.21
2025-07-16 12:00:00,430.87
2025-07-16 13:00:00,431.61
2025-07-16 14:00:00,399.71
2025-07-16 15:00:00,380.42
2025-07-16 16:00:00,407.53
2025-07-16 17:00:00,378.96
2025-07-16 18:00:00,405.77
2025-07-16 19:00:00,434.55
2025-07-16 20:00:00,450.64
2025-07-16 21:00:00,441.32
2025-07-16 22:00:00,415.28
2025-07-16 23:00:00,322.24
2025-07-17 00:00:00,291.66
2025-07-17 01:00:00,316.45
2025-07-17 02:00:00,323.32
2025-07-17 03:00:00,323.3
2025-07-17 04:00:00,341.83
2025-07-17 05:00:00,346.01
2025-07-17 06:00:00,326.65
2025-07-17 07:00:00,335.62
2025-07-17 08:00:00,387.65
2025-07-17 09:00:00,376.29
2025-07-17 10:00:00,381.31
2025-07-17 11:00:00,382.72
2025-07-17 12:00:00,408.36
2025-07-17 13:00:00,421.18
2025-07-17 14:00:00,405.95
2025-07-17 15:00:00,342.26
2025-07-17 16:00:00,367.23
2025-07-17 17:00:00,347.83
2025-07-17 18:00:00,479.29
2025-07-17 19:00:00,447.04
2025-07-17 20:00:00,418.18
2025-07-17 21:00:00,414.71
2025-07-17 22:00:00,418.01
2025-07-17 23:00:00,309.49
2025-07-18 00:00:00,290.41
2025-07-18 01:00:00,283.01
2025-07-18 02:00:00,302.32
2025-07-18 03:00:00,311.19
2025-07-18 04:00:00,307.84
2025-07-18 05:00:00,335.26
2025-07-18 06:00:00,370.43
2025-07-18 07:00:00,364.69
2025-07-18 08:00:00,347.26
2025-07-18 09:00:00,404.23
2025-07-18 10:00:00,422.35
2025-07-18 11:00:00,404.18
2025-07-18 12:00:00,415.62
2025-07-18 13:00:00,412.53
2025-07-18 14:00:00,403.47
2025-07-18 15:00:00,384.05
2025-07-18 16:00:00,362.69
2025-07-18 17:00:00,359.44
2025-07-18 18:00:00,470.42
2025-07-18 19:00:00,440.2
2025-07-18 20:00:00,417.45
2025-07-18 21:00:00,426.7
2025-07-18 22:00:00,390.84
2025-07-18 23:00:00,339.86
2025-07-19 00:00:00,267.02
2025-07-19 01:00:00,261.63
2025-07-19 02:00:00,259.79
2025-07-19 03:00:00,268.7
2025-07-19 04:00:00,310.13
2025-07-19 05:00:00,324.77
2025-07-19 06:00:00,315.39
2025-07-19 07:00:00,318.89
2025-07-19 08:00:00,338.47
2025-07-19 09:00:00,353.07
2025-07-19 10:00:00,337.95
2025-07-19 11:00:00,341.3
2025-07-19 12:00:00,367.51
2025-07-19 13:00:00,343.49
2025-07-19 14:00:00,381.74
2025-07-19 15:00:00,342.23
2025-07-19 16:00:00,325.83
2025-07-19 17:00:00,340.7
2025-07-19 18:00:00,429.44
2025-07-19 19:00:00,416.93
2025-07-19 20:00:00,402.88
2025-07-19 21:00:00,398.86
2025-07-19 22:00:00,366.51
2025-07-19 23:00:00,253.28
2025-07-20 00:00:00,276.49
2025-07-20 01:00:00,295.45
2025-07-20 02:00:00,294.23
2025-07-20 03:00:00,262.98
2025-07-20 04:00:00,294.22
2025-07-20 05:00:00,306.75
2025-07-20 06:00:00,331.04
2025-07-20 07:00:00,347.39
2025-07-20 08:00:00,331.48
2025-07-20 09:00:00,361.95
2025-07-20 10:00:00,331.86
2025-07-20 11:00:00,370.97
2025-07-20 12:00:00,360.76
2025-07-20 13:00:00,352.08
2025-07-20 14:00:00,376.88
2025-07-20 15:00:00,332.03
2025-07-20 16:00:00,349.23
2025-07-20 17:00:00,313.77
2025-07-20 18:00:00,428.18
2025-07-20 19:00:00,401.81
2025-07-20 20:00:00,383.59
2025-07-20 21:00:00,394.79
2025-07-20 22:00:00,380.93
2025-07-20 23:00:00,297.22
2025-07-21 00:00:00,275.1
2025-07-21 01:00:00,311.6
2025-07-21 02:00:00,306.07
2025-07-21 03:00:00,311.93
2025-07-21 04:00:00,306.96
2025-07-21 05:00:00,318.41
2025-07-21 06:00:00,342.47
2025-07-21 07:00:00,384.78
2025-07-21 08:00:00,374.56
2025-07-21 09:00:00,357.85
2025-07-21 10:00:00,385.71
2025-07-21 11:00:00,401.93
2025-07-21 12:00:00,378.93
2025-07-21 13:00:00,399.62
2025-07-21 14:00:00,373.01
2025-07-21 15:00:00,397.11
2025-07-21 16:00:00,382.2
2025-07-21 17:00:00,391.33
2025-07-21 18:00:00,479.91
2025-07-21 19:00:00,437.99
2025-07-21 20:00:00,425.39
2025-07-21 21:00:00,382.23
2025-07-21 22:00:00,413.96
2025-07-21 23:00:00,285.52
2025-07-22 00:00:00,299.78
2025-07-22 01:00:00,288.7
2025-07-22 02:00:00,320.32
2025-07-22 03:00:00,340.99
2025-07-22 04:00:00,306.02
2025-07-22 05:00:00,316.22
2025-07-22 06:00:00,334.34
2025-07-22 07:00:00,364.89
2025-07-22 08:00:00,375.62
2025-07-22 09:00:00,393.34
2025-07-22 10:00:00,387.93
2025-07-22 11:00:00,410.44
2025-07-22 12:00:00,410.83
2025-07-22 13:00:00,410.2
2025-07-22 14:00:00,381.7
2025-07-22 15:00:00,391.09
2025-07-22 16:00:00,353.78
2025-07-22 17:00:00,390.87
2025-07-22 18:00:00,453.43
2025-07-22 19:00:00,445.71
2025-07-22 20:00:00,443.54
2025-07-22 21:00:00,399.73
2025-07-22 22:00:00,398.18
2025-07-22 23:00:00,294.92
2025-07-23 00:00:00,267.59
2025-07-23 01:00:00,308.22
2025-07-23 02:00:00,279.83
2025-07-23 03:00:00,314.96
2025-07-23 04:00:00,319.57
2025-07-23 05:00:00,320.02
2025-07-23 06:00:00,337.63
2025-07-23 07:00:00,369.65
2025-07-23 08:00:00,387.33
2025-07-23 09:00:00,366.84
2025-07-23 10:00:00,402.06
2025-07-23 11:00:00,397.13
2025-07-23 12:00:00,398.89
2025-07-23 13:00:00,384.45
2025-07-23 14:00:00,395.31
2025-07-23 15:00:00,373.78
2025-07-23 16:00:00,380.27
2025-07-23 17:00:00,351.93
2025-07-23 18:00:00,449.3
2025-07-23 19:00:00,449.41
2025-07-23 20:00:00,445.69
2025-07-23 21:00:00,422.61
2025-07-23 22:00:00,418.75
2025-07-23 23:00:00,304.48
2025-07-24 00:00:00,287.46
2025-07-24 01:00:00,323.57
2025-07-24 02:00:00,284.65
2025-07-24 03:00:00,320.35
2025-07-24 04:00:00,343.65
2025-07-24 05:00:00,339.14
2025-07-24 06:00:00,342.16
2025-07-24 07:00:00,384.25
2025-07-24 08:00:00,359.82
2025-07-24 09:00:00,371.7
2025-07-24 10:00:00,404.62
2025-07-24 11:00:00,380.95
2025-07-24 12:00:00,381.51
2025-07-24 13:00:00,398.35
2025-07-24 14:00:00,397.7
2025-07-24 15:00:00,379.24
2025-07-24 16:00:00,372.52
2025-07-24 17:00:00,372.39
2025-07-24 18:00:00,455.47
2025-07-24 19:00:00,441.96
2025-07-24 20:00:00,431.35
2025-07-24 21:00:00,426.59
2025-07-24 22:00:00,419.67
2025-07-24 23:00:00,307.38
2025-07-25 00:00:00,290.71
2025-07-25 01:00:00,318.34
2025-07-25 02:00:00,295.32
2025-07-25 03:00:00,284.73
2025-07-25 04:00:00,356.95
2025-07-25 05:00:00,313.15
2025-07-25 06:00:00,340.68
2025-07-25 07:00:00,367.88
2025-07-25 08:00:00,376.48
2025-07-25 09:00:00,387.91
2025-07-25 10:00:00,401.76
2025-07-25 11:00:00,379.54
2025-07-25 12:00:00,388.72
2025-07-25 13:00:00,389.73
2025-07-25 14:00:00,391.23
2025-07-25 15:00:00,372.54
2025-07-25 16:00:00,362.63
2025-07-25 17:00:00,376.11
2025-07-25 18:00:00,459.53
2025-07-25 19:00:00,436.69
2025-07-25 20:00:00,420.86
2025-07-25 21:00:00,435.35
2025-07-25 22:00:00,364.47
2025-07-25 23:00:00,297.99
2025-07-26 00:00:00,271.54
2025-07-26 01:00:00,274.57
2025-07-26 02:00:00,259.94
2025-07-26 03:00:00,287.41
2025-07-26 04:00:00,302.6
2025-07-26 05:00:00,329.71
2025-07-26 06:00:00,319.78
2025-07-26 07:00:00,331.25
2025-07-26 08:00:00,344.86
2025-07-26 09:00:00,379.69
2025-07-26 10:00:00,352.57
2025-07-26 11:00:00,375.71
2025-07-26 12:00:00,346.89
2025-07-26 13:00:00,358.23
2025-07-26 14:00:00,345.83
2025-07-26 15:00:00,348.16
2025-07-26 16:00:00,357.45
2025-07-26 17:00:00,308.04
2025-07-26 18:00:00,435.26
2025-07-26 19:00:00,428.33
2025-07-26 20:00:00,370.75
2025-07-26 21:00:00,398.58
2025-07-26 22:00:00,377.48
2025-07-26 23:00:00,279.19
2025-07-27 00:00:00,258.78
2025-07-27 01:00:00,287.16
2025-07-27 02:00:00,277.04
2025-07-27 03:00:00,293.01
2025-07-27 04:00:00,277.3
2025-07-27 05:00:00,333.49
2025-07-27 06:00:00,328.34
2025-07-27 07:00:00,327.37
2025-07-27 08:00:00,327.39
2025-07-27 09:00:00,350.68
2025-07-27 10:00:00,360.26
2025-07-27 11:00:00,371.46
2025-07-27 12:00:00,346.63
2025-07-27 13:00:00,357.41
2025-07-27 14:00:00,362.06
2025-07-27 15:00:00,343.78
2025-07-27 16:00:00,346.24
2025-07-27 17:00:00,317.7
2025-07-27 18:00:00,426.08
2025-07-27 19:00:00,409.0
2025-07-27 20:00:00,368.01
2025-07-27 21:00:00,377.82
2025-07-27 22:00:00,382.1
2025-07-27 23:00:00,263.05
2025-07-28 00:00:00,296.43
2025-07-28 01:00:00,290.02
2025-07-28 02:00:00,299.92
2025-07-28 03:00:00,315.57
2025-07-28 04:00:00,317.95
2025-07-28 05:00:00,336.53
2025-07-28 06:00:00,353.88
2025-07-28 07:00:00,375.09
2025-07-28 08:00:00,378.25
2025-07-28 09:00:00,378.97
2025-07-28 10:00:00,399.09
2025-07-28 11:00:00,396.62
2025-07-28 12:00:00,373.38
2025-07-28 13:00:00,389.21
2025-07-28 14:00:00,375.9
2025-07-28 15:00:00,383.25
2025-07-28 16:00:00,361.46
2025-07-28 17:00:00,345.52
2025-07-28 18:00:00,472.42
2025-07-28 19:00:00,444.03
2025-07-28 20:00:00,430.19
2025-07-28 21:00:00,441.5
2025-07-28 22:00:00,416.73
2025-07-28 23:00:00,307.62
2025-07-29 00:00:00,303.36
2025-07-29 01:00:00,262.24
2025-07-29 02:00:00,293.02
2025-07-29 03:00:00,315.65
2025-07-29 04:00:00,333.43
2025-07-29 05:00:00,326.03
2025-07-29 06:00:00,341.31
2025-07-29 07:00:00,358.44
2025-07-29 08:00:00,401.35
2025-07-29 09:00:00,395.89
2025-07-29 10:00:00,401.29
2025-07-29 11:00:00,396.45
2025-07-29 12:00:00,390.55
2025-07-29 13:00:00,424.86
2025-07-29 14:00:00,426.38
2025-07-29 15:00:00,381.63
2025-07-29 16:00:00,395.82
2025-07-29 17:00:00,363.94
2025-07-29 18:00:00,447.41
2025-07-29 19:00:00,430.8
2025-07-29 20:00:00,421.5
2025-07-29 21:00:00,421.83
2025-07-29 22:00:00,406.78
2025-07-29 23:00:00,301.17
2025-07-30 00:00:00,280.08
2025-07-30 01:00:00,298.64
2025-07-30 02:00:00,334.18
2025-07-30 03:00:00,288.14
2025-07-30 04:00:00,345.22
2025-07-30 05:00:00,343.49
2025-07-30 06:00:00,351.94
2025-07-30 07:00:00,358.07
2025-07-30 08:00:00,369.78
2025-07-30 09:00:00,385.96
2025-07-30 10:00:00,402.62
2025-07-30 11:00:00,390.47
2025-07-30 12:00:00,403.26
2025-07-30 13:00:00,375.97
2025-07-30 14:00:00,390.28
2025-07-30 15:00:00,364.75
2025-07-30 16:00:00,381.5
2025-07-30 17:00:00,381.37
2025-07-30 18:00:00,451.06
2025-07-30 19:00:00,445.38
2025-07-30 20:00:00,415.61
2025-07-30 21:00:00,409.33
2025-07-30 22:00:00,398.71
2025-07-30 23:00:00,282.56
2025-07-31 00:00:00,315.23
2025-07-31 01:00:00,266.73
2025-07-31 02:00:00,320.72
2025-07-31 03:00:00,312.03
2025-07-31 04:00:00,331.59
2025-07-31 05:00:00,318.39
2025-07-31 06:00:00,350.23
2025-07-31 07:00:00,375.4
2025-07-31 08:00:00,367.6
2025-07-31 09:00:00,378.21
2025-07-31 10:00:00,412.01
2025-07-31 11:00:00,398.33
2025-07-31 12:00:00,413.74
2025-07-31 13:00:00,410.09
2025-07-31 14:00:00,389.72
2025-07-31 15:00:00,384.16
2025-07-31 16:00:00,345.07
2025-07-31 17:00:00,368.19
2025-07-31 18:00:00,464.18
2025-07-31 19:00:00,436.17
2025-07-31 20:00:00,439.35
2025-07-31 21:00:00,412.7
2025-07-31 22:00:00,381.66
2025-07-31 23:00:00,303.84
2025-08-01 00:00:00,312.52
2025-08-01 01:00:00,310.36
2025-08-01 02:00:00,295.05
2025-08-01 03:00:00,340.33
2025-08-01 04:00:00,330.83
2025-08-01 05:00:00,351.06
2025-08-01 06:00:00,366.82
2025-08-01 07:00:00,365.33
2025-08-01 08:00:00,383.61
2025-08-01 09:00:00,406.44
2025-08-01 10:00:00,389.69
2025-08-01 11:00:00,418.72
2025-08-01 12:00:00,416.85
2025-08-01 13:00:00,387.95
2025-08-01 14:00:00,419.7
2025-08-01 15:00:00,363.41
2025-08-01 16:00:00,392.33
2025-08-01 17:00:00,357.96
2025-08-01 18:00:00,483.84
2025-08-01 19:00:00,459.13
2025-08-01 20:00:00,418.93
2025-08-01 21:00:00,445.63
2025-08-01 22:00:00,412.24
2025-08-01 23:00:00,291.67
2025-08-02 00:00:00,275.41
2025-08-02 01:00:00,285.29
2025-08-02 02:00:00,286.82
2025-08-02 03:00:00,270.66
2025-08-02 04:00:00,302.07
2025-08-02 05:00:00,336.17
2025-08-02 06:00:00,310.47
2025-08-02 07:00:00,355.28
2025-08-02 08:00:00,349.32
2025-08-02 09:00:00,375.45
2025-08-02 10:00:00,350.83
2025-08-02 11:00:00,398.54
2025-08-02 12:00:00,352.83
2025-08-02 13:00:00,363.67
2025-08-02 14:00:00,379.47
2025-08-02 15:00:00,355.02
2025-08-02 16:00:00,327.2
2025-08-02 17:00:00,344.27
2025-08-02 18:00:00,441.15
2025-08-02 19:00:00,428.56
2025-08-02 20:00:00,416.14
2025-08-02 21:00:00,342.55
2025-08-02 22:00:00,384.21
2025-08-02 23:00:00,272.94
2025-08-03 00:00:00,285.05
2025-08-03 01:00:00,286.11
2025-08-03 02:00:00,276.97
2025-08-03 03:00:00,292.02
2025-08-03 04:00:00,305.45
2025-08-03 05:00:00,293.95
2025-08-03 06:00:00,332.51
2025-08-03 07:00:00,333.12
2025-08-03 08:00:00,336.88
2025-08-03 09:00:00,361.24
2025-08-03 10:00:00,380.27
2025-08-03 11:00:00,368.93
2025-08-03 12:00:00,367.64
2025-08-03 13:00:00,370.2
2025-08-03 14:00:00,383.3
2025-08-03 15:00:00,349.76
2025-08-03 16:00:00,373.33
2025-08-03 17:00:00,359.5
2025-08-03 18:00:00,406.54
2025-08-03 19:00:00,414.35
2025-08-03 20:00:00,399.25
2025-08-03 21:00:00,390.39
2025-08-03 22:00:00,396.24
2025-08-03 23:00:00,280.76
2025-08-04 00:00:00,307.38
2025-08-04 01:00:00,304.61
2025-08-04 02:00:00,341.83
2025-08-04 03:00:00,328.26
2025-08-04 04:00:00,338.88
2025-08-04 05:00:00,346.71
2025-08-04 06:00:00,377.97
2025-08-04 07:00:00,373.54
2025-08-04 08:00:00,386.45
2025-08-04 09:00:00,394.51
2025-08-04 10:00:00,428.72
2025-08-04 11:00:00,400.06
2025-08-04 12:00:00,384.49
2025-08-04 13:00:00,404.62
2025-08-04 14:00:00,397.89
2025-08-04 15:00:00,398.47
2025-08-04 16:00:00,388.41
2025-08-04 17:00:00,355.04
2025-08-04 18:00:00,461.4
2025-08-04 19:00:00,437.26
2025-08-04 20:00:00,462.01
2025-08-04 21:00:00,440.68
2025-08-04 22:00:00,423.29
2025-08-04 23:00:00,306.38
2025-08-05 00:00:00,314.1
2025-08-05 01:00:00,332.16
2025-08-05 02:00:00,316.08
2025-08-05 03:00:00,324.99
2025-08-05 04:00:00,352.51
2025-08-05 05:00:00,333.45
2025-08-05 06:00:00,363.61
2025-08-05 07:00:00,392.88
2025-08-05 08:00:00,362.86
2025-08-05 09:00:00,399.16
2025-08-05 10:00:00,410.13
2025-08-05 11:00:00,425.53
2025-08-05 12:00:00,418.34
2025-08-05 13:00:00,411.05
2025-08-05 14:00:00,394.04
2025-08-05 15:00:00,375.05
2025-08-05 16:00:00,376.12
2025-08-05 17:00:00,371.42
2025-08-05 18:00:00,463.68
2025-08-05 19:00:00,448.72
2025-08-05 20:00:00,435.7
2025-08-05 21:00:00,413.57
2025-08-05 22:00:00,413.84
2025-08-05 23:00:00,316.24
2025-08-06 00:00:00,303.17
2025-08-06 01:00:00,338.88
2025-08-06 02:00:00,332.82
2025-08-06 03:00:00,310.41
2025-08-06 04:00:00,353.89
2025-08-06 05:00:00,352.8
2025-08-06 06:00:00,357.67
2025-08-06 07:00:00,358.31
2025-08-06 08:00:00,407.92
2025-08-06 09:00:00,382.16
2025-08-06 10:00:00,419.01
2025-08-06 11:00:00,438.62
2025-08-06 12:00:00,403.76
2025-08-06 13:00:00,435.78
2025-08-06 14:00:00,393.71
2025-08-06 15:00:00,392.54
2025-08-06 16:00:00,366.23
2025-08-06 17:00:00,387.44
2025-08-06 18:00:00,468.31
2025-08-06 19:00:00,448.7
2025-08-06 20:00:00,447.78
2025-08-06 21:00:00,451.01
2025-08-06 22:00:00,402.68
2025-08-06 23:00:00,313.66
2025-08-07 00:00:00,284.16
2025-08-07 01:00:00,335.31
2025-08-07 02:00:00,308.91
2025-08-07 03:00:00,343.74
2025-08-07 04:00:00,316.39
2025-08-07 05:00:00,358.16
2025-08-07 06:00:00,343.48
2025-08-07 07:00:00,363.46
2025-08-07 08:00:00,414.61
2025-08-07 09:00:00,408.6
2025-08-07 10:00:00,420.99
2025-08-07 11:00:00,433.01
2025-08-07 12:00:00,438.97
2025-08-07 13:00:00,428.75
2025-08-07 14:00:00,376.85
2025-08-07 15:00:00,391.04
2025-08-07 16:00:00,386.95
2025-08-07 17:00:00,369.99
2025-08-07 18:00:00,471.31
2025-08-07 19:00:00,444.7
2025-08-07 20:00:00,447.09
2025-08-07 21:00:00,426.97
2025-08-07 22:00:00,435.84
2025-08-07 23:00:00,313.18
2025-08-08 00:00:00,283.67
2025-08-08 01:00:00,297.2
2025-08-08 02:00:00,314.8
2025-08-08 03:00:00,341.68
2025-08-08 04:00:00,336.63
2025-08-08 05:00:00,350.73
2025-08-08 06:00:00,381.25
2025-08-08 07:00:00,393.94
2025-08-08 08:00:00,391.7
2025-08-08 09:00:00,396.94
2025-08-08 10:00:00,410.98
2025-08-08 11:00:00,381.2
2025-08-08 12:00:00,433.43
2025-08-08 13:00:00,407.45
2025-08-08 14:00:00,411.67
2025-08-08 15:00:00,389.4
2025-08-08 16:00:00,365.54
2025-08-08 17:00:00,380.81
2025-08-08 18:00:00,465.94
2025-08-08 19:00:00,441.78
2025-08-08 20:00:00,417.57
2025-08-08 21:00:00,437.92
2025-08-08 22:00:00,421.7
2025-08-08 23:00:00,301.45
2025-08-09 00:00:00,271.45
2025-08-09 01:00:00,300.91
2025-08-09 02:00:00,301.77
2025-08-09 03:00:00,295.59
2025-08-09 04:00:00,319.38
2025-08-09 05:00:00,307.27
2025-08-09 06:00:00,294.67
2025-08-09 07:00:00,335.42
2025-08-09 08:00:00,349.74
2025-08-09 09:00:00,335.07
2025-08-09 10:00:00,379.61
2025-08-09 11:00:00,384.33
2025-08-09 12:00:00,364.9
2025-08-09 13:00:00,386.95
2025-08-09 14:00:00,365.13
2025-08-09 15:00:00,383.22
2025-08-09 16:00:00,337.34
2025-08-09 17:00:00,334.62
2025-08-09 18:00:00,423.54
2025-08-09 19:00:00,414.51
2025-08-09 20:00:00,433.33
2025-08-09 21:00:00,402.62
2025-08-09 22:00:00,384.34
2025-08-09 23:00:00,289.98
2025-08-10 00:00:00,277.57
2025-08-10 01:00:00,254.0
2025-08-10 02:00:00,291.23
2025-08-10 03:00:00,303.11
2025-08-10 04:00:00,298.69
2025-08-10 05:00:00,307.63
2025-08-10 06:00:00,333.3
2025-08-10 07:00:00,324.94
2025-08-10 08:00:00,338.77
2025-08-10 09:00:00,362.16
2025-08-10 10:00:00,353.31
2025-08-10 11:00:00,375.94
2025-08-10 12:00:00,370.89
2025-08-10 13:00:00,394.92
2025-08-10 14:00:00,356.45
2025-08-10 15:00:00,353.48
2025-08-10 16:00:00,381.05
2025-08-10 17:00:00,325.45
2025-08-10 18:00:00,442.58
2025-08-10 19:00:00,421.96
2025-08-10 20:00:00,429.53
2025-08-10 21:00:00,403.0
2025-08-10 22:00:00,405.84
2025-08-10 23:00:00,269.25
2025-08-11 00:00:00,334.88
2025-08-11 01:00:00,333.68
2025-08-11 02:00:00,324.76
2025-08-11 03:00:00,347.04
2025-08-11 04:00:00,350.73
2025-08-11 05:00:00,349.22
2025-08-11 06:00:00,362.21
2025-08-11 07:00:00,388.64
2025-08-11 08:00:00,394.18
2025-08-11 09:00:00,406.6
2025-08-11 10:00:00,412.48
2025-08-11 11:00:00,441.74
2025-08-11 12:00:00,417.27
2025-08-11 13:00:00,427.35
2025-08-11 14:00:00,400.51
2025-08-11 15:00:00,399.83
2025-08-11 16:00:00,406.78
2025-08-11 17:00:00,373.31
2025-08-11 18:00:00,454.7
2025-08-11 19:00:00,457.02
2025-08-11 20:00:00,441.74
2025-08-11 21:00:00,433.22
2025-08-11 22:00:00,376.18
2025-08-11 23:00:00,339.7
2025-08-12 00:00:00,317.83
2025-08-12 01:00:00,331.38
2025-08-12 02:00:00,325.66
2025-08-12 03:00:00,321.17
2025-08-12 04:00:00,343.83
2025-08-12 05:00:00,361.2
2025-08-12 06:00:00,353.74
2025-08-12 07:00:00,367.74
2025-08-12 08:00:00,383.52
2025-08-12 09:00:00,349.91
2025-08-12 10:00:00,414.12
2025-08-12 11:00:00,391.51
2025-08-12 12:00:00,416.62
2025-08-12 13:00:00,435.24
2025-08-12 14:00:00,413.78
2025-08-12 15:00:00,411.99
2025-08-12 16:00:00,385.45
2025-08-12 17:00:00,367.85
2025-08-12 18:00:00,462.51
2025-08-12 19:00:00,486.27
2025-08-12 20:00:00,456.54
2025-08-12 21:00:00,399.72
2025-08-12 22:00:00,420.15
2025-08-12 23:00:00,318.4
2025-08-13 00:00:00,300.14
2025-08-13 01:00:00,303.6
2025-08-13 02:00:00,305.26
2025-08-13 03:00:00,364.47
2025-08-13 04:00:00,348.99
2025-08-13 05:00:00,328.7
2025-08-13 06:00:00,375.98
2025-08-13 07:00:00,367.96
2025-08-13 08:00:00,400.14
2025-08-13 09:00:00,375.27
2025-08-13 10:00:00,428.86
2025-08-13 11:00:00,409.22
2025-08-13 12:00:00,412.54
2025-08-13 13:00:00,418.01
2025-08-13 14:00:00,431.94
2025-08-13 15:00:00,402.29
2025-08-13 16:00:00,387.09
2025-08-13 17:00:00,389.26
2025-08-13 18:00:00,440.04
2025-08-13 19:00:00,444.69
2025-08-13 20:00:00,422.68
2025-08-13 21:00:00,428.6
2025-08-13 22:00:00,423.22
2025-08-13 23:00:00,323.12
2025-08-14 00:00:00,326.1
2025-08-14 01:00:00,291.54
2025-08-14 02:00:00,321.54
2025-08-14 03:00:00,343.85
2025-08-14 04:00:00,331.38
2025-08-14 05:00:00,363.96
2025-08-14 06:00:00,360.31
2025-08-14 07:00:00,374.27
2025-08-14 08:00:00,379.61
2025-08-14 09:00:00,388.03
2025-08-14 10:00:00,392.75
2025-08-14 11:00:00,412.12
2025-08-14 12:00:00,406.1
2025-08-14 13:00:00,396.89
2025-08-14 14:00:00,381.47
2025-08-14 15:00:00,368.07
2025-08-14 16:00:00,381.11
2025-08-14 17:00:00,371.56
2025-08-14 18:00:00,470.93
2025-08-14 19:00:00,437.47
2025-08-14 20:00:00,445.74
2025-08-14 21:00:00,421.76
2025-08-14 22:00:00,428.87
2025-08-14 23:00:00,311.98
2025-08-15 00:00:00,290.4
2025-08-15 01:00:00,304.66
2025-08-15 02:00:00,296.93
2025-08-15 03:00:00,336.7
2025-08-15 04:00:00,350.5
2025-08-15 05:00:00,368.97
2025-08-15 06:00:00,365.26
2025-08-15 07:00:00,389.18
2025-08-15 08:00:00,382.09
2025-08-15 09:00:00,412.8
2025-08-15 10:00:00,398.77
2025-08-15 11:00:00,412.72
2025-08-15 12:00:00,410.37
2025-08-15 13:00:00,416.23
2025-08-15 14:00:00,415.14
2025-08-15 15:00:00,395.61
2025-08-15 16:00:00,373.42
2025-08-15 17:00:00,393.51
2025-08-15 18:00:00,480.38
2025-08-15 19:00:00,462.81
2025-08-15 20:00:00,421.33
2025-08-15 21:00:00,424.13
2025-08-15 22:00:00,430.49
2025-08-15 23:00:00,295.27
2025-08-16 00:00:00,266.62
2025-08-16 01:00:00,295.11
2025-08-16 02:00:00,283.71
2025-08-16 03:00:00,287.22
2025-08-16 04:00:00,308.66
2025-08-16 05:00:00,307.56
2025-08-16 06:00:00,330.64
2025-08-16 07:00:00,351.71
2025-08-16 08:00:00,335.0
2025-08-16 09:00:00,368.03
2025-08-16 10:00:00,380.85
2025-08-16 11:00:00,366.42
2025-08-16 12:00:00,389.26
2025-08-16 13:00:00,378.7
2025-08-16 14:00:00,355.41
2025-08-16 15:00:00,372.14
2025-08-16 16:00:00,368.29
2025-08-16 17:00:00,326.3
2025-08-16 18:00:00,437.53
2025-08-16 19:00:00,414.75
2025-08-16 20:00:00,430.06
2025-08-16 21:00:00,401.63
2025-08-16 22:00:00,360.03
2025-08-16 23:00:00,268.75
2025-08-17 00:00:00,297.39
2025-08-17 01:00:00,302.96
2025-08-17 02:00:00,264.62
2025-08-17 03:00:00,277.0
2025-08-17 04:00:00,326.58
2025-08-17 05:00:00,338.93
2025-08-17 06:00:00,327.32
2025-08-17 07:00:00,353.46
2025-08-17 08:00:00,352.91
2025-08-17 09:00:00,372.61
2025-08-17 10:00:00,368.58
2025-08-17 11:00:00,377.0
2025-08-17 12:00:00,394.43
2025-08-17 13:00:00,376.29
2025-08-17 14:00:00,356.36
2025-08-17 15:00:00,360.93
2025-08-17 16:00:00,320.82
2025-08-17 17:00:00,342.99
2025-08-17 18:00:00,432.54
2025-08-17 19:00:00,409.9
2025-08-17 20:00:00,384.9
2025-08-17 21:00:00,399.86
2025-08-17 22:00:00,384.54
2025-08-17 23:00:00,276.76
2025-08-18 00:00:00,302.93
2025-08-18 01:00:00,326.86
2025-08-18 02:00:00,324.25
2025-08-18 03:00:00,326.39
2025-08-18 04:00:00,340.7
2025-08-18 05:00:00,366.51
2025-08-18 06:00:00,330.16
2025-08-18 07:00:00,372.04
2025-08-18 08:00:00,371.1
2025-08-18 09:00:00,360.89
2025-08-18 10:00:00,422.67
2025-08-18 11:00:00,440.82
2025-08-18 12:00:00,412.81
2025-08-18 13:00:00,432.13
2025-08-18 14:00:00,406.62
2025-08-18 15:00:00,409.36
2025-08-18 16:00:00,392.58
2025-08-18 17:00:00,366.8
2025-08-18 18:00:00,449.68
2025-08-18 19:00:00,466.9
2025-08-18 20:00:00,447.18
2025-08-18 21:00:00,442.2
2025-08-18 22:00:00,408.1
2025-08-18 23:00:00,329.72
2025-08-19 00:00:00,309.11
2025-08-19 01:00:00,324.46
2025-08-19 02:00:00,324.68
2025-08-19 03:00:00,321.56
2025-08-19 04:00:00,349.15
2025-08-19 05:00:00,349.02
2025-08-19 06:00:00,332.37
2025-08-19 07:00:00,355.29
2025-08-19 08:00:00,395.41
2025-08-19 09:00:00,380.28
2025-08-19 10:00:00,400.88
2025-08-19 11:00:00,431.0
2025-08-19 12:00:00,414.9
2025-08-19 13:00:00,406.65
2025-08-19 14:00:00,395.06
2025-08-19 15:00:00,392.72
2025-08-19 16:00:00,374.63
2025-08-19 17:00:00,382.01
2025-08-19 18:00:00,483.98
2025-08-19 19:00:00,448.08
2025-08-19 20:00:00,414.38
2025-08-19 21:00:00,445.16
2025-08-19 22:00:00,409.05
2025-08-19 23:00:00,301.56
2025-08-20 00:00:00,313.06
2025-08-20 01:00:00,297.6
2025-08-20 02:00:00,312.14
2025-08-20 03:00:00,312.42
2025-08-20 04:00:00,326.28
2025-08-20 05:00:00,332.53
2025-08-20 06:00:00,371.73
2025-08-20 07:00:00,375.26
2025-08-20 08:00:00,376.87
2025-08-20 09:00:00,397.31
2025-08-20 10:00:00,404.6
2025-08-20 11:00:00,383.92
2025-08-20 12:00:00,429.43
2025-08-20 13:00:00,427.65
2025-08-20 14:00:00,423.09
2025-08-20 15:00:00,388.24
2025-08-20 16:00:00,391.87
2025-08-20 17:00:00,358.96
2025-08-20 18:00:00,442.53
2025-08-20 19:00:00,457.15
2025-08-20 20:00:00,413.66
2025-08-20 21:00:00,423.93
2025-08-20 22:00:00,423.26
2025-08-20 23:00:00,293.14
2025-08-21 00:00:00,320.05
2025-08-21 01:00:00,327.31
2025-08-21 02:00:00,315.82
2025-08-21 03:00:00,309.97
2025-08-21 04:00:00,366.12
2025-08-21 05:00:00,347.16
2025-08-21 06:00:00,372.53
2025-08-21 07:00:00,366.57
2025-08-21 08:00:00,370.85
2025-08-21 09:00:00,406.89
2025-08-21 10:00:00,394.31
2025-08-21 11:00:00,392.96
2025-08-21 12:00:00,443.45
2025-08-21 13:00:00,415.16
2025-08-21 14:00:00,420.85
2025-08-21 15:00:00,396.86
2025-08-21 16:00:00,362.4
2025-08-21 17:00:00,388.94
2025-08-21 18:00:00,459.09
2025-08-21 19:00:00,431.32
2025-08-21 20:00:00,413.28
2025-08-21 21:00:00,397.21
2025-08-21 22:00:00,406.17
2025-08-21 23:00:00,313.94
2025-08-22 00:00:00,295.76
2025-08-22 01:00:00,312.58
2025-08-22 02:00:00,320.28
2025-08-22 03:00:00,344.75
2025-08-22 04:00:00,362.78
2025-08-22 05:00:00,356.54
2025-08-22 06:00:00,353.96
2025-08-22 07:00:00,378.78
2025-08-22 08:00:00,403.02
2025-08-22 09:00:00,386.67
2025-08-22 10:00:00,419.47
2025-08-22 11:00:00,398.17
2025-08-22 12:00:00,436.58
2025-08-22 13:00:00,400.17
2025-08-22 14:00:00,418.93
2025-08-22 15:00:00,397.86
2025-08-22 16:00:00,374.55
2025-08-22 17:00:00,387.0
2025-08-22 18:00:00,466.4
2025-08-22 19:00:00,433.87
2025-08-22 20:00:00,426.94
2025-08-22 21:00:00,410.28
2025-08-22 22:00:00,409.19
2025-08-22 23:00:00,336.69
2025-08-23 00:00:00,287.68
2025-08-23 01:00:00,266.3
2025-08-23 02:00:00,270.46
2025-08-23 03:00:00,297.51
2025-08-23 04:00:00,315.13
2025-08-23 05:00:00,315.26
2025-08-23 06:00:00,321.02
2025-08-23 07:00:00,346.49
2025-08-23 08:00:00,327.98
2025-08-23 09:00:00,352.89
2025-08-23 10:00:00,380.07
2025-08-23 11:00:00,361.46
2025-08-23 12:00:00,371.46
2025-08-23 13:00:00,405.59
2025-08-23 14:00:00,350.36
2025-08-23 15:00:00,385.3
2025-08-23 16:00:00,336.38
2025-08-23 17:00:00,356.75
2025-08-23 18:00:00,419.46
2025-08-23 19:00:00,412.29
2025-08-23 20:00:00,399.54
2025-08-23 21:00:00,418.17
2025-08-23 22:00:00,384.3
2025-08-23 23:00:00,274.27
2025-08-24 00:00:00,295.24
2025-08-24 01:00:00,274.76
2025-08-24 02:00:00,293.75
2025-08-24 03:00:00,279.38
2025-08-24 04:00:00,300.87
2025-08-24 05:00:00,308.73
2025-08-24 06:00:00,331.78
2025-08-24 07:00:00,350.71
2025-08-24 08:00:00,363.41
2025-08-24 09:00:00,368.71
2025-08-24 10:00:00,369.45
2025-08-24 11:00:00,385.24
2025-08-24 12:00:00,365.1
2025-08-24 13:00:00,394.99
2025-08-24 14:00:00,374.17
2025-08-24 15:00:00,367.72
2025-08-24 16:00:00,354.33
2025-08-24 17:00:00,342.94
2025-08-24 18:00:00,440.79
2025-08-24 19:00:00,397.66
2025-08-24 20:00:00,416.35
2025-08-24 21:00:00,395.19
2025-08-24 22:00:00,391.25
2025-08-24 23:00:00,313.36
2025-08-25 00:00:00,303.0
2025-08-25 01:00:00,291.93
2025-08-25 02:00:00,346.02
2025-08-25 03:00:00,316.58
2025-08-25 04:00:00,333.7
2025-08-25 05:00:00,351.18
2025-08-25 06:00:00,367.28
2025-08-25 07:00:00,378.1
2025-08-25 08:00:00,383.97
2025-08-25 09:00:00,395.11
2025-08-25 10:00:00,433.49
2025-08-25 11:00:00,394.7
2025-08-25 12:00:00,394.57
2025-08-25 13:00:00,411.99
2025-08-25 14:00:00,419.52
2025-08-25 15:00:00,364.97
2025-08-25 16:00:00,405.61
2025-08-25 17:00:00,380.05
2025-08-25 18:00:00,471.21
2025-08-25 19:00:00,454.05
2025-08-25 20:00:00,432.28
2025-08-25 21:00:00,414.07
2025-08-25 22:00:00,389.63
2025-08-25 23:00:00,300.02
2025-08-26 00:00:00,300.0
2025-08-26 01:00:00,307.91
2025-08-26 02:00:00,348.68
2025-08-26 03:00:00,319.86
2025-08-26 04:00:00,305.96
2025-08-26 05:00:00,359.32
2025-08-26 06:00:00,357.61
2025-08-26 07:00:00,356.38
2025-08-26 08:00:00,372.92
2025-08-26 09:00:00,397.57
2025-08-26 10:00:00,423.5
2025-08-26 11:00:00,421.21
2025-08-26 12:00:00,410.26
2025-08-26 13:00:00,410.11
2025-08-26 14:00:00,398.11
2025-08-26 15:00:00,379.26
2025-08-26 16:00:00,369.15
2025-08-26 17:00:00,352.1
2025-08-26 18:00:00,444.41
2025-08-26 19:00:00,458.02
2025-08-26 20:00:00,449.46
2025-08-26 21:00:00,438.78
2025-08-26 22:00:00,421.97
2025-08-26 23:00:00,327.02
2025-08-27 00:00:00,308.55
2025-08-27 01:00:00,293.95
2025-08-27 02:00:00,306.95
2025-08-27 03:00:00,335.69
2025-08-27 04:00:00,349.37
2025-08-27 05:00:00,345.81
2025-08-27 06:00:00,371.06
2025-08-27 07:00:00,384.34
2025-08-27 08:00:00,362.34
2025-08-27 09:00:00,379.15
2025-08-27 10:00:00,404.06
2025-08-27 11:00:00,379.38
2025-08-27 12:00:00,400.02
2025-08-27 13:00:00,388.69
2025-08-27 14:00:00,405.11
2025-08-27 15:00:00,406.07
2025-08-27 16:00:00,372.04
2025-08-27 17:00:00,364.83
2025-08-27 18:00:00,444.98
2025-08-27 19:00:00,444.75
2025-08-27 20:00:00,432.41
2025-08-27 21:00:00,433.36
2025-08-27 22:00:00,405.66
2025-08-27 23:00:00,309.87
2025-08-28 00:00:00,312.07
2025-08-28 01:00:00,299.12
2025-08-28 02:00:00,326.14
2025-08-28 03:00:00,312.22
2025-08-28 04:00:00,363.23
2025-08-28 05:00:00,345.34
2025-08-28 06:00:00,364.27
2025-08-28 07:00:00,370.8
2025-08-28 08:00:00,412.09
2025-08-28 09:00:00,407.99
2025-08-28 10:00:00,417.93
2025-08-28 11:00:00,413.15
2025-08-28 12:00:00,440.26
2025-08-28 13:00:00,391.1
2025-08-28 14:00:00,391.57
2025-08-28 15:00:00,400.53
2025-08-28 16:00:00,367.38
2025-08-28 17:00:00,362.59
2025-08-28 18:00:00,474.75
2025-08-28 19:00:00,439.82
2025-08-28 20:00:00,431.21
2025-08-28 21:00:00,407.56
2025-08-28 22:00:00,405.7
2025-08-28 23:00:00,345.89
2025-08-29 00:00:00,276.72
2025-08-29 01:00:00,335.21
2025-08-29 02:00:00,344.05
2025-08-29 03:00:00,313.78
2025-08-29 04:00:00,311.81
2025-08-29 05:00:00,350.86
2025-08-29 06:00:00,361.42
2025-08-29 07:00:00,372.06
2025-08-29 08:00:00,399.95
2025-08-29 09:00:00,392.91
2025-08-29 10:00:00,428.13
2025-08-29 11:00:00,417.13
2025-08-29 12:00:00,401.45
2025-08-29 13:00:00,394.07
2025-08-29 14:00:00,375.51
2025-08-29 15:00:00,400.32
2025-08-29 16:00:00,364.21
2025-08-29 17:00:00,367.78
2025-08-29 18:00:00,465.41
2025-08-29 19:00:00,442.11
2025-08-29 20:00:00,447.75
2025-08-29 21:00:00,459.26
2025-08-29 22:00:00,428.32
2025-08-29 23:00:00,302.77
2025-08-30 00:00:00,282.1
2025-08-30 01:00:00,273.35
2025-08-30 02:00:00,308.62
2025-08-30 03:00:00,304.48
2025-08-30 04:00:00,336.2
2025-08-30 05:00:00,329.24
2025-08-30 06:00:00,319.4
2025-08-30 07:00:00,338.31
2025-08-30 08:00:00,337.23
2025-08-30 09:00:00,351.62
2025-08-30 10:00:00,365.92
2025-08-30 11:00:00,360.38
2025-08-30 12:00:00,396.06
2025-08-30 13:00:00,378.95
2025-08-30 14:00:00,353.39
2025-08-30 15:00:00,371.15
2025-08-30 16:00:00,362.82
2025-08-30 17:00:00,369.62
2025-08-30 18:00:00,459.66
2025-08-30 19:00:00,416.18
2025-08-30 20:00:00,404.72
2025-08-30 21:00:00,392.6
2025-08-30 22:00:00,384.09
2025-08-30 23:00:00,275.57
2025-08-31 00:00:00,270.87
2025-08-31 01:00:00,275.49
2025-08-31 02:00:00,280.92
2025-08-31 03:00:00,296.58
2025-08-31 04:00:00,329.94
2025-08-31 05:00:00,323.61
2025-08-31 06:00:00,325.98
2025-08-31 07:00:00,365.96
2025-08-31 08:00:00,369.03
2025-08-31 09:00:00,368.7
2025-08-31 10:00:00,378.05
2025-08-31 11:00:00,387.53
2025-08-31 12:00:00,364.04
2025-08-31 13:00:00,385.08
2025-08-31 14:00:00,377.83
2025-08-31 15:00:00,343.95
2025-08-31 16:00:00,369.44
2025-08-31 17:00:00,350.49
2025-08-31 18:00:00,443.79
2025-08-31 19:00:00,418.86
2025-08-31 20:00:00,439.3
2025-08-31 21:00:00,395.81
2025-08-31 22:00:00,388.7
2025-08-31 23:00:00,291.99
2025-09-01 00:00:00,351.3
2025-09-01 01:00:00,345.04
2025-09-01 02:00:00,336.4
2025-09-01 03:00:00,345.1
2025-09-01 04:00:00,398.55
2025-09-01 05:00:00,403.95
2025-09-01 06:00:00,399.23
2025-09-01 07:00:00,397.49
2025-09-01 08:00:00,411.63
2025-09-01 09:00:00,426.74
2025-09-01 10:00:00,451.72
2025-09-01 11:00:00,440.4
2025-09-01 12:00:00,449.11
2025-09-01 13:00:00,446.36
2025-09-01 14:00:00,419.08
2025-09-01 15:00:00,435.67
2025-09-01 16:00:00,401.68
2025-09-01 17:00:00,404.57
2025-09-01 18:00:00,512.64
2025-09-01 19:00:00,479.02
2025-09-01 20:00:00,466.49
2025-09-01 21:00:00,430.5
2025-09-01 22:00:00,424.31
2025-09-01 23:00:00,333.15
2025-09-02 00:00:00,341.63
2025-09-02 01:00:00,340.65
2025-09-02 02:00:00,342.55
2025-09-02 03:00:00,346.88
2025-09-02 04:00:00,356.69
2025-09-02 05:00:00,379.98
2025-09-02 06:00:00,392.19
2025-09-02 07:00:00,408.22
2025-09-02 08:00:00,421.48
2025-09-02 09:00:00,429.72
2025-09-02 10:00:00,445.4
2025-09-02 11:00:00,438.1
2025-09-02 12:00:00,452.69
2025-09-02 13:00:00,446.53
2025-09-02 14:00:00,432.24
2025-09-02 15:00:00,422.98
2025-09-02 16:00:00,423.13
2025-09-02 17:00:00,429.91
2025-09-02 18:00:00,497.87
2025-09-02 19:00:00,487.01
2025-09-02 20:00:00,477.84
2025-09-02 21:00:00,456.42
2025-09-02 22:00:00,451.06
2025-09-02 23:00:00,351.29
2025-09-03 00:00:00,312.6
2025-09-03 01:00:00,351.38
2025-09-03 02:00:00,329.61
2025-09-03 03:00:00,348.21
2025-09-03 04:00:00,399.83
2025-09-03 05:00:00,334.47
2025-09-03 06:00:00,389.05
2025-09-03 07:00:00,399.97
2025-09-03 08:00:00,408.23
2025-09-03 09:00:00,413.83
2025-09-03 10:00:00,423.6
2025-09-03 11:00:00,393.73
2025-09-03 12:00:00,461.16
2025-09-03 13:00:00,443.38
2025-09-03 14:00:00,419.19
2025-09-03 15:00:00,446.0
2025-09-03 16:00:00,415.95
2025-09-03 17:00:00,400.99
2025-09-03 18:00:00,492.49
2025-09-03 19:00:00,490.63
2025-09-03 20:00:00,482.86
2025-09-03 21:00:00,457.31
2025-09-03 22:00:00,423.73
2025-09-03 23:00:00,330.07
2025-09-04 00:00:00,369.82
2025-09-04 01:00:00,347.36
2025-09-04 02:00:00,362.1
2025-09-04 03:00:00,356.67
2025-09-04 04:00:00,395.27
2025-09-04 05:00:00,387.88
2025-09-04 06:00:00,392.57
2025-09-04 07:00:00,413.96
2025-09-04 08:00:00,433.72
2025-09-04 09:00:00,423.47
2025-09-04 10:00:00,409.63
2025-09-04 11:00:00,435.5
2025-09-04 12:00:00,431.42
2025-09-04 13:00:00,443.84
2025-09-04 14:00:00,428.37
2025-09-04 15:00:00,435.07
2025-09-04 16:00:00,417.04
2025-09-04 17:00:00,412.72
2025-09-04 18:00:00,470.5
2025-09-04 19:00:00,466.33
2025-09-04 20:00:00,463.6
2025-09-04 21:00:00,483.21
2025-09-04 22:00:00,432.75
2025-09-04 23:00:00,312.89
2025-09-05 00:00:00,348.8
2025-09-05 01:00:00,342.73
2025-09-05 02:00:00,393.49
2025-09-05 03:00:00,342.21
2025-09-05 04:00:00,400.6
2025-09-05 05:00:00,406.28
2025-09-05 06:00:00,395.07
2025-09-05 07:00:00,418.96
2025-09-05 08:00:00,403.45
2025-09-05 09:00:00,438.36
2025-09-05 10:00:00,427.27
2025-09-05 11:00:00,459.26
2025-09-05 12:00:00,422.82
2025-09-05 13:00:00,439.49
2025-09-05 14:00:00,438.5
2025-09-05 15:00:00,426.01
2025-09-05 16:00:00,439.09
2025-09-05 17:00:00,407.48
2025-09-05 18:00:00,509.99
2025-09-05 19:00:00,473.55
2025-09-05 20:00:00,470.22
2025-09-05 21:00:00,437.54
2025-09-05 22:00:00,466.65
2025-09-05 23:00:00,353.56
2025-09-06 00:00:00,293.85
2025-09-06 01:00:00,319.11
2025-09-06 02:00:00,294.29
2025-09-06 03:00:00,321.11
2025-09-06 04:00:00,312.8
2025-09-06 05:00:00,334.3
2025-09-06 06:00:00,367.32
2025-09-06 07:00:00,402.17
2025-09-06 08:00:00,377.51
2025-09-06 09:00:00,373.63
2025-09-06 10:00:00,388.25
2025-09-06 11:00:00,395.45
2025-09-06 12:00:00,413.84
2025-09-06 13:00:00,398.33
2025-09-06 14:00:00,418.33
2025-09-06 15:00:00,398.78
2025-09-06 16:00:00,386.25
2025-09-06 17:00:00,398.49
2025-09-06 18:00:00,455.16
2025-09-06 19:00:00,445.55
2025-09-06 20:00:00,465.6
2025-09-06 21:00:00,411.65
2025-09-06 22:00:00,397.82
2025-09-06 23:00:00,323.44
2025-09-07 00:00:00,311.89
2025-09-07 01:00:00,345.97
2025-09-07 02:00:00,316.89
2025-09-07 03:00:00,332.43
2025-09-07 04:00:00,338.26
2025-09-07 05:00:00,331.52
2025-09-07 06:00:00,350.42
2025-09-07 07:00:00,376.82
2025-09-07 08:00:00,368.6
2025-09-07 09:00:00,409.02
2025-09-07 10:00:00,385.97
2025-09-07 11:00:00,420.24
2025-09-07 12:00:00,417.76
2025-09-07 13:00:00,422.98
2025-09-07 14:00:00,435.96
2025-09-07 15:00:00,390.55
2025-09-07 16:00:00,412.56
2025-09-07 17:00:00,377.69
2025-09-07 18:00:00,444.33
2025-09-07 19:00:00,434.34
2025-09-07 20:00:00,441.29
2025-09-07 21:00:00,446.21
2025-09-07 22:00:00,430.66
2025-09-07 23:00:00,319.14
2025-09-08 00:00:00,331.82
2025-09-08 01:00:00,344.61
2025-09-08 02:00:00,343.74
2025-09-08 03:00:00,336.25
2025-09-08 04:00:00,359.07
2025-09-08 05:00:00,360.7
2025-09-08 06:00:00,381.59
2025-09-08 07:00:00,397.69
2025-09-08 08:00:00,417.42
2025-09-08 09:00:00,406.39
2025-09-08 10:00:00,400.41
2025-09-08 11:00:00,442.13
2025-09-08 12:00:00,463.99
2025-09-08 13:00:00,436.39
2025-09-08 14:00:00,455.79
2025-09-08 15:00:00,411.98
2025-09-08 16:00:00,411.98
2025-09-08 17:00:00,388.55
2025-09-08 18:00:00,451.21
2025-09-08 19:00:00,470.65
2025-09-08 20:00:00,472.34
2025-09-08 21:00:00,424.85
2025-09-08 22:00:00,453.36
2025-09-08 23:00:00,338.36
2025-09-09 00:00:00,373.83
2025-09-09 01:00:00,353.13
2025-09-09 02:00:00,352.09
2025-09-09 03:00:00,347.14
2025-09-09 04:00:00,362.99
2025-09-09 05:00:00,373.11
2025-09-09 06:00:00,387.6
2025-09-09 07:00:00,415.71
2025-09-09 08:00:00,431.95
2025-09-09 09:00:00,418.72
2025-09-09 10:00:00,421.59
2025-09-09 11:00:00,443.1
2025-09-09 12:00:00,452.01
2025-09-09 13:00:00,417.96
2025-09-09 14:00:00,428.83
2025-09-09 15:00:00,431.35
2025-09-09 16:00:00,422.28
2025-09-09 17:00:00,409.33
2025-09-09 18:00:00,504.49
2025-09-09 19:00:00,465.88
2025-09-09 20:00:00,477.64
2025-09-09 21:00:00,454.11
2025-09-09 22:00:00,457.72
2025-09-09 23:00:00,353.54
2025-09-10 00:00:00,327.85
2025-09-10 01:00:00,333.28
2025-09-10 02:00:00,362.66
2025-09-10 03:00:00,342.07
2025-09-10 04:00:00,373.21
2025-09-10 05:00:00,385.31
2025-09-10 06:00:00,383.78
2025-09-10 07:00:00,383.72
2025-09-10 08:00:00,398.58
2025-09-10 09:00:00,445.6
2025-09-10 10:00:00,409.82
2025-09-10 11:00:00,417.99
2025-09-10 12:00:00,431.65
2025-09-10 13:00:00,466.0
2025-09-10 14:00:00,458.48
2025-09-10 15:00:00,428.29
2025-09-10 16:00:00,430.7
2025-09-10 17:00:00,393.74
2025-09-10 18:00:00,514.22
2025-09-10 19:00:00,495.37
2025-09-10 20:00:00,484.91
2025-09-10 21:00:00,460.0
2025-09-10 22:00:00,447.28
2025-09-10 23:00:00,329.6
2025-09-11 00:00:00,352.6
2025-09-11 01:00:00,342.83
2025-09-11 02:00:00,328.14
2025-09-11 03:00:00,345.31
2025-09-11 04:00:00,351.11
2025-09-11 05:00:00,392.41
2025-09-11 06:00:00,431.03
2025-09-11 07:00:00,394.12
2025-09-11 08:00:00,416.34
2025-09-11 09:00:00,423.96
2025-09-11 10:00:00,459.04
2025-09-11 11:00:00,440.38
2025-09-11 12:00:00,421.26
2025-09-11 13:00:00,406.73
2025-09-11 14:00:00,424.03
2025-09-11 15:00:00,401.07
2025-09-11 16:00:00,416.41
2025-09-11 17:00:00,414.7
2025-09-11 18:00:00,472.21
2025-09-11 19:00:00,482.77
2025-09-11 20:00:00,454.37
2025-09-11 21:00:00,465.25
2025-09-11 22:00:00,430.46
2025-09-11 23:00:00,342.19
2025-09-12 00:00:00,328.71
2025-09-12 01:00:00,332.68
2025-09-12 02:00:00,358.13
2025-09-12 03:00:00,345.11
2025-09-12 04:00:00,360.04
2025-09-12 05:00:00,362.68
2025-09-12 06:00:00,397.04
2025-09-12 07:00:00,381.55
2025-09-12 08:00:00,425.62
2025-09-12 09:00:00,405.62
2025-09-12 10:00:00,447.31
2025-09-12 11:00:00,437.62
2025-09-12 12:00:00,449.89
2025-09-12 13:00:00,433.03
2025-09-12 14:00:00,428.27
2025-09-12 15:00:00,445.74
2025-09-12 16:00:00,420.83
2025-09-12 17:00:00,384.11
2025-09-12 18:00:00,478.17
2025-09-12 19:00:00,464.41
2025-09-12 20:00:00,460.69
2025-09-12 21:00:00,471.37
2025-09-12 22:00:00,423.16
2025-09-12 23:00:00,329.16
2025-09-13 00:00:00,321.06
2025-09-13 01:00:00,289.94
2025-09-13 02:00:00,310.06
2025-09-13 03:00:00,342.84
2025-09-13 04:00:00,327.4
2025-09-13 05:00:00,351.97
2025-09-13 06:00:00,355.28
2025-09-13 07:00:00,379.22
2025-09-13 08:00:00,380.12
2025-09-13 09:00:00,376.58
2025-09-13 10:00:00,386.14
2025-09-13 11:00:00,428.24
2025-09-13 12:00:00,424.17
2025-09-13 13:00:00,407.0
2025-09-13 14:00:00,397.65
2025-09-13 15:00:00,395.1
2025-09-13 16:00:00,387.08
2025-09-13 17:00:00,392.65
2025-09-13 18:00:00,449.89
2025-09-13 19:00:00,468.26
2025-09-13 20:00:00,447.15
2025-09-13 21:00:00,431.69
2025-09-13 22:00:00,440.24
2025-09-13 23:00:00,330.11
2025-09-14 00:00:00,308.41
2025-09-14 01:00:00,297.81
2025-09-14 02:00:00,318.66
2025-09-14 03:00:00,309.18
2025-09-14 04:00:00,326.03
2025-09-14 05:00:00,357.99
2025-09-14 06:00:00,372.16
2025-09-14 07:00:00,381.49
2025-09-14 08:00:00,399.88
2025-09-14 09:00:00,406.81
2025-09-14 10:00:00,424.19
2025-09-14 11:00:00,404.97
2025-09-14 12:00:00,404.99
2025-09-14 13:00:00,420.54
2025-09-14 14:00:00,383.76
2025-09-14 15:00:00,403.76
2025-09-14 16:00:00,388.55
2025-09-14 17:00:00,380.53
2025-09-14 18:00:00,471.4
2025-09-14 19:00:00,440.09
2025-09-14 20:00:00,430.48
2025-09-14 21:00:00,393.21
2025-09-14 22:00:00,405.6
2025-09-14 23:00:00,295.78
2025-09-15 00:00:00,316.13
2025-09-15 01:00:00,358.93
2025-09-15 02:00:00,334.27
2025-09-15 03:00:00,364.69
2025-09-15 04:00:00,379.47
2025-09-15 05:00:00,373.92
2025-09-15 06:00:00,382.68
2025-09-15 07:00:00,404.43
2025-09-15 08:00:00,409.42
2025-09-15 09:00:00,451.17
2025-09-15 10:00:00,444.17
2025-09-15 11:00:00,432.83
2025-09-15 12:00:00,443.8
2025-09-15 13:00:00,423.14
2025-09-15 14:00:00,452.74
2025-09-15 15:00:00,426.95
2025-09-15 16:00:00,409.91
2025-09-15 17:00:00,399.95
2025-09-15 18:00:00,504.39
2025-09-15 19:00:00,497.14
2025-09-15 20:00:00,463.38
2025-09-15 21:00:00,455.87
2025-09-15 22:00:00,456.16
2025-09-15 23:00:00,350.43
2025-09-16 00:00:00,339.87
2025-09-16 01:00:00,343.23
2025-09-16 02:00:00,348.9
2025-09-16 03:00:00,363.78
2025-09-16 04:00:00,341.68
2025-09-16 05:00:00,378.6
2025-09-16 06:00:00,383.25
2025-09-16 07:00:00,429.65
2025-09-16 08:00:00,432.37
2025-09-16 09:00:00,422.69
2025-09-16 10:00:00,425.28
2025-09-16 11:00:00,453.63
2025-09-16 12:00:00,448.48
2025-09-16 13:00:00,429.89
2025-09-16 14:00:00,428.76
2025-09-16 15:00:00,416.26
2025-09-16 16:00:00,435.09
2025-09-16 17:00:00,404.65
2025-09-16 18:00:00,496.68
2025-09-16 19:00:00,484.56
2025-09-16 20:00:00,454.19
2025-09-16 21:00:00,455.53
2025-09-16 22:00:00,457.9
2025-09-16 23:00:00,369.95
2025-09-17 00:00:00,365.54
2025-09-17 01:00:00,352.74
2025-09-17 02:00:00,339.44
2025-09-17 03:00:00,339.52
2025-09-17 04:00:00,373.41
2025-09-17 05:00:00,373.21
2025-09-17 06:00:00,387.47
2025-09-17 07:00:00,395.21
2025-09-17 08:00:00,445.77
2025-09-17 09:00:00,409.87
2025-09-17 10:00:00,436.06
2025-09-17 11:00:00,477.75
2025-09-17 12:00:00,441.28
2025-09-17 13:00:00,449.75
2025-09-17 14:00:00,448.3
2025-09-17 15:00:00,426.36
2025-09-17 16:00:00,424.63
2025-09-17 17:00:00,408.65
2025-09-17 18:00:00,471.6
2025-09-17 19:00:00,478.9
2025-09-17 20:00:00,451.06
2025-09-17 21:00:00,487.24
2025-09-17 22:00:00,446.06
2025-09-17 23:00:00,363.19
2025-09-18 00:00:00,347.24
2025-09-18 01:00:00,306.25
2025-09-18 02:00:00,373.97
2025-09-18 03:00:00,354.68
2025-09-18 04:00:00,362.33
2025-09-18 05:00:00,355.31
2025-09-18 06:00:00,369.2
2025-09-18 07:00:00,416.7
2025-09-18 08:00:00,394.59
2025-09-18 09:00:00,431.46
2025-09-18 10:00:00,423.89
2025-09-18 11:00:00,428.75
2025-09-18 12:00:00,435.7
2025-09-18 13:00:00,445.36
2025-09-18 14:00:00,439.3
2025-09-18 15:00:00,424.84
2025-09-18 16:00:00,413.4
2025-09-18 17:00:00,397.14
2025-09-18 18:00:00,453.89
2025-09-18 19:00:00,508.31
2025-09-18 20:00:00,477.41
2025-09-18 21:00:00,463.1
2025-09-18 22:00:00,444.25
2025-09-18 23:00:00,349.58
2025-09-19 00:00:00,344.93
2025-09-19 01:00:00,362.05
2025-09-19 02:00:00,342.28
2025-09-19 03:00:00,356.37
2025-09-19 04:00:00,355.92
2025-09-19 05:00:00,381.39
2025-09-19 06:00:00,383.14
2025-09-19 07:00:00,441.97
2025-09-19 08:00:00,428.46
2025-09-19 09:00:00,409.33
2025-09-19 10:00:00,429.77
2025-09-19 11:00:00,442.04
2025-09-19 12:00:00,445.98
2025-09-19 13:00:00,437.89
2025-09-19 14:00:00,407.79
2025-09-19 15:00:00,459.8
2025-09-19 16:00:00,407.8
2025-09-19 17:00:00,383.48
2025-09-19 18:00:00,527.78
2025-09-19 19:00:00,471.69
2025-09-19 20:00:00,462.74
2025-09-19 21:00:00,460.33
2025-09-19 22:00:00,423.06
2025-09-19 23:00:00,342.84
2025-09-20 00:00:00,326.16
2025-09-20 01:00:00,332.32
2025-09-20 02:00:00,304.0
2025-09-20 03:00:00,313.29
2025-09-20 04:00:00,345.28
2025-09-20 05:00:00,375.22
2025-09-20 06:00:00,345.18
2025-09-20 07:00:00,383.31
2025-09-20 08:00:00,393.24
2025-09-20 09:00:00,427.5
2025-09-20 10:00:00,368.02
2025-09-20 11:00:00,418.65
2025-09-20 12:00:00,378.7
2025-09-20 13:00:00,402.14
2025-09-20 14:00:00,407.41
2025-09-20 15:00:00,364.1
2025-09-20 16:00:00,368.64
2025-09-20 17:00:00,400.03
2025-09-20 18:00:00,446.29
2025-09-20 19:00:00,443.08
2025-09-20 20:00:00,442.53
2025-09-20 21:00:00,449.36
2025-09-20 22:00:00,428.15
2025-09-20 23:00:00,294.18
2025-09-21 00:00:00,336.69
2025-09-21 01:00:00,327.15
2025-09-21 02:00:00,331.98
2025-09-21 03:00:00,325.24
2025-09-21 04:00:00,352.23
2025-09-21 05:00:00,352.59
2025-09-21 06:00:00,336.95
2025-09-21 07:00:00,370.16
2025-09-21 08:00:00,391.5
2025-09-21 09:00:00,375.79
2025-09-21 10:00:00,373.23
2025-09-21 11:00:00,414.4
2025-09-21 12:00:00,411.33
2025-09-21 13:00:00,409.5
2025-09-21 14:00:00,386.99
2025-09-21 15:00:00,403.09
2025-09-21 16:00:00,367.51
2025-09-21 17:00:00,386.9
2025-09-21 18:00:00,455.19
2025-09-21 19:00:00,420.99
2025-09-21 20:00:00,428.66
2025-09-21 21:00:00,413.96
2025-09-21 22:00:00,417.32
2025-09-21 23:00:00,336.75
2025-09-22 00:00:00,354.1
2025-09-22 01:00:00,333.03
2025-09-22 02:00:00,366.77
2025-09-22 03:00:00,372.24
2025-09-22 04:00:00,340.09
2025-09-22 05:00:00,385.42
2025-09-22 06:00:00,405.11
2025-09-22 07:00:00,398.24
2025-09-22 08:00:00,406.76
2025-09-22 09:00:00,445.23
2025-09-22 10:00:00,419.32
2025-09-22 11:00:00,441.79
2025-09-22 12:00:00,443.87
2025-09-22 13:00:00,438.08
2025-09-22 14:00:00,431.82
2025-09-22 15:00:00,431.36
2025-09-22 16:00:00,423.76
2025-09-22 17:00:00,418.28
2025-09-22 18:00:00,496.35
2025-09-22 19:00:00,483.97
2025-09-22 20:00:00,465.79
2025-09-22 21:00:00,465.73
2025-09-22 22:00:00,461.69
2025-09-22 23:00:00,325.0
2025-09-23 00:00:00,345.51
2025-09-23 01:00:00,321.15
2025-09-23 02:00:00,343.66
2025-09-23 03:00:00,341.07
2025-09-23 04:00:00,351.23
2025-09-23 05:00:00,401.2
2025-09-23 06:00:00,388.71
2025-09-23 07:00:00,393.65
2025-09-23 08:00:00,386.42
2025-09-23 09:00:00,413.15
2025-09-23 10:00:00,434.05
2025-09-23 11:00:00,442.4
2025-09-23 12:00:00,414.9
2025-09-23 13:00:00,469.52
2025-09-23 14:00:00,432.78
2025-09-23 15:00:00,424.76
2025-09-23 16:00:00,395.89
2025-09-23 17:00:00,367.27
2025-09-23 18:00:00,478.84
2025-09-23 19:00:00,450.5
2025-09-23 20:00:00,445.43
2025-09-23 21:00:00,451.26
2025-09-23 22:00:00,435.21
2025-09-23 23:00:00,326.5
2025-09-24 00:00:00,373.96
2025-09-24 01:00:00,366.25
2025-09-24 02:00:00,362.95
2025-09-24 03:00:00,346.14
2025-09-24 04:00:00,340.49
2025-09-24 05:00:00,369.35
2025-09-24 06:00:00,403.05
2025-09-24 07:00:00,371.07
2025-09-24 08:00:00,395.72
2025-09-24 09:00:00,423.24
2025-09-24 10:00:00,427.98
2025-09-24 11:00:00,431.57
2025-09-24 12:00:00,476.27
2025-09-24 13:00:00,429.43
2025-09-24 14:00:00,413.72
2025-09-24 15:00:00,407.67
2025-09-24 16:00:00,395.71
2025-09-24 17:00:00,404.23
2025-09-24 18:00:00,467.17
2025-09-24 19:00:00,481.97
2025-09-24 20:00:00,425.41
2025-09-24 21:00:00,457.26
2025-09-24 22:00:00,416.97
2025-09-24 23:00:00,327.54
2025-09-25 00:00:00,347.74
2025-09-25 01:00:00,334.72
2025-09-25 02:00:00,348.16
2025-09-25 03:00:00,346.52
2025-09-25 04:00:00,368.87
2025-09-25 05:00:00,366.78
2025-09-25 06:00:00,384.75
2025-09-25 07:00:00,407.29
2025-09-25 08:00:00,412.24
2025-09-25 09:00:00,445.02
2025-09-25 10:00:00,436.29
2025-09-25 11:00:00,440.84
2025-09-25 12:00:00,440.67
2025-09-25 13:00:00,437.16
2025-09-25 14:00:00,446.59
2025-09-25 15:00:00,453.65
2025-09-25 16:00:00,401.47
2025-09-25 17:00:00,409.89
2025-09-25 18:00:00,506.15
2025-09-25 19:00:00,464.88
2025-09-25 20:00:00,494.48
2025-09-25 21:00:00,471.94
2025-09-25 22:00:00,466.34
2025-09-25 23:00:00,351.86
2025-09-26 00:00:00,329.61
2025-09-26 01:00:00,335.67
2025-09-26 02:00:00,347.69
2025-09-26 03:00:00,334.74
2025-09-26 04:00:00,364.99
2025-09-26 05:00:00,365.9
2025-09-26 06:00:00,382.34
2025-09-26 07:00:00,376.04
2025-09-26 08:00:00,427.32
2025-09-26 09:00:00,448.06
2025-09-26 10:00:00,437.83
2025-09-26 11:00:00,439.5
2025-09-26 12:00:00,430.07
2025-09-26 13:00:00,445.88
2025-09-26 14:00:00,425.76
2025-09-26 15:00:00,427.06
2025-09-26 16:00:00,426.63
2025-09-26 17:00:00,435.63
2025-09-26 18:00:00,502.98
2025-09-26 19:00:00,460.95
2025-09-26 20:00:00,457.6
2025-09-26 21:00:00,467.93
2025-09-26 22:00:00,420.36
2025-09-26 23:00:00,347.31
2025-09-27 00:00:00,298.25
2025-09-27 01:00:00,319.58
2025-09-27 02:00:00,341.8
2025-09-27 03:00:00,340.08
2025-09-27 04:00:00,307.31
2025-09-27 05:00:00,358.37
2025-09-27 06:00:00,370.66
2025-09-27 07:00:00,379.1
2025-09-27 08:00:00,409.65
2025-09-27 09:00:00,395.15
2025-09-27 10:00:00,414.08
2025-09-27 11:00:00,395.55
2025-09-27 12:00:00,417.27
2025-09-27 13:00:00,424.98
2025-09-27 14:00:00,397.68
2025-09-27 15:00:00,414.9
2025-09-27 16:00:00,371.43
2025-09-27 17:00:00,353.36
2025-09-27 18:00:00,421.54
2025-09-27 19:00:00,458.3
2025-09-27 20:00:00,457.24
2025-09-27 21:00:00,425.26
2025-09-27 22:00:00,420.28
2025-09-27 23:00:00,304.29
2025-09-28 00:00:00,300.12
2025-09-28 01:00:00,316.28
2025-09-28 02:00:00,308.27
2025-09-28 03:00:00,312.26
2025-09-28 04:00:00,325.2
2025-09-28 05:00:00,343.58
2025-09-28 06:00:00,349.87
2025-09-28 07:00:00,358.6
2025-09-28 08:00:00,379.36
2025-09-28 09:00:00,391.1
2025-09-28 10:00:00,402.69
2025-09-28 11:00:00,367.06
2025-09-28 12:00:00,417.97
2025-09-28 13:00:00,408.96
2025-09-28 14:00:00,394.4
2025-09-28 15:00:00,413.83
2025-09-28 16:00:00,387.07
2025-09-28 17:00:00,374.9
2025-09-28 18:00:00,442.14
2025-09-28 19:00:00,474.1
2025-09-28 20:00:00,437.14
2025-09-28 21:00:00,413.13
2025-09-28 22:00:00,426.06
2025-09-28 23:00:00,295.95
2025-09-29 00:00:00,366.48
2025-09-29 01:00:00,340.3
2025-09-29 02:00:00,348.22
2025-09-29 03:00:00,356.13
2025-09-29 04:00:00,357.62
2025-09-29 05:00:00,397.35
2025-09-29 06:00:00,404.32
2025-09-29 07:00:00,398.28
2025-09-29 08:00:00,434.77
2025-09-29 09:00:00,449.13
2025-09-29 10:00:00,441.61
2025-09-29 11:00:00,435.11
2025-09-29 12:00:00,439.66
2025-09-29 13:00:00,448.72
2025-09-29 14:00:00,443.89
2025-09-29 15:00:00,410.83
2025-09-29 16:00:00,440.9
2025-09-29 17:00:00,373.25
2025-09-29 18:00:00,485.99
2025-09-29 19:00:00,471.21
2025-09-29 20:00:00,458.83
2025-09-29 21:00:00,441.0
2025-09-29 22:00:00,447.73
2025-09-29 23:00:00,358.66
2025-09-30 00:00:00,324.5
2025-09-30 01:00:00,348.0
2025-09-30 02:00:00,347.13
2025-09-30 03:00:00,362.71
2025-09-30 04:00:00,360.84
2025-09-30 05:00:00,383.1
2025-09-30 06:00:00,392.33
2025-09-30 07:00:00,395.47
2025-09-30 08:00:00,414.99
2025-09-30 09:00:00,416.47
2025-09-30 10:00:00,446.52
2025-09-30 11:00:00,455.0
2025-09-30 12:00:00,414.26
2025-09-30 13:00:00,423.78
2025-09-30 14:00:00,423.35
2025-09-30 15:00:00,441.41
2025-09-30 16:00:00,415.06
2025-09-30 17:00:00,398.48
2025-09-30 18:00:00,493.72
2025-09-30 19:00:00,477.67
2025-09-30 20:00:00,476.99
2025-09-30 21:00:00,439.55
2025-09-30 22:00:00,463.97
2025-09-30 23:00:00,339.79
2025-10-01 00:00:00,360.64
2025-10-01 01:00:00,375.98
2025-10-01 02:00:00,382.28
2025-10-01 03:00:00,404.04
2025-10-01 04:00:00,400.0
2025-10-01 05:00:00,421.84
2025-10-01 06:00:00,426.97
2025-10-01 07:00:00,452.38
2025-10-01 08:00:00,449.55
2025-10-01 09:00:00,449.17
2025-10-01 10:00:00,468.45
2025-10-01 11:00:00,479.35
2025-10-01 12:00:00,466.7
2025-10-01 13:00:00,473.42
2025-10-01 14:00:00,474.84
2025-10-01 15:00:00,466.8
2025-10-01 16:00:00,431.42
2025-10-01 17:00:00,463.61
2025-10-01 18:00:00,537.08
2025-10-01 19:00:00,533.85
2025-10-01 20:00:00,515.73
2025-10-01 21:00:00,484.1
2025-10-01 22:00:00,489.13
2025-10-01 23:00:00,386.32
2025-10-02 00:00:00,362.55
2025-10-02 01:00:00,370.91
2025-10-02 02:00:00,399.41
2025-10-02 03:00:00,422.91
2025-10-02 04:00:00,433.36
2025-10-02 05:00:00,403.58
2025-10-02 06:00:00,410.1
2025-10-02 07:00:00,449.36
2025-10-02 08:00:00,461.78
2025-10-02 09:00:00,458.78
2025-10-02 10:00:00,478.53
2025-10-02 11:00:00,458.91
2025-10-02 12:00:00,489.11
2025-10-02 13:00:00,482.03
2025-10-02 14:00:00,479.9
2025-10-02 15:00:00,474.87
2025-10-02 16:00:00,480.18
2025-10-02 17:00:00,449.81
2025-10-02 18:00:00,554.56
2025-10-02 19:00:00,519.0
2025-10-02 20:00:00,503.29
2025-10-02 21:00:00,504.0
2025-10-02 22:00:00,486.54
2025-10-02 23:00:00,357.88
2025-10-03 00:00:00,373.82
2025-10-03 01:00:00,367.47
2025-10-03 02:00:00,405.8
2025-10-03 03:00:00,376.3
2025-10-03 04:00:00,406.42
2025-10-03 05:00:00,416.78
2025-10-03 06:00:00,441.37
2025-10-03 07:00:00,464.26
2025-10-03 08:00:00,447.23
2025-10-03 09:00:00,483.64
2025-10-03 10:00:00,461.87
2025-10-03 11:00:00,490.35
2025-10-03 12:00:00,485.65
2025-10-03 13:00:00,496.77
2025-10-03 14:00:00,467.52
2025-10-03 15:00:00,446.54
2025-10-03 16:00:00,444.9
2025-10-03 17:00:00,453.0
2025-10-03 18:00:00,523.03
2025-10-03 19:00:00,529.41
2025-10-03 20:00:00,519.58
2025-10-03 21:00:00,499.43
2025-10-03 22:00:00,468.99
2025-10-03 23:00:00,377.63
2025-10-04 00:00:00,341.62
2025-10-04 01:00:00,353.0
2025-10-04 02:00:00,375.51
2025-10-04 03:00:00,336.92
2025-10-04 04:00:00,382.93
2025-10-04 05:00:00,395.62
2025-10-04 06:00:00,412.86
2025-10-04 07:00:00,398.86
2025-10-04 08:00:00,409.31
2025-10-04 09:00:00,429.91
2025-10-04 10:00:00,431.5
2025-10-04 11:00:00,449.96
2025-10-04 12:00:00,446.11
2025-10-04 13:00:00,455.73
2025-10-04 14:00:00,464.98
2025-10-04 15:00:00,447.98
2025-10-04 16:00:00,430.5
2025-10-04 17:00:00,421.97
2025-10-04 18:00:00,489.89
2025-10-04 19:00:00,500.46
2025-10-04 20:00:00,466.31
2025-10-04 21:00:00,439.81
2025-10-04 22:00:00,468.47
2025-10-04 23:00:00,344.38
2025-10-05 00:00:00,348.98
2025-10-05 01:00:00,371.89
2025-10-05 02:00:00,354.84
2025-10-05 03:00:00,370.85
2025-10-05 04:00:00,358.0
2025-10-05 05:00:00,381.56
2025-10-05 06:00:00,411.99
2025-10-05 07:00:00,416.49
2025-10-05 08:00:00,406.7
2025-10-05 09:00:00,410.74
2025-10-05 10:00:00,425.78
2025-10-05 11:00:00,457.96
2025-10-05 12:00:00,430.93
2025-10-05 13:00:00,444.78
2025-10-05 14:00:00,422.15
2025-10-05 15:00:00,452.5
2025-10-05 16:00:00,422.22
2025-10-05 17:00:00,409.1
2025-10-05 18:00:00,490.11
2025-10-05 19:00:00,489.37
2025-10-05 20:00:00,463.55
2025-10-05 21:00:00,482.85
2025-10-05 22:00:00,427.9
2025-10-05 23:00:00,352.18
2025-10-06 00:00:00,363.45
2025-10-06 01:00:00,361.1
2025-10-06 02:00:00,390.25
2025-10-06 03:00:00,385.66
2025-10-06 04:00:00,408.51
2025-10-06 05:00:00,404.89
2025-10-06 06:00:00,437.2
2025-10-06 07:00:00,429.03
2025-10-06 08:00:00,464.64
2025-10-06 09:00:00,477.03
2025-10-06 10:00:00,473.43
2025-10-06 11:00:00,485.06
2025-10-06 12:00:00,452.56
2025-10-06 13:00:00,471.25
2025-10-06 14:00:00,478.53
2025-10-06 15:00:00,446.69
2025-10-06 16:00:00,455.22
2025-10-06 17:00:00,429.75
2025-10-06 18:00:00,499.75
2025-10-06 19:00:00,537.07
2025-10-06 20:00:00,517.25
2025-10-06 21:00:00,470.56
2025-10-06 22:00:00,467.92
2025-10-06 23:00:00,383.16
2025-10-07 00:00:00,378.06
2025-10-07 01:00:00,381.13
2025-10-07 02:00:00,371.35
2025-10-07 03:00:00,385.99
2025-10-07 04:00:00,399.62
2025-10-07 05:00:00,413.79
2025-10-07 06:00:00,434.11
2025-10-07 07:00:00,451.71
2025-10-07 08:00:00,447.39
2025-10-07 09:00:00,452.32
2025-10-07 10:00:00,503.29
2025-10-07 11:00:00,462.78
2025-10-07 12:00:00,483.08
2025-10-07 13:00:00,487.57
2025-10-07 14:00:00,502.01
2025-10-07 15:00:00,448.0
2025-10-07 16:00:00,447.76
2025-10-07 17:00:00,422.19
2025-10-07 18:00:00,530.06
2025-10-07 19:00:00,510.18
2025-10-07 20:00:00,497.83
2025-10-07 21:00:00,483.63
2025-10-07 22:00:00,482.04
2025-10-07 23:00:00,390.65
2025-10-08 00:00:00,366.52
2025-10-08 01:00:00,371.14
2025-10-08 02:00:00,411.81
2025-10-08 03:00:00,392.52
2025-10-08 04:00:00,413.12
2025-10-08 05:00:00,433.46
2025-10-08 06:00:00,450.83
2025-10-08 07:00:00,463.5
2025-10-08 08:00:00,434.96
2025-10-08 09:00:00,443.47
2025-10-08 10:00:00,462.18
2025-10-08 11:00:00,465.29
2025-10-08 12:00:00,473.84
2025-10-08 13:00:00,455.76
2025-10-08 14:00:00,492.94
2025-10-08 15:00:00,476.33
2025-10-08 16:00:00,451.6
2025-10-08 17:00:00,440.98
2025-10-08 18:00:00,553.7
2025-10-08 19:00:00,489.04
2025-10-08 20:00:00,521.96
2025-10-08 21:00:00,470.39
2025-10-08 22:00:00,476.38
2025-10-08 23:00:00,391.43
2025-10-09 00:00:00,365.39
2025-10-09 01:00:00,392.16
2025-10-09 02:00:00,379.0
2025-10-09 03:00:00,407.93
2025-10-09 04:00:00,405.25
2025-10-09 05:00:00,432.35
2025-10-09 06:00:00,424.26
2025-10-09 07:00:00,454.11
2025-10-09 08:00:00,476.19
2025-10-09 09:00:00,481.81
2025-10-09 10:00:00,465.2
2025-10-09 11:00:00,463.0
2025-10-09 12:00:00,475.29
2025-10-09 13:00:00,476.83
2025-10-09 14:00:00,490.79
2025-10-09 15:00:00,467.17
2025-10-09 16:00:00,465.67
2025-10-09 17:00:00,447.53
2025-10-09 18:00:00,531.52
2025-10-09 19:00:00,530.68
2025-10-09 20:00:00,502.24
2025-10-09 21:00:00,515.8
2025-10-09 22:00:00,469.49
2025-10-09 23:00:00,368.14
2025-10-10 00:00:00,408.11
2025-10-10 01:00:00,377.32
2025-10-10 02:00:00,408.98
2025-10-10 03:00:00,411.53
2025-10-10 04:00:00,399.28
2025-10-10 05:00:00,429.46
2025-10-10 06:00:00,465.29
2025-10-10 07:00:00,436.63
2025-10-10 08:00:00,477.1
2025-10-10 09:00:00,454.01
2025-10-10 10:00:00,471.96
2025-10-10 11:00:00,469.45
2025-10-10 12:00:00,499.31
2025-10-10 13:00:00,480.32
2025-10-10 14:00:00,483.56
2025-10-10 15:00:00,480.4
2025-10-10 16:00:00,436.92
2025-10-10 17:00:00,443.68
2025-10-10 18:00:00,513.62
2025-10-10 19:00:00,504.36
2025-10-10 20:00:00,538.86
2025-10-10 21:00:00,478.51
2025-10-10 22:00:00,481.31
2025-10-10 23:00:00,367.78
2025-10-11 00:00:00,339.89
2025-10-11 01:00:00,366.67
2025-10-11 02:00:00,342.18
2025-10-11 03:00:00,355.33
2025-10-11 04:00:00,349.22
2025-10-11 05:00:00,385.61
2025-10-11 06:00:00,383.54
2025-10-11 07:00:00,407.96
2025-10-11 08:00:00,391.97
2025-10-11 09:00:00,457.0
2025-10-11 10:00:00,417.39
2025-10-11 11:00:00,461.13
2025-10-11 12:00:00,442.78
2025-10-11 13:00:00,468.6
2025-10-11 14:00:00,426.13
2025-10-11 15:00:00,446.01
2025-10-11 16:00:00,420.25
2025-10-11 17:00:00,408.03
2025-10-11 18:00:00,495.45
2025-10-11 19:00:00,470.12
2025-10-11 20:00:00,488.95
2025-10-11 21:00:00,451.99
2025-10-11 22:00:00,442.96
2025-10-11 23:00:00,354.98
2025-10-12 00:00:00,351.77
2025-10-12 01:00:00,336.27
2025-10-12 02:00:00,346.89
2025-10-12 03:00:00,357.95
2025-10-12 04:00:00,374.18
2025-10-12 05:00:00,391.92
2025-10-12 06:00:00,407.71
2025-10-12 07:00:00,389.4
2025-10-12 08:00:00,396.12
2025-10-12 09:00:00,440.1
2025-10-12 10:00:00,432.03
2025-10-12 11:00:00,443.12
2025-10-12 12:00:00,419.8
2025-10-12 13:00:00,446.14
2025-10-12 14:00:00,460.84
2025-10-12 15:00:00,434.22
2025-10-12 16:00:00,433.94
2025-10-12 17:00:00,412.54
2025-10-12 18:00:00,513.05
2025-10-12 19:00:00,483.94
2025-10-12 20:00:00,472.36
2025-10-12 21:00:00,459.08
2025-10-12 22:00:00,456.77
2025-10-12 23:00:00,376.03
2025-10-13 00:00:00,404.46
2025-10-13 01:00:00,403.66
2025-10-13 02:00:00,392.14
2025-10-13 03:00:00,397.67
2025-10-13 04:00:00,419.18
2025-10-13 05:00:00,425.39
2025-10-13 06:00:00,421.69
2025-10-13 07:00:00,452.23
2025-10-13 08:00:00,477.7
2025-10-13 09:00:00,462.19
2025-10-13 10:00:00,481.79
2025-10-13 11:00:00,513.64
2025-10-13 12:00:00,490.14
2025-10-13 13:00:00,477.39
2025-10-13 14:00:00,476.34
2025-10-13 15:00:00,472.71
2025-10-13 16:00:00,435.49
2025-10-13 17:00:00,435.98
2025-10-13 18:00:00,525.52
2025-10-13 19:00:00,506.51
2025-10-13 20:00:00,490.41
2025-10-13 21:00:00,510.16
2025-10-13 22:00:00,497.16
2025-10-13 23:00:00,388.17
2025-10-14 00:00:00,392.5
2025-10-14 01:00:00,390.8
2025-10-14 02:00:00,402.91
2025-10-14 03:00:00,409.33
2025-10-14 04:00:00,386.27
2025-10-14 05:00:00,427.18
2025-10-14 06:00:00,404.23
2025-10-14 07:00:00,444.34
2025-10-14 08:00:00,439.27
2025-10-14 09:00:00,465.93
2025-10-14 10:00:00,475.19
2025-10-14 11:00:00,463.25
2025-10-14 12:00:00,536.96
2025-10-14 13:00:00,463.11
2025-10-14 14:00:00,455.6
2025-10-14 15:00:00,488.61
2025-10-14 16:00:00,450.71
2025-10-14 17:00:00,458.03
2025-10-14 18:00:00,521.2
2025-10-14 19:00:00,532.25
2025-10-14 20:00:00,518.37
2025-10-14 21:00:00,502.11
2025-10-14 22:00:00,491.77
2025-10-14 23:00:00,379.53
2025-10-15 00:00:00,393.04
2025-10-15 01:00:00,381.37
2025-10-15 02:00:00,426.14
2025-10-15 03:00:00,400.28
2025-10-15 04:00:00,375.15
2025-10-15 05:00:00,406.23
2025-10-15 06:00:00,410.73
2025-10-15 07:00:00,442.93
2025-10-15 08:00:00,465.76
2025-10-15 09:00:00,467.69
2025-10-15 10:00:00,434.45
2025-10-15 11:00:00,469.22
2025-10-15 12:00:00,486.02
2025-10-15 13:00:00,468.32
2025-10-15 14:00:00,454.92
2025-10-15 15:00:00,446.83
2025-10-15 16:00:00,475.15
2025-10-15 17:00:00,428.45
2025-10-15 18:00:00,518.41
2025-10-15 19:00:00,522.98
2025-10-15 20:00:00,512.89
2025-10-15 21:00:00,482.17
2025-10-15 22:00:00,467.71
2025-10-15 23:00:00,397.85
2025-10-16 00:00:00,406.68
2025-10-16 01:00:00,372.9
2025-10-16 02:00:00,394.14
2025-10-16 03:00:00,377.64
2025-10-16 04:00:00,401.21
2025-10-16 05:00:00,439.9
2025-10-16 06:00:00,430.3
2025-10-16 07:00:00,457.36
2025-10-16 08:00:00,446.16
2025-10-16 09:00:00,459.24
2025-10-16 10:00:00,498.31
2025-10-16 11:00:00,463.28
2025-10-16 12:00:00,474.29
2025-10-16 13:00:00,446.68
2025-10-16 14:00:00,473.68
2025-10-16 15:00:00,466.12
2025-10-16 16:00:00,468.53
2025-10-16 17:00:00,434.77
2025-10-16 18:00:00,526.0
2025-10-16 19:00:00,502.91
2025-10-16 20:00:00,523.08
2025-10-16 21:00:00,501.45
2025-10-16 22:00:00,490.65
2025-10-16 23:00:00,359.06
2025-10-17 00:00:00,390.87
2025-10-17 01:00:00,371.99
2025-10-17 02:00:00,386.58
2025-10-17 03:00:00,399.29
2025-10-17 04:00:00,413.41
2025-10-17 05:00:00,427.32
2025-10-17 06:00:00,435.48
2025-10-17 07:00:00,458.61
2025-10-17 08:00:00,472.62
2025-10-17 09:00:00,472.04
2025-10-17 10:00:00,466.79
2025-10-17 11:00:00,503.97
2025-10-17 12:00:00,444.16
2025-10-17 13:00:00,536.61
2025-10-17 14:00:00,444.2
2025-10-17 15:00:00,458.2
2025-10-17 16:00:00,467.38
2025-10-17 17:00:00,444.42
2025-10-17 18:00:00,512.37
2025-10-17 19:00:00,517.56
2025-10-17 20:00:00,496.03
2025-10-17 21:00:00,473.58
2025-10-17 22:00:00,497.79
2025-10-17 23:00:00,381.54
2025-10-18 00:00:00,333.51
2025-10-18 01:00:00,361.73
2025-10-18 02:00:00,361.74
2025-10-18 03:00:00,343.55
2025-10-18 04:00:00,385.23
2025-10-18 05:00:00,354.08
2025-10-18 06:00:00,381.4
2025-10-18 07:00:00,406.65
2025-10-18 08:00:00,398.68
2025-10-18 09:00:00,430.3
2025-10-18 10:00:00,459.65
2025-10-18 11:00:00,439.21
2025-10-18 12:00:00,428.31
2025-10-18 13:00:00,478.24
2025-10-18 14:00:00,435.77
2025-10-18 15:00:00,462.3
2025-10-18 16:00:00,418.51
2025-10-18 17:00:00,417.71
2025-10-18 18:00:00,517.49
2025-10-18 19:00:00,486.72
2025-10-18 20:00:00,477.2
2025-10-18 21:00:00,482.6
2025-10-18 22:00:00,471.68
2025-10-18 23:00:00,358.18
2025-10-19 00:00:00,354.48
2025-10-19 01:00:00,357.56
2025-10-19 02:00:00,373.22
2025-10-19 03:00:00,363.43
2025-10-19 04:00:00,386.57
2025-10-19 05:00:00,377.36
2025-10-19 06:00:00,412.96
2025-10-19 07:00:00,415.29
2025-10-19 08:00:00,409.51
2025-10-19 09:00:00,439.54
2025-10-19 10:00:00,449.96
2025-10-19 11:00:00,432.42
2025-10-19 12:00:00,472.84
2025-10-19 13:00:00,460.96
2025-10-19 14:00:00,470.93
2025-10-19 15:00:00,422.89
2025-10-19 16:00:00,435.4
2025-10-19 17:00:00,380.11
2025-10-19 18:00:00,510.48
2025-10-19 19:00:00,481.76
2025-10-19 20:00:00,473.27
2025-10-19 21:00:00,447.97
2025-10-19 22:00:00,463.33
2025-10-19 23:00:00,347.36
2025-10-20 00:00:00,390.28
2025-10-20 01:00:00,367.93
2025-10-20 02:00:00,390.47
2025-10-20 03:00:00,373.47
2025-10-20 04:00:00,407.23
2025-10-20 05:00:00,411.7
2025-10-20 06:00:00,419.81
2025-10-20 07:00:00,455.4
2025-10-20 08:00:00,425.24
2025-10-20 09:00:00,462.77
2025-10-20 10:00:00,473.55
2025-10-20 11:00:00,470.1
2025-10-20 12:00:00,497.04
2025-10-20 13:00:00,495.63
2025-10-20 14:00:00,457.16
2025-10-20 15:00:00,480.66
2025-10-20 16:00:00,458.48
2025-10-20 17:00:00,461.3
2025-10-20 18:00:00,524.74
2025-10-20 19:00:00,511.3
2025-10-20 20:00:00,495.37
2025-10-20 21:00:00,512.86
2025-10-20 22:00:00,467.79
2025-10-20 23:00:00,382.05
2025-10-21 00:00:00,390.17
2025-10-21 01:00:00,380.95
2025-10-21 02:00:00,386.28
2025-10-21 03:00:00,360.64
2025-10-21 04:00:00,375.72
2025-10-21 05:00:00,416.46
2025-10-21 06:00:00,429.36
2025-10-21 07:00:00,455.16
2025-10-21 08:00:00,492.87
2025-10-21 09:00:00,467.32
2025-10-21 10:00:00,496.42
2025-10-21 11:00:00,477.73
2025-10-21 12:00:00,442.88
2025-10-21 13:00:00,464.11
2025-10-21 14:00:00,459.37
2025-10-21 15:00:00,436.85
2025-10-21 16:00:00,470.84
2025-10-21 17:00:00,425.72
2025-10-21 18:00:00,507.57
2025-10-21 19:00:00,512.58
2025-10-21 20:00:00,515.59
2025-10-21 21:00:00,528.94
2025-10-21 22:00:00,498.23
2025-10-21 23:00:00,395.33
2025-10-22 00:00:00,358.99
2025-10-22 01:00:00,406.98
2025-10-22 02:00:00,367.57
2025-10-22 03:00:00,417.18
2025-10-22 04:00:00,408.21
2025-10-22 05:00:00,419.81
2025-10-22 06:00:00,407.9
2025-10-22 07:00:00,439.04
2025-10-22 08:00:00,453.52
2025-10-22 09:00:00,465.66
2025-10-22 10:00:00,470.86
2025-10-22 11:00:00,501.33
2025-10-22 12:00:00,471.21
2025-10-22 13:00:00,445.62
2025-10-22 14:00:00,470.6
2025-10-22 15:00:00,493.94
2025-10-22 16:00:00,457.87
2025-10-22 17:00:00,440.02
2025-10-22 18:00:00,513.15
2025-10-22 19:00:00,519.53
2025-10-22 20:00:00,542.86
2025-10-22 21:00:00,502.41
2025-10-22 22:00:00,488.9
2025-10-22 23:00:00,383.1
2025-10-23 00:00:00,365.85
2025-10-23 01:00:00,409.88
2025-10-23 02:00:00,394.98
2025-10-23 03:00:00,378.73
2025-10-23 04:00:00,392.06
2025-10-23 05:00:00,390.98
2025-10-23 06:00:00,407.72
2025-10-23 07:00:00,446.81
2025-10-23 08:00:00,445.87
2025-10-23 09:00:00,439.4
2025-10-23 10:00:00,498.39
2025-10-23 11:00:00,492.77
2025-10-23 12:00:00,474.75
2025-10-23 13:00:00,502.28
2025-10-23 14:00:00,440.57
2025-10-23 15:00:00,456.49
2025-10-23 16:00:00,456.6
2025-10-23 17:00:00,478.49
2025-10-23 18:00:00,520.84
2025-10-23 19:00:00,505.45
2025-10-23 20:00:00,514.07
2025-10-23 21:00:00,492.21
2025-10-23 22:00:00,490.76
2025-10-23 23:00:00,404.73
2025-10-24 00:00:00,388.07
2025-10-24 01:00:00,396.89
2025-10-24 02:00:00,372.04
2025-10-24 03:00:00,432.16
2025-10-24 04:00:00,402.57
2025-10-24 05:00:00,423.63
2025-10-24 06:00:00,424.79
2025-10-24 07:00:00,461.66
2025-10-24 08:00:00,436.54
2025-10-24 09:00:00,472.07
2025-10-24 10:00:00,504.53
2025-10-24 11:00:00,476.81
2025-10-24 12:00:00,493.97
2025-10-24 13:00:00,461.61
2025-10-24 14:00:00,485.08
2025-10-24 15:00:00,436.29
2025-10-24 16:00:00,453.58
2025-10-24 17:00:00,448.65
2025-10-24 18:00:00,532.65
2025-10-24 19:00:00,520.02
2025-10-24 20:00:00,504.39
2025-10-24 21:00:00,483.44
2025-10-24 22:00:00,497.11
2025-10-24 23:00:00,395.54
2025-10-25 00:00:00,357.95
2025-10-25 01:00:00,358.47
2025-10-25 02:00:00,357.76
2025-10-25 03:00:00,367.75
2025-10-25 04:00:00,355.39
2025-10-25 05:00:00,410.87
2025-10-25 06:00:00,420.2
2025-10-25 07:00:00,421.67
2025-10-25 08:00:00,439.21
2025-10-25 09:00:00,419.63
2025-10-25 10:00:00,433.41
2025-10-25 11:00:00,425.31
2025-10-25 12:00:00,458.05
2025-10-25 13:00:00,442.42
2025-10-25 14:00:00,462.22
2025-10-25 15:00:00,394.67
2025-10-25 16:00:00,438.54
2025-10-25 17:00:00,385.85
2025-10-25 18:00:00,474.15
2025-10-25 19:00:00,511.48
2025-10-25 20:00:00,465.44
2025-10-25 21:00:00,437.24
2025-10-25 22:00:00,459.76
2025-10-25 23:00:00,349.3
2025-10-26 00:00:00,365.25
2025-10-26 01:00:00,342.05
2025-10-26 02:00:00,344.72
2025-10-26 03:00:00,360.22
2025-10-26 04:00:00,366.91
2025-10-26 05:00:00,357.87
2025-10-26 06:00:00,407.79
2025-10-26 07:00:00,422.99
2025-10-26 08:00:00,420.01
2025-10-26 09:00:00,438.77
2025-10-26 10:00:00,449.87
2025-10-26 11:00:00,443.29
2025-10-26 12:00:00,433.59
2025-10-26 13:00:00,446.38
2025-10-26 14:00:00,431.76
2025-10-26 15:00:00,440.33
2025-10-26 16:00:00,399.51
2025-10-26 17:00:00,430.16
2025-10-26 18:00:00,506.77
2025-10-26 19:00:00,466.94
2025-10-26 20:00:00,476.53
2025-10-26 21:00:00,472.32
2025-10-26 22:00:00,446.13
2025-10-26 23:00:00,349.72
2025-10-27 00:00:00,346.82
2025-10-27 01:00:00,364.21
2025-10-27 02:00:00,381.89
2025-10-27 03:00:00,380.69
2025-10-27 04:00:00,420.93
2025-10-27 05:00:00,392.9
2025-10-27 06:00:00,432.8
2025-10-27 07:00:00,445.45
2025-10-27 08:00:00,431.04
2025-10-27 09:00:00,446.8
2025-10-27 10:00:00,477.27
2025-10-27 11:00:00,491.06
2025-10-27 12:00:00,470.99
2025-10-27 13:00:00,489.56
2025-10-27 14:00:00,486.71
2025-10-27 15:00:00,474.72
2025-10-27 16:00:00,466.5
2025-10-27 17:00:00,462.0
2025-10-27 18:00:00,513.58
2025-10-27 19:00:00,494.24
2025-10-27 20:00:00,520.22
2025-10-27 21:00:00,464.28
2025-10-27 22:00:00,480.23
2025-10-27 23:00:00,373.03
2025-10-28 00:00:00,368.62
2025-10-28 01:00:00,400.15
2025-10-28 02:00:00,389.94
2025-10-28 03:00:00,417.91
2025-10-28 04:00:00,381.47
2025-10-28 05:00:00,416.11
2025-10-28 06:00:00,420.92
2025-10-28 07:00:00,424.14
2025-10-28 08:00:00,441.48
2025-10-28 09:00:00,453.15
2025-10-28 10:00:00,470.15
2025-10-28 11:00:00,477.04
2025-10-28 12:00:00,505.0
2025-10-28 13:00:00,489.55
2025-10-28 14:00:00,486.17
2025-10-28 15:00:00,492.72
2025-10-28 16:00:00,451.06
2025-10-28 17:00:00,472.75
2025-10-28 18:00:00,532.41
2025-10-28 19:00:00,535.73
2025-10-28 20:00:00,530.91
2025-10-28 21:00:00,477.0
2025-10-28 22:00:00,525.2
2025-10-28 23:00:00,401.98
2025-10-29 00:00:00,395.81
2025-10-29 01:00:00,364.71
2025-10-29 02:00:00,382.01
2025-10-29 03:00:00,382.22
2025-10-29 04:00:00,391.63
2025-10-29 05:00:00,429.26
2025-10-29 06:00:00,417.91
2025-10-29 07:00:00,451.39
2025-10-29 08:00:00,445.77
2025-10-29 09:00:00,438.12
2025-10-29 10:00:00,515.39
2025-10-29 11:00:00,482.6
2025-10-29 12:00:00,482.73
2025-10-29 13:00:00,491.3
2025-10-29 14:00:00,470.42
2025-10-29 15:00:00,468.18
2025-10-29 16:00:00,441.38
2025-10-29 17:00:00,456.95
2025-10-29 18:00:00,506.2
2025-10-29 19:00:00,489.76
2025-10-29 20:00:00,512.99
2025-10-29 21:00:00,482.51
2025-10-29 22:00:00,523.22
2025-10-29 23:00:00,381.38
2025-10-30 00:00:00,406.61
2025-10-30 01:00:00,358.39
2025-10-30 02:00:00,409.64
2025-10-30 03:00:00,413.09
2025-10-30 04:00:00,410.15
2025-10-30 05:00:00,419.42
2025-10-30 06:00:00,428.19
2025-10-30 07:00:00,444.94
2025-10-30 08:00:00,449.39
2025-10-30 09:00:00,462.56
2025-10-30 10:00:00,480.64
2025-10-30 11:00:00,459.16
2025-10-30 12:00:00,499.39
2025-10-30 13:00:00,457.5
2025-10-30 14:00:00,491.42
2025-10-30 15:00:00,473.25
2025-10-30 16:00:00,450.07
2025-10-30 17:00:00,443.71
2025-10-30 18:00:00,539.72
2025-10-30 19:00:00,517.2
2025-10-30 20:00:00,531.5
2025-10-30 21:00:00,499.92
2025-10-30 22:00:00,486.07
2025-10-30 23:00:00,393.26
2025-10-31 00:00:00,377.42
2025-10-31 01:00:00,413.26
2025-10-31 02:00:00,372.11
2025-10-31 03:00:00,407.72
2025-10-31 04:00:00,421.47
2025-10-31 05:00:00,412.74
2025-10-31 06:00:00,440.65
2025-10-31 07:00:00,476.99
2025-10-31 08:00:00,445.62
2025-10-31 09:00:00,449.57
2025-10-31 10:00:00,472.4
2025-10-31 11:00:00,483.26
2025-10-31 12:00:00,475.14
2025-10-31 13:00:00,494.33
2025-10-31 14:00:00,479.59
2025-10-31 15:00:00,478.47
2025-10-31 16:00:00,464.77
2025-10-31 17:00:00,480.77
2025-10-31 18:00:00,514.38
2025-10-31 19:00:00,497.83
2025-10-31 20:00:00,486.22
2025-10-31 21:00:00,499.95
2025-10-31 22:00:00,485.57
2025-10-31 23:00:00,386.68
2025-11-01 00:00:00,379.99
2025-11-01 01:00:00,390.74
2025-11-01 02:00:00,422.59
2025-11-01 03:00:00,413.47
2025-11-01 04:00:00,414.56
2025-11-01 05:00:00,404.89
2025-11-01 06:00:00,439.83
2025-11-01 07:00:00,483.89
2025-11-01 08:00:00,455.18
2025-11-01 09:00:00,498.72
2025-11-01 10:00:00,480.26
2025-11-01 11:00:00,493.03
2025-11-01 12:00:00,488.08
2025-11-01 13:00:00,497.6
2025-11-01 14:00:00,459.24
2025-11-01 15:00:00,492.54
2025-11-01 16:00:00,464.12
2025-11-01 17:00:00,479.65
2025-11-01 18:00:00,549.19
2025-11-01 19:00:00,528.27
2025-11-01 20:00:00,530.03
2025-11-01 21:00:00,480.28
2025-11-01 22:00:00,487.63
2025-11-01 23:00:00,406.37
2025-11-02 00:00:00,402.69
2025-11-02 01:00:00,407.55
2025-11-02 02:00:00,402.59
2025-11-02 03:00:00,416.63
2025-11-02 04:00:00,381.5
2025-11-02 05:00:00,437.46
2025-11-02 06:00:00,424.54
2025-11-02 07:00:00,466.1
2025-11-02 08:00:00,448.49
2025-11-02 09:00:00,504.45
2025-11-02 10:00:00,464.28
2025-11-02 11:00:00,489.07
2025-11-02 12:00:00,498.91
2025-11-02 13:00:00,497.51
2025-11-02 14:00:00,487.51
2025-11-02 15:00:00,459.03
2025-11-02 16:00:00,473.3
2025-11-02 17:00:00,458.95
2025-11-02 18:00:00,554.12
2025-11-02 19:00:00,518.81
2025-11-02 20:00:00,503.57
2025-11-02 21:00:00,482.45
2025-11-02 22:00:00,503.13
2025-11-02 23:00:00,387.29
2025-11-03 00:00:00,431.85
2025-11-03 01:00:00,418.86
2025-11-03 02:00:00,407.24
2025-11-03 03:00:00,435.57
2025-11-03 04:00:00,465.51
2025-11-03 05:00:00,437.52
2025-11-03 06:00:00,466.6
2025-11-03 07:00:00,497.49
2025-11-03 08:00:00,516.82
2025-11-03 09:00:00,527.46
2025-11-03 10:00:00,522.46
2025-11-03 11:00:00,522.96
2025-11-03 12:00:00,512.29
2025-11-03 13:00:00,513.25
2025-11-03 14:00:00,535.26
2025-11-03 15:00:00,518.34
2025-11-03 16:00:00,501.52
2025-11-03 17:00:00,476.73
2025-11-03 18:00:00,580.17
2025-11-03 19:00:00,547.73
2025-11-03 20:00:00,538.65
2025-11-03 21:00:00,532.65
2025-11-03 22:00:00,554.74
2025-11-03 23:00:00,415.2
2025-11-04 00:00:00,427.02
2025-11-04 01:00:00,420.81
2025-11-04 02:00:00,422.4
2025-11-04 03:00:00,429.65
2025-11-04 04:00:00,443.45
2025-11-04 05:00:00,458.12
2025-11-04 06:00:00,484.76
2025-11-04 07:00:00,481.93
2025-11-04 08:00:00,512.8
2025-11-04 09:00:00,496.33
2025-11-04 10:00:00,531.54
2025-11-04 11:00:00,523.91
2025-11-04 12:00:00,530.45
2025-11-04 13:00:00,520.1
2025-11-04 14:00:00,506.37
2025-11-04 15:00:00,513.01
2025-11-04 16:00:00,461.63
2025-11-04 17:00:00,484.39
2025-11-04 18:00:00,584.61
2025-11-04 19:00:00,557.12
2025-11-04 20:00:00,543.4
2025-11-04 21:00:00,551.02
2025-11-04 22:00:00,519.52
2025-11-04 23:00:00,428.38
2025-11-05 00:00:00,416.38
2025-11-05 01:00:00,407.41
2025-11-05 02:00:00,451.2
2025-11-05 03:00:00,439.67
2025-11-05 04:00:00,452.23
2025-11-05 05:00:00,456.15
2025-11-05 06:00:00,463.16
2025-11-05 07:00:00,456.07
2025-11-05 08:00:00,485.24
2025-11-05 09:00:00,508.34
2025-11-05 10:00:00,529.66
2025-11-05 11:00:00,522.44
2025-11-05 12:00:00,516.57
2025-11-05 13:00:00,506.58
2025-11-05 14:00:00,529.47
2025-11-05 15:00:00,494.62
2025-11-05 16:00:00,492.0
2025-11-05 17:00:00,488.6
2025-11-05 18:00:00,580.83
2025-11-05 19:00:00,546.61
2025-11-05 20:00:00,520.13
2025-11-05 21:00:00,502.98
2025-11-05 22:00:00,521.69
2025-11-05 23:00:00,409.39
2025-11-06 00:00:00,415.61
2025-11-06 01:00:00,423.49
2025-11-06 02:00:00,430.61
2025-11-06 03:00:00,422.47
2025-11-06 04:00:00,441.12
2025-11-06 05:00:00,449.38
2025-11-06 06:00:00,474.78
2025-11-06 07:00:00,516.48
2025-11-06 08:00:00,492.97
2025-11-06 09:00:00,505.15
2025-11-06 10:00:00,518.13
2025-11-06 11:00:00,524.54
2025-11-06 12:00:00,496.69
2025-11-06 13:00:00,492.55
2025-11-06 14:00:00,512.32
2025-11-06 15:00:00,522.46
2025-11-06 16:00:00,486.92
2025-11-06 17:00:00,473.15
2025-11-06 18:00:00,565.09
2025-11-06 19:00:00,572.71
2025-11-06 20:00:00,582.01
2025-11-06 21:00:00,569.59
2025-11-06 22:00:00,542.13
2025-11-06 23:00:00,409.57
2025-11-07 00:00:00,421.21
2025-11-07 01:00:00,437.51
2025-11-07 02:00:00,447.35
2025-11-07 03:00:00,444.09
2025-11-07 04:00:00,452.63
2025-11-07 05:00:00,439.19
2025-11-07 06:00:00,457.47
2025-11-07 07:00:00,500.51
2025-11-07 08:00:00,499.48
2025-11-07 09:00:00,475.29
2025-11-07 10:00:00,515.22
2025-11-07 11:00:00,509.62
2025-11-07 12:00:00,542.85
2025-11-07 13:00:00,517.09
2025-11-07 14:00:00,511.29
2025-11-07 15:00:00,488.94
2025-11-07 16:00:00,515.5
2025-11-07 17:00:00,471.25
2025-11-07 18:00:00,570.48
2025-11-07 19:00:00,554.41
2025-11-07 20:00:00,536.76
2025-11-07 21:00:00,519.35
2025-11-07 22:00:00,553.3
2025-11-07 23:00:00,431.12
2025-11-08 00:00:00,434.1
2025-11-08 01:00:00,370.02
2025-11-08 02:00:00,423.87
2025-11-08 03:00:00,410.36
2025-11-08 04:00:00,423.4
2025-11-08 05:00:00,415.04
2025-11-08 06:00:00,439.26
2025-11-08 07:00:00,474.67
2025-11-08 08:00:00,489.45
2025-11-08 09:00:00,463.16
2025-11-08 10:00:00,486.01
2025-11-08 11:00:00,460.64
2025-11-08 12:00:00,497.97
2025-11-08 13:00:00,504.71
2025-11-08 14:00:00,489.59
2025-11-08 15:00:00,455.95
2025-11-08 16:00:00,495.16
2025-11-08 17:00:00,463.81
2025-11-08 18:00:00,545.74
2025-11-08 19:00:00,522.09
2025-11-08 20:00:00,513.12
2025-11-08 21:00:00,493.22
2025-11-08 22:00:00,502.26
2025-11-08 23:00:00,378.67
2025-11-09 00:00:00,401.5
2025-11-09 01:00:00,406.36
2025-11-09 02:00:00,398.88
2025-11-09 03:00:00,414.68
2025-11-09 04:00:00,397.96
2025-11-09 05:00:00,428.5
2025-11-09 06:00:00,421.0
2025-11-09 07:00:00,435.97
2025-11-09 08:00:00,495.74
2025-11-09 09:00:00,487.94
2025-11-09 10:00:00,467.28
2025-11-09 11:00:00,478.02
2025-11-09 12:00:00,494.42
2025-11-09 13:00:00,490.34
2025-11-09 14:00:00,476.74
2025-11-09 15:00:00,504.56
2025-11-09 16:00:00,470.14
2025-11-09 17:00:00,449.62
2025-11-09 18:00:00,525.2
2025-11-09 19:00:00,525.69
2025-11-09 20:00:00,515.44
2025-11-09 21:00:00,509.54
2025-11-09 22:00:00,488.84
2025-11-09 23:00:00,372.81
2025-11-10 00:00:00,407.98
2025-11-10 01:00:00,426.68
2025-11-10 02:00:00,412.86
2025-11-10 03:00:00,412.1
2025-11-10 04:00:00,469.41
2025-11-10 05:00:00,473.32
2025-11-10 06:00:00,461.74
2025-11-10 07:00:00,495.74
2025-11-10 08:00:00,489.53
2025-11-10 09:00:00,520.51
2025-11-10 10:00:00,542.4
2025-11-10 11:00:00,520.8
2025-11-10 12:00:00,542.08
2025-11-10 13:00:00,540.43
2025-11-10 14:00:00,518.7
2025-11-10 15:00:00,518.05
2025-11-10 16:00:00,474.78
2025-11-10 17:00:00,478.17
2025-11-10 18:00:00,580.24
2025-11-10 19:00:00,564.79
2025-11-10 20:00:00,524.32
2025-11-10 21:00:00,550.11
2025-11-10 22:00:00,511.28
2025-11-10 23:00:00,431.06
2025-11-11 00:00:00,428.37
2025-11-11 01:00:00,419.28
2025-11-11 02:00:00,436.55
2025-11-11 03:00:00,432.12
2025-11-11 04:00:00,438.6
2025-11-11 05:00:00,434.54
2025-11-11 06:00:00,486.24
2025-11-11 07:00:00,470.49
2025-11-11 08:00:00,495.46
2025-11-11 09:00:00,492.44
2025-11-11 10:00:00,511.67
2025-11-11 11:00:00,521.85
2025-11-11 12:00:00,514.91
2025-11-11 13:00:00,543.76
2025-11-11 14:00:00,511.85
2025-11-11 15:00:00,535.87
2025-11-11 16:00:00,522.28
2025-11-11 17:00:00,478.65
2025-11-11 18:00:00,549.43
2025-11-11 19:00:00,554.24
2025-11-11 20:00:00,528.96
2025-11-11 21:00:00,509.99
2025-11-11 22:00:00,544.17
2025-11-11 23:00:00,385.63
2025-11-12 00:00:00,429.37
2025-11-12 01:00:00,404.42
2025-11-12 02:00:00,469.66
2025-11-12 03:00:00,455.65
2025-11-12 04:00:00,456.01
2025-11-12 05:00:00,474.92
2025-11-12 06:00:00,470.82
2025-11-12 07:00:00,494.8
2025-11-12 08:00:00,492.12
2025-11-12 09:00:00,500.26
2025-11-12 10:00:00,517.02
2025-11-12 11:00:00,521.05
2025-11-12 12:00:00,508.01
2025-11-12 13:00:00,510.55
2025-11-12 14:00:00,518.06
2025-11-12 15:00:00,526.26
2025-11-12 16:00:00,494.49
2025-11-12 17:00:00,498.48
2025-11-12 18:00:00,570.2
2025-11-12 19:00:00,566.34
2025-11-12 20:00:00,523.56
2025-11-12 21:00:00,541.34
2025-11-12 22:00:00,529.29
2025-11-12 23:00:00,396.55
2025-11-13 00:00:00,403.07
2025-11-13 01:00:00,434.85
2025-11-13 02:00:00,422.81
2025-11-13 03:00:00,451.11
2025-11-13 04:00:00,406.08
2025-11-13 05:00:00,461.37
2025-11-13 06:00:00,519.73
2025-11-13 07:00:00,480.26
2025-11-13 08:00:00,510.54
2025-11-13 09:00:00,493.81
2025-11-13 10:00:00,510.64
2025-11-13 11:00:00,510.56
2025-11-13 12:00:00,522.1
2025-11-13 13:00:00,496.19
2025-11-13 14:00:00,510.72
2025-11-13 15:00:00,499.79
2025-11-13 16:00:00,506.49
2025-11-13 17:00:00,473.66
2025-11-13 18:00:00,577.08
2025-11-13 19:00:00,567.0
2025-11-13 20:00:00,534.85
2025-11-13 21:00:00,537.09
2025-11-13 22:00:00,524.81
2025-11-13 23:00:00,432.08
2025-11-14 00:00:00,423.73
2025-11-14 01:00:00,422.46
2025-11-14 02:00:00,444.3
2025-11-14 03:00:00,432.32
2025-11-14 04:00:00,445.67
2025-11-14 05:00:00,469.86
2025-11-14 06:00:00,475.39
2025-11-14 07:00:00,478.77
2025-11-14 08:00:00,504.12
2025-11-14 09:00:00,507.49
2025-11-14 10:00:00,499.42
2025-11-14 11:00:00,531.4
2025-11-14 12:00:00,539.83
2025-11-14 13:00:00,527.98
2025-11-14 14:00:00,501.92
2025-11-14 15:00:00,508.65
2025-11-14 16:00:00,509.47
2025-11-14 17:00:00,461.41
2025-11-14 18:00:00,575.11
2025-11-14 19:00:00,577.73
2025-11-14 20:00:00,529.68
2025-11-14 21:00:00,559.8
2025-11-14 22:00:00,541.67
2025-11-14 23:00:00,408.15
2025-11-15 00:00:00,411.06
2025-11-15 01:00:00,408.71
2025-11-15 02:00:00,394.01
2025-11-15 03:00:00,378.16
2025-11-15 04:00:00,395.38
2025-11-15 05:00:00,407.79
2025-11-15 06:00:00,419.96
2025-11-15 07:00:00,458.85
2025-11-15 08:00:00,482.98
2025-11-15 09:00:00,480.98
2025-11-15 10:00:00,497.88
2025-11-15 11:00:00,456.18
2025-11-15 12:00:00,482.2
2025-11-15 13:00:00,498.2
2025-11-15 14:00:00,510.17
2025-11-15 15:00:00,494.5
2025-11-15 16:00:00,450.49
2025-11-15 17:00:00,446.12
2025-11-15 18:00:00,517.78
2025-11-15 19:00:00,532.51
2025-11-15 20:00:00,511.56
2025-11-15 21:00:00,515.87
2025-11-15 22:00:00,481.98
2025-11-15 23:00:00,383.15
2025-11-16 00:00:00,377.79
2025-11-16 01:00:00,409.55
2025-11-16 02:00:00,411.84
2025-11-16 03:00:00,433.48
2025-11-16 04:00:00,405.76
2025-11-16 05:00:00,424.5
2025-11-16 06:00:00,436.17
2025-11-16 07:00:00,462.53
2025-11-16 08:00:00,478.67
2025-11-16 09:00:00,483.77
2025-11-16 10:00:00,501.44
2025-11-16 11:00:00,501.22
2025-11-16 12:00:00,495.33
2025-11-16 13:00:00,492.45
2025-11-16 14:00:00,493.28
2025-11-16 15:00:00,487.91
2025-11-16 16:00:00,460.89
2025-11-16 17:00:00,454.19
2025-11-16 18:00:00,524.58
2025-11-16 19:00:00,523.15
2025-11-16 20:00:00,531.88
2025-11-16 21:00:00,453.36
2025-11-16 22:00:00,497.8
2025-11-16 23:00:00,388.02
2025-11-17 00:00:00,428.39
2025-11-17 01:00:00,408.48
2025-11-17 02:00:00,441.17
2025-11-17 03:00:00,434.68
2025-11-17 04:00:00,457.39
2025-11-17 05:00:00,478.85
2025-11-17 06:00:00,466.38
2025-11-17 07:00:00,488.63
2025-11-17 08:00:00,474.1
2025-11-17 09:00:00,484.51
2025-11-17 10:00:00,546.7
2025-11-17 11:00:00,508.6
2025-11-17 12:00:00,519.99
2025-11-17 13:00:00,533.61
2025-11-17 14:00:00,535.2
2025-11-17 15:00:00,477.59
2025-11-17 16:00:00,462.94
2025-11-17 17:00:00,483.71
2025-11-17 18:00:00,560.13
2025-11-17 19:00:00,566.62
2025-11-17 20:00:00,547.32
2025-11-17 21:00:00,522.88
2025-11-17 22:00:00,521.44
2025-11-17 23:00:00,390.66
2025-11-18 00:00:00,411.45
2025-11-18 01:00:00,424.42
2025-11-18 02:00:00,422.21
2025-11-18 03:00:00,424.57
2025-11-18 04:00:00,470.93
2025-11-18 05:00:00,451.38
2025-11-18 06:00:00,477.35
2025-11-18 07:00:00,492.8
2025-11-18 08:00:00,478.11
2025-11-18 09:00:00,521.43
2025-11-18 10:00:00,497.94
2025-11-18 11:00:00,499.7
2025-11-18 12:00:00,531.64
2025-11-18 13:00:00,553.93
2025-11-18 14:00:00,518.27
2025-11-18 15:00:00,491.15
2025-11-18 16:00:00,467.84
2025-11-18 17:00:00,479.89
2025-11-18 18:00:00,554.22
2025-11-18 19:00:00,557.49
2025-11-18 20:00:00,535.6
2025-11-18 21:00:00,520.02
2025-11-18 22:00:00,508.74
2025-11-18 23:00:00,411.99
2025-11-19 00:00:00,424.12
2025-11-19 01:00:00,416.3
2025-11-19 02:00:00,420.98
2025-11-19 03:00:00,423.38
2025-11-19 04:00:00,439.54
2025-11-19 05:00:00,461.62
2025-11-19 06:00:00,449.73
2025-11-19 07:00:00,493.05
2025-11-19 08:00:00,498.1
2025-11-19 09:00:00,507.65
2025-11-19 10:00:00,494.94
2025-11-19 11:00:00,504.84
2025-11-19 12:00:00,538.07
2025-11-19 13:00:00,502.27
2025-11-19 14:00:00,532.14
2025-11-19 15:00:00,513.79
2025-11-19 16:00:00,478.3
2025-11-19 17:00:00,491.5
2025-11-19 18:00:00,579.44
2025-11-19 19:00:00,535.75
2025-11-19 20:00:00,524.8
2025-11-19 21:00:00,524.81
2025-11-19 22:00:00,520.82
2025-11-19 23:00:00,409.65
2025-11-20 00:00:00,414.09
2025-11-20 01:00:00,388.87
2025-11-20 02:00:00,427.02
2025-11-20 03:00:00,430.25
2025-11-20 04:00:00,440.84
2025-11-20 05:00:00,456.16
2025-11-20 06:00:00,460.76
2025-11-20 07:00:00,486.96
2025-11-20 08:00:00,492.92
2025-11-20 09:00:00,492.37
2025-11-20 10:00:00,510.82
2025-11-20 11:00:00,511.65
2025-11-20 12:00:00,527.26
2025-11-20 13:00:00,521.0
2025-11-20 14:00:00,487.17
2025-11-20 15:00:00,508.89
2025-11-20 16:00:00,511.65
2025-11-20 17:00:00,488.94
2025-11-20 18:00:00,570.92
2025-11-20 19:00:00,576.17
2025-11-20 20:00:00,554.88
2025-11-20 21:00:00,529.73
2025-11-20 22:00:00,540.34
2025-11-20 23:00:00,423.91
2025-11-21 00:00:00,426.78
2025-11-21 01:00:00,437.86
2025-11-21 02:00:00,461.79
2025-11-21 03:00:00,427.59
2025-11-21 04:00:00,445.18
2025-11-21 05:00:00,434.04
2025-11-21 06:00:00,467.09
2025-11-21 07:00:00,476.97
2025-11-21 08:00:00,536.09
2025-11-21 09:00:00,499.08
2025-11-21 10:00:00,518.09
2025-11-21 11:00:00,530.45
2025-11-21 12:00:00,507.28
2025-11-21 13:00:00,530.53
2025-11-21 14:00:00,536.86
2025-11-21 15:00:00,519.37
2025-11-21 16:00:00,493.56
2025-11-21 17:00:00,481.92
2025-11-21 18:00:00,588.6
2025-11-21 19:00:00,557.59
2025-11-21 20:00:00,542.34
2025-11-21 21:00:00,535.36
2025-11-21 22:00:00,509.62
2025-11-21 23:00:00,399.52
2025-11-22 00:00:00,361.9
2025-11-22 01:00:00,395.21
2025-11-22 02:00:00,385.06
2025-11-22 03:00:00,417.51
2025-11-22 04:00:00,401.67
2025-11-22 05:00:00,423.43
2025-11-22 06:00:00,451.83
2025-11-22 07:00:00,467.39
2025-11-22 08:00:00,473.3
2025-11-22 09:00:00,482.23
2025-11-22 10:00:00,500.05
2025-11-22 11:00:00,520.85
2025-11-22 12:00:00,470.6
2025-11-22 13:00:00,502.85
2025-11-22 14:00:00,469.29
2025-11-22 15:00:00,485.93
2025-11-22 16:00:00,478.9
2025-11-22 17:00:00,432.48
2025-11-22 18:00:00,554.63
2025-11-22 19:00:00,530.83
2025-11-22 20:00:00,523.51
2025-11-22 21:00:00,517.71
2025-11-22 22:00:00,514.16
2025-11-22 23:00:00,374.96
2025-11-23 00:00:00,395.67
2025-11-23 01:00:00,402.39
2025-11-23 02:00:00,397.7
2025-11-23 03:00:00,412.03
2025-11-23 04:00:00,428.86
2025-11-23 05:00:00,432.23
2025-11-23 06:00:00,457.14
2025-11-23 07:00:00,473.57
2025-11-23 08:00:00,453.53
2025-11-23 09:00:00,484.91
2025-11-23 10:00:00,497.78
2025-11-23 11:00:00,494.52
2025-11-23 12:00:00,489.63
2025-11-23 13:00:00,499.18
2025-11-23 14:00:00,505.6
2025-11-23 15:00:00,453.46
2025-11-23 16:00:00,471.9
2025-11-23 17:00:00,476.31
2025-11-23 18:00:00,561.62
2025-11-23 19:00:00,503.38
2025-11-23 20:00:00,506.83
2025-11-23 21:00:00,514.05
2025-11-23 22:00:00,500.52
2025-11-23 23:00:00,387.03
2025-11-24 00:00:00,412.56
2025-11-24 01:00:00,435.2
2025-11-24 02:00:00,411.13
2025-11-24 03:00:00,434.09
2025-11-24 04:00:00,447.16
2025-11-24 05:00:00,432.13
2025-11-24 06:00:00,473.83
2025-11-24 07:00:00,499.4
2025-11-24 08:00:00,473.21
2025-11-24 09:00:00,497.49
2025-11-24 10:00:00,525.99
2025-11-24 11:00:00,537.9
2025-11-24 12:00:00,551.62
2025-11-24 13:00:00,528.13
2025-11-24 14:00:00,506.37
2025-11-24 15:00:00,490.55
2025-11-24 16:00:00,497.8
2025-11-24 17:00:00,488.85
2025-11-24 18:00:00,554.55
2025-11-24 19:00:00,563.53
2025-11-24 20:00:00,558.41
2025-11-24 21:00:00,568.2
2025-11-24 22:00:00,535.58
2025-11-24 23:00:00,408.32
2025-11-25 00:00:00,423.94
2025-11-25 01:00:00,410.47
2025-11-25 02:00:00,435.66
2025-11-25 03:00:00,423.29
2025-11-25 04:00:00,460.2
2025-11-25 05:00:00,471.19
2025-11-25 06:00:00,468.18
2025-11-25 07:00:00,501.88
2025-11-25 08:00:00,484.28
2025-11-25 09:00:00,524.52
2025-11-25 10:00:00,517.57
2025-11-25 11:00:00,489.42
2025-11-25 12:00:00,512.64
2025-11-25 13:00:00,514.82
2025-11-25 14:00:00,543.16
2025-11-25 15:00:00,505.59
2025-11-25 16:00:00,495.53
2025-11-25 17:00:00,506.48
2025-11-25 18:00:00,594.24
2025-11-25 19:00:00,581.94
2025-11-25 20:00:00,529.86
2025-11-25 21:00:00,543.05
2025-11-25 22:00:00,530.94
2025-11-25 23:00:00,421.41
2025-11-26 00:00:00,408.89
2025-11-26 01:00:00,413.57
2025-11-26 02:00:00,413.45
2025-11-26 03:00:00,440.41
2025-11-26 04:00:00,480.38
2025-11-26 05:00:00,469.88
2025-11-26 06:00:00,465.87
2025-11-26 07:00:00,510.24
2025-11-26 08:00:00,515.16
2025-11-26 09:00:00,480.63
2025-11-26 10:00:00,518.21
2025-11-26 11:00:00,484.33
2025-11-26 12:00:00,504.6
2025-11-26 13:00:00,503.85
2025-11-26 14:00:00,509.03
2025-11-26 15:00:00,501.03
2025-11-26 16:00:00,493.8
2025-11-26 17:00:00,488.71
2025-11-26 18:00:00,576.7
2025-11-26 19:00:00,542.37
2025-11-26 20:00:00,548.01
2025-11-26 21:00:00,535.4
2025-11-26 22:00:00,524.0
2025-11-26 23:00:00,417.17
2025-11-27 00:00:00,424.71
2025-11-27 01:00:00,438.2
2025-11-27 02:00:00,417.15
2025-11-27 03:00:00,406.74
2025-11-27 04:00:00,430.07
2025-11-27 05:00:00,461.0
2025-11-27 06:00:00,502.23
2025-11-27 07:00:00,493.49
2025-11-27 08:00:00,478.92
2025-11-27 09:00:00,526.27
2025-11-27 10:00:00,506.65
2025-11-27 11:00:00,513.43
2025-11-27 12:00:00,526.85
2025-11-27 13:00:00,518.63
2025-11-27 14:00:00,540.27
2025-11-27 15:00:00,517.13
2025-11-27 16:00:00,498.68
2025-11-27 17:00:00,501.92
2025-11-27 18:00:00,579.44
2025-11-27 19:00:00,573.73
2025-11-27 20:00:00,521.81
2025-11-27 21:00:00,546.47
2025-11-27 22:00:00,549.05
2025-11-27 23:00:00,395.0
2025-11-28 00:00:00,452.82
2025-11-28 01:00:00,411.6
2025-11-28 02:00:00,435.94
2025-11-28 03:00:00,437.53
2025-11-28 04:00:00,450.66
2025-11-28 05:00:00,444.74
2025-11-28 06:00:00,472.95
2025-11-28 07:00:00,466.93
2025-11-28 08:00:00,516.21
2025-11-28 09:00:00,499.46
2025-11-28 10:00:00,516.16
2025-11-28 11:00:00,513.25
2025-11-28 12:00:00,529.93
2025-11-28 13:00:00,528.03
2025-11-28 14:00:00,497.05
2025-11-28 15:00:00,482.61
2025-11-28 16:00:00,518.12
2025-11-28 17:00:00,497.5
2025-11-28 18:00:00,578.64
2025-11-28 19:00:00,562.84
2025-11-28 20:00:00,530.31
2025-11-28 21:00:00,537.17
2025-11-28 22:00:00,556.35
2025-11-28 23:00:00,444.25
2025-11-29 00:00:00,389.76
2025-11-29 01:00:00,410.09
2025-11-29 02:00:00,399.23
2025-11-29 03:00:00,418.32
2025-11-29 04:00:00,388.37
2025-11-29 05:00:00,426.24
2025-11-29 06:00:00,436.59
2025-11-29 07:00:00,453.5
2025-11-29 08:00:00,488.2
2025-11-29 09:00:00,484.19
2025-11-29 10:00:00,481.88
2025-11-29 11:00:00,487.94
2025-11-29 12:00:00,496.7
2025-11-29 13:00:00,490.42
2025-11-29 14:00:00,473.15
2025-11-29 15:00:00,458.36
2025-11-29 16:00:00,461.11
2025-11-29 17:00:00,467.77
2025-11-29 18:00:00,528.96
2025-11-29 19:00:00,539.47
2025-11-29 20:00:00,491.48
2025-11-29 21:00:00,502.49
2025-11-29 22:00:00,487.69
2025-11-29 23:00:00,379.87
2025-11-30 00:00:00,388.31
2025-11-30 01:00:00,387.43
2025-11-30 02:00:00,378.19
2025-11-30 03:00:00,405.13
2025-11-30 04:00:00,410.84
2025-11-30 05:00:00,423.39
2025-11-30 06:00:00,423.54
2025-11-30 07:00:00,472.94
2025-11-30 08:00:00,454.54
2025-11-30 09:00:00,513.03
2025-11-30 10:00:00,488.16
2025-11-30 11:00:00,499.39
2025-11-30 12:00:00,496.26
2025-11-30 13:00:00,469.1
2025-11-30 14:00:00,459.89
2025-11-30 15:00:00,476.4
2025-11-30 16:00:00,479.61
2025-11-30 17:00:00,441.04
2025-11-30 18:00:00,547.17
2025-11-30 19:00:00,552.13
2025-11-30 20:00:00,513.92
2025-11-30 21:00:00,497.74
2025-11-30 22:00:00,486.43
2025-11-30 23:00:00,411.9
2025-12-01 00:00:00,456.12
2025-12-01 01:00:00,461.57
2025-12-01 02:00:00,472.69
2025-12-01 03:00:00,490.16
2025-12-01 04:00:00,461.08
2025-12-01 05:00:00,496.79
2025-12-01 06:00:00,490.92
2025-12-01 07:00:00,496.75
2025-12-01 08:00:00,525.7
2025-12-01 09:00:00,563.64
2025-12-01 10:00:00,560.5
2025-12-01 11:00:00,555.87
2025-12-01 12:00:00,550.53
2025-12-01 13:00:00,581.94
2025-12-01 14:00:00,536.78
2025-12-01 15:00:00,546.17
2025-12-01 16:00:00,510.24
2025-12-01 17:00:00,489.58
2025-12-01 18:00:00,587.25
2025-12-01 19:00:00,589.91
2025-12-01 20:00:00,579.13
2025-12-01 21:00:00,572.68
2025-12-01 22:00:00,563.63
2025-12-01 23:00:00,438.4
2025-12-02 00:00:00,446.73
2025-12-02 01:00:00,439.04
2025-12-02 02:00:00,449.04
2025-12-02 03:00:00,455.09
2025-12-02 04:00:00,461.51
2025-12-02 05:00:00,504.06
2025-12-02 06:00:00,481.87
2025-12-02 07:00:00,485.39
2025-12-02 08:00:00,513.18
2025-12-02 09:00:00,523.77
2025-12-02 10:00:00,519.51
2025-12-02 11:00:00,540.82
2025-12-02 12:00:00,540.75
2025-12-02 13:00:00,547.47
2025-12-02 14:00:00,507.31
2025-12-02 15:00:00,553.95
2025-12-02 16:00:00,517.99
2025-12-02 17:00:00,491.03
2025-12-02 18:00:00,601.16
2025-12-02 19:00:00,565.51
2025-12-02 20:00:00,576.96
2025-12-02 21:00:00,557.51
2025-12-02 22:00:00,583.35
2025-12-02 23:00:00,456.81
2025-12-03 00:00:00,453.81
2025-12-03 01:00:00,456.38
2025-12-03 02:00:00,449.44
2025-12-03 03:00:00,457.16
2025-12-03 04:00:00,471.59
2025-12-03 05:00:00,484.49
2025-12-03 06:00:00,497.09
2025-12-03 07:00:00,523.57
2025-12-03 08:00:00,530.93
2025-12-03 09:00:00,560.18
2025-12-03 10:00:00,572.18
2025-12-03 11:00:00,550.16
2025-12-03 12:00:00,567.8
2025-12-03 13:00:00,550.01
2025-12-03 14:00:00,569.39
2025-12-03 15:00:00,539.46
2025-12-03 16:00:00,506.44
2025-12-03 17:00:00,529.5
2025-12-03 18:00:00,604.43
2025-12-03 19:00:00,607.74
2025-12-03 20:00:00,569.31
2025-12-03 21:00:00,557.54
2025-12-03 22:00:00,536.06
2025-12-03 23:00:00,443.79
2025-12-04 00:00:00,462.73
2025-12-04 01:00:00,429.39
2025-12-04 02:00:00,435.87
2025-12-04 03:00:00,465.62
2025-12-04 04:00:00,458.47
2025-12-04 05:00:00,488.89
2025-12-04 06:00:00,496.14
2025-12-04 07:00:00,528.41
2025-12-04 08:00:00,511.55
2025-12-04 09:00:00,543.0
2025-12-04 10:00:00,569.92
2025-12-04 11:00:00,530.5
2025-12-04 12:00:00,545.01
2025-12-04 13:00:00,549.28
2025-12-04 14:00:00,560.51
2025-12-04 15:00:00,527.1
2025-12-04 16:00:00,528.76
2025-12-04 17:00:00,521.42
2025-12-04 18:00:00,625.38
2025-12-04 19:00:00,577.26
2025-12-04 20:00:00,566.16
2025-12-04 21:00:00,545.39
2025-12-04 22:00:00,545.73
2025-12-04 23:00:00,445.72
2025-12-05 00:00:00,440.85
2025-12-05 01:00:00,469.11
2025-12-05 02:00:00,452.18
2025-12-05 03:00:00,477.7
2025-12-05 04:00:00,455.13
2025-12-05 05:00:00,489.69
2025-12-05 06:00:00,486.2
2025-12-05 07:00:00,539.82
2025-12-05 08:00:00,514.1
2025-12-05 09:00:00,527.46
2025-12-05 10:00:00,571.28
2025-12-05 11:00:00,523.29
2025-12-05 12:00:00,535.36
2025-12-05 13:00:00,536.96
2025-12-05 14:00:00,560.91
2025-12-05 15:00:00,546.05
2025-12-05 16:00:00,491.53
2025-12-05 17:00:00,492.28
2025-12-05 18:00:00,578.69
2025-12-05 19:00:00,608.14
2025-12-05 20:00:00,575.03
2025-12-05 21:00:00,570.95
2025-12-05 22:00:00,554.07
2025-12-05 23:00:00,448.53
2025-12-06 00:00:00,437.25
2025-12-06 01:00:00,415.02
2025-12-06 02:00:00,437.51
2025-12-06 03:00:00,443.07
2025-12-06 04:00:00,434.12
2025-12-06 05:00:00,455.76
2025-12-06 06:00:00,453.63
2025-12-06 07:00:00,489.45
2025-12-06 08:00:00,477.61
2025-12-06 09:00:00,490.82
2025-12-06 10:00:00,539.64
2025-12-06 11:00:00,513.22
2025-12-06 12:00:00,528.33
2025-12-06 13:00:00,508.5
2025-12-06 14:00:00,515.48
2025-12-06 15:00:00,534.44
2025-12-06 16:00:00,496.82
2025-12-06 17:00:00,489.63
2025-12-06 18:00:00,559.95
2025-12-06 19:00:00,554.66
2025-12-06 20:00:00,537.54
2025-12-06 21:00:00,512.93
2025-12-06 22:00:00,529.58
2025-12-06 23:00:00,405.71
2025-12-07 00:00:00,428.85
2025-12-07 01:00:00,417.87
2025-12-07 02:00:00,422.34
2025-12-07 03:00:00,402.96
2025-12-07 04:00:00,435.57
2025-12-07 05:00:00,449.35
2025-12-07 06:00:00,460.56
2025-12-07 07:00:00,490.38
2025-12-07 08:00:00,493.73
2025-12-07 09:00:00,488.08
2025-12-07 10:00:00,524.02
2025-12-07 11:00:00,519.14
2025-12-07 12:00:00,507.66
2025-12-07 13:00:00,537.57
2025-12-07 14:00:00,486.24
2025-12-07 15:00:00,512.63
2025-12-07 16:00:00,506.08
2025-12-07 17:00:00,482.68
2025-12-07 18:00:00,578.35
2025-12-07 19:00:00,562.86
2025-12-07 20:00:00,542.51
2025-12-07 21:00:00,544.14
2025-12-07 22:00:00,545.32
2025-12-07 23:00:00,414.94
2025-12-08 00:00:00,429.61
2025-12-08 01:00:00,452.97
2025-12-08 02:00:00,460.9
2025-12-08 03:00:00,463.76
2025-12-08 04:00:00,512.27
2025-12-08 05:00:00,490.99
2025-12-08 06:00:00,485.12
2025-12-08 07:00:00,506.16
2025-12-08 08:00:00,518.53
2025-12-08 09:00:00,551.19
2025-12-08 10:00:00,544.25
2025-12-08 11:00:00,561.08
2025-12-08 12:00:00,555.12
2025-12-08 13:00:00,540.13
2025-12-08 14:00:00,525.89
2025-12-08 15:00:00,535.86
2025-12-08 16:00:00,540.49
2025-12-08 17:00:00,505.2
2025-12-08 18:00:00,592.02
2025-12-08 19:00:00,593.16
2025-12-08 20:00:00,571.95
2025-12-08 21:00:00,560.45
2025-12-08 22:00:00,568.75
2025-12-08 23:00:00,427.35
2025-12-09 00:00:00,453.52
2025-12-09 01:00:00,455.16
2025-12-09 02:00:00,460.1
2025-12-09 03:00:00,444.17
2025-12-09 04:00:00,456.12
2025-12-09 05:00:00,453.63
2025-12-09 06:00:00,484.96
2025-12-09 07:00:00,497.66
2025-12-09 08:00:00,532.76
2025-12-09 09:00:00,529.0
2025-12-09 10:00:00,553.05
2025-12-09 11:00:00,557.16
2025-12-09 12:00:00,557.35
2025-12-09 13:00:00,556.69
2025-12-09 14:00:00,571.71
2025-12-09 15:00:00,519.14
2025-12-09 16:00:00,551.87
2025-12-09 17:00:00,517.07
2025-12-09 18:00:00,624.12
2025-12-09 19:00:00,590.2
2025-12-09 20:00:00,579.86
2025-12-09 21:00:00,555.05
2025-12-09 22:00:00,549.39
2025-12-09 23:00:00,445.01
2025-12-10 00:00:00,445.48
2025-12-10 01:00:00,456.12
2025-12-10 02:00:00,453.03
2025-12-10 03:00:00,443.94
2025-12-10 04:00:00,487.76
2025-12-10 05:00:00,496.72
2025-12-10 06:00:00,495.9
2025-12-10 07:00:00,491.88
2025-12-10 08:00:00,504.67
2025-12-10 09:00:00,548.67
2025-12-10 10:00:00,537.32
2025-12-10 11:00:00,537.92
2025-12-10 12:00:00,558.12
2025-12-10 13:00:00,571.58
2025-12-10 14:00:00,511.05
2025-12-10 15:00:00,544.26
2025-12-10 16:00:00,518.35
2025-12-10 17:00:00,538.44
2025-12-10 18:00:00,619.27
2025-12-10 19:00:00,595.93
2025-12-10 20:00:00,563.08
2025-12-10 21:00:00,584.66
2025-12-10 22:00:00,580.27
2025-12-10 23:00:00,421.17
2025-12-11 00:00:00,446.91
2025-12-11 01:00:00,465.47
2025-12-11 02:00:00,450.87
2025-12-11 03:00:00,443.92
2025-12-11 04:00:00,474.97
2025-12-11 05:00:00,488.32
2025-12-11 06:00:00,502.23
2025-12-11 07:00:00,535.18
2025-12-11 08:00:00,513.27
2025-12-11 09:00:00,543.45
2025-12-11 10:00:00,561.2
2025-12-11 11:00:00,573.87
2025-12-11 12:00:00,531.31
2025-12-11 13:00:00,576.94
2025-12-11 14:00:00,557.35
2025-12-11 15:00:00,549.9
2025-12-11 16:00:00,521.91
2025-12-11 17:00:00,524.84
2025-12-11 18:00:00,587.42
2025-12-11 19:00:00,625.31
2025-12-11 20:00:00,561.8
2025-12-11 21:00:00,584.94
2025-12-11 22:00:00,556.63
2025-12-11 23:00:00,436.38
2025-12-12 00:00:00,460.09
2025-12-12 01:00:00,463.01
2025-12-12 02:00:00,480.86
2025-12-12 03:00:00,465.72
2025-12-12 04:00:00,479.44
2025-12-12 05:00:00,517.26
2025-12-12 06:00:00,507.44
2025-12-12 07:00:00,516.77
2025-12-12 08:00:00,556.03
2025-12-12 09:00:00,500.58
2025-12-12 10:00:00,533.44
2025-12-12 11:00:00,529.96
2025-12-12 12:00:00,542.08
2025-12-12 13:00:00,549.67
2025-12-12 14:00:00,523.12
2025-12-12 15:00:00,532.36
2025-12-12 16:00:00,518.17
2025-12-12 17:00:00,517.86
2025-12-12 18:00:00,603.13
2025-12-12 19:00:00,580.32
2025-12-12 20:00:00,576.63
2025-12-12 21:00:00,545.98
2025-12-12 22:00:00,561.16
2025-12-12 23:00:00,451.65
2025-12-13 00:00:00,424.28
2025-12-13 01:00:00,435.61
2025-12-13 02:00:00,437.82
2025-12-13 03:00:00,418.9
2025-12-13 04:00:00,480.61
2025-12-13 05:00:00,468.22
2025-12-13 06:00:00,465.43
2025-12-13 07:00:00,496.53
2025-12-13 08:00:00,500.74
2025-12-13 09:00:00,498.78
2025-12-13 10:00:00,512.36
2025-12-13 11:00:00,513.76
2025-12-13 12:00:00,520.11
2025-12-13 13:00:00,543.35
2025-12-13 14:00:00,511.25
2025-12-13 15:00:00,500.99
2025-12-13 16:00:00,492.73
2025-12-13 17:00:00,479.44
2025-12-13 18:00:00,548.72
2025-12-13 19:00:00,568.84
2025-12-13 20:00:00,561.63
2025-12-13 21:00:00,513.15
2025-12-13 22:00:00,505.11
2025-12-13 23:00:00,403.65
2025-12-14 00:00:00,404.02
2025-12-14 01:00:00,419.68
2025-12-14 02:00:00,434.72
2025-12-14 03:00:00,428.11
2025-12-14 04:00:00,445.91
2025-12-14 05:00:00,459.85
2025-12-14 06:00:00,423.63
2025-12-14 07:00:00,492.53
2025-12-14 08:00:00,500.27
2025-12-14 09:00:00,497.16
2025-12-14 10:00:00,515.66
2025-12-14 11:00:00,539.98
2025-12-14 12:00:00,508.87
2025-12-14 13:00:00,541.33
2025-12-14 14:00:00,546.86
2025-12-14 15:00:00,507.96
2025-12-14 16:00:00,497.75
2025-12-14 17:00:00,491.55
2025-12-14 18:00:00,558.53
2025-12-14 19:00:00,542.23
2025-12-14 20:00:00,530.29
2025-12-14 21:00:00,531.91
2025-12-14 22:00:00,515.25
2025-12-14 23:00:00,421.73
2025-12-15 00:00:00,439.45
2025-12-15 01:00:00,443.13
2025-12-15 02:00:00,420.25
2025-12-15 03:00:00,475.68
2025-12-15 04:00:00,482.13
2025-12-15 05:00:00,467.47
2025-12-15 06:00:00,474.59
2025-12-15 07:00:00,538.18
2025-12-15 08:00:00,521.53
2025-12-15 09:00:00,529.62
2025-12-15 10:00:00,541.61
2025-12-15 11:00:00,546.62
2025-12-15 12:00:00,535.39
2025-12-15 13:00:00,536.67
2025-12-15 14:00:00,550.06
2025-12-15 15:00:00,533.94
2025-12-15 16:00:00,529.22
2025-12-15 17:00:00,520.83
2025-12-15 18:00:00,596.42
2025-12-15 19:00:00,585.72
2025-12-15 20:00:00,592.83
2025-12-15 21:00:00,543.33
2025-12-15 22:00:00,542.83
2025-12-15 23:00:00,427.19
2025-12-16 00:00:00,457.73
2025-12-16 01:00:00,422.9
2025-12-16 02:00:00,449.18
2025-12-16 03:00:00,458.52
2025-12-16 04:00:00,478.64
2025-12-16 05:00:00,475.88
2025-12-16 06:00:00,492.61
2025-12-16 07:00:00,530.61
2025-12-16 08:00:00,510.42
2025-12-16 09:00:00,523.49
2025-12-16 10:00:00,528.47
2025-12-16 11:00:00,552.53
2025-12-16 12:00:00,551.5
2025-12-16 13:00:00,532.98
2025-12-16 14:00:00,551.83
2025-12-16 15:00:00,522.79
2025-12-16 16:00:00,543.16
2025-12-16 17:00:00,508.45
2025-12-16 18:00:00,596.22
2025-12-16 19:00:00,588.17
2025-12-16 20:00:00,571.27
2025-12-16 21:00:00,558.04
2025-12-16 22:00:00,556.32
2025-12-16 23:00:00,455.45
2025-12-17 00:00:00,426.01
2025-12-17 01:00:00,457.06
2025-12-17 02:00:00,465.94
2025-12-17 03:00:00,471.69
2025-12-17 04:00:00,457.18
2025-12-17 05:00:00,487.93
2025-12-17 06:00:00,485.12
2025-12-17 07:00:00,528.06
2025-12-17 08:00:00,532.19
2025-12-17 09:00:00,549.97
2025-12-17 10:00:00,526.68
2025-12-17 11:00:00,551.0
2025-12-17 12:00:00,534.75
2025-12-17 13:00:00,528.33
2025-12-17 14:00:00,545.91
2025-12-17 15:00:00,517.65
2025-12-17 16:00:00,514.79
2025-12-17 17:00:00,508.66
2025-12-17 18:00:00,589.81
2025-12-17 19:00:00,581.3
2025-12-17 20:00:00,572.82
2025-12-17 21:00:00,565.29
2025-12-17 22:00:00,563.56
2025-12-17 23:00:00,469.72
2025-12-18 00:00:00,470.37
2025-12-18 01:00:00,450.95
2025-12-18 02:00:00,466.78
2025-12-18 03:00:00,491.25
2025-12-18 04:00:00,458.97
2025-12-18 05:00:00,478.99
2025-12-18 06:00:00,512.4
2025-12-18 07:00:00,511.27
2025-12-18 08:00:00,525.63
2025-12-18 09:00:00,546.13
2025-12-18 10:00:00,569.73
2025-12-18 11:00:00,552.71
2025-12-18 12:00:00,541.76
2025-12-18 13:00:00,543.18
2025-12-18 14:00:00,548.0
2025-12-18 15:00:00,568.16
2025-12-18 16:00:00,546.45
2025-12-18 17:00:00,504.46
2025-12-18 18:00:00,628.34
2025-12-18 19:00:00,573.94
2025-12-18 20:00:00,583.16
2025-12-18 21:00:00,575.58
2025-12-18 22:00:00,548.54
2025-12-18 23:00:00,440.63
2025-12-19 00:00:00,465.0
2025-12-19 01:00:00,452.71
2025-12-19 02:00:00,470.21
2025-12-19 03:00:00,454.48
2025-12-19 04:00:00,468.25
2025-12-19 05:00:00,487.14
2025-12-19 06:00:00,513.79
2025-12-19 07:00:00,522.46
2025-12-19 08:00:00,486.7
2025-12-19 09:00:00,520.62
2025-12-19 10:00:00,546.63
2025-12-19 11:00:00,573.43
2025-12-19 12:00:00,518.82
2025-12-19 13:00:00,553.34
2025-12-19 14:00:00,552.74
2025-12-19 15:00:00,528.8
2025-12-19 16:00:00,504.98
2025-12-19 17:00:00,504.78
2025-12-19 18:00:00,608.78
2025-12-19 19:00:00,603.14
2025-12-19 20:00:00,592.89
2025-12-19 21:00:00,556.82
2025-12-19 22:00:00,553.56
2025-12-19 23:00:00,458.64
2025-12-20 00:00:00,430.08
2025-12-20 01:00:00,436.77
2025-12-20 02:00:00,440.23
2025-12-20 03:00:00,423.51
2025-12-20 04:00:00,451.95
2025-12-20 05:00:00,466.24
2025-12-20 06:00:00,448.3
2025-12-20 07:00:00,473.76
2025-12-20 08:00:00,501.79
2025-12-20 09:00:00,502.16
2025-12-20 10:00:00,518.53
2025-12-20 11:00:00,537.68
2025-12-20 12:00:00,517.59
2025-12-20 13:00:00,515.03
2025-12-20 14:00:00,516.51
2025-12-20 15:00:00,538.78
2025-12-20 16:00:00,511.5
2025-12-20 17:00:00,481.42
2025-12-20 18:00:00,543.32
2025-12-20 19:00:00,557.76
2025-12-20 20:00:00,550.26
2025-12-20 21:00:00,549.63
2025-12-20 22:00:00,545.12
2025-12-20 23:00:00,404.41
2025-12-21 00:00:00,400.56
2025-12-21 01:00:00,415.73
2025-12-21 02:00:00,443.96
2025-12-21 03:00:00,411.89
2025-12-21 04:00:00,463.43
2025-12-21 05:00:00,490.16
2025-12-21 06:00:00,466.18
2025-12-21 07:00:00,450.67
2025-12-21 08:00:00,520.17
2025-12-21 09:00:00,472.71
2025-12-21 10:00:00,518.43
2025-12-21 11:00:00,505.11
2025-12-21 12:00:00,517.26
2025-12-21 13:00:00,536.71
2025-12-21 14:00:00,515.63
2025-12-21 15:00:00,498.42
2025-12-21 16:00:00,495.6
2025-12-21 17:00:00,470.7
2025-12-21 18:00:00,580.29
2025-12-21 19:00:00,565.23
2025-12-21 20:00:00,549.89
2025-12-21 21:00:00,516.97
2025-12-21 22:00:00,527.56
2025-12-21 23:00:00,424.96
2025-12-22 00:00:00,453.79
2025-12-22 01:00:00,439.17
2025-12-22 02:00:00,457.26
2025-12-22 03:00:00,475.68
2025-12-22 04:00:00,450.4
2025-12-22 05:00:00,488.69
2025-12-22 06:00:00,493.17
2025-12-22 07:00:00,517.69
2025-12-22 08:00:00,533.58
2025-12-22 09:00:00,536.64
2025-12-22 10:00:00,533.94
2025-12-22 11:00:00,536.31
2025-12-22 12:00:00,552.21
2025-12-22 13:00:00,562.24
2025-12-22 14:00:00,535.87
2025-12-22 15:00:00,536.47
2025-12-22 16:00:00,521.57
2025-12-22 17:00:00,522.79
2025-12-22 18:00:00,606.3
2025-12-22 19:00:00,560.99
2025-12-22 20:00:00,561.67
2025-12-22 21:00:00,586.06
2025-12-22 22:00:00,537.68
2025-12-22 23:00:00,458.46
2025-12-23 00:00:00,457.69
2025-12-23 01:00:00,432.21
2025-12-23 02:00:00,471.8
2025-12-23 03:00:00,471.47
2025-12-23 04:00:00,483.06
2025-12-23 05:00:00,473.82
2025-12-23 06:00:00,487.68
2025-12-23 07:00:00,507.79
2025-12-23 08:00:00,531.84
2025-12-23 09:00:00,512.22
2025-12-23 10:00:00,561.72
2025-12-23 11:00:00,534.03
2025-12-23 12:00:00,550.63
2025-12-23 13:00:00,544.54
2025-12-23 14:00:00,562.3
2025-12-23 15:00:00,515.65
2025-12-23 16:00:00,538.47
2025-12-23 17:00:00,513.62
2025-12-23 18:00:00,614.75
2025-12-23 19:00:00,560.36
2025-12-23 20:00:00,563.11
2025-12-23 21:00:00,552.2
2025-12-23 22:00:00,564.21
2025-12-23 23:00:00,458.89
2025-12-24 00:00:00,449.8
2025-12-24 01:00:00,471.21
2025-12-24 02:00:00,470.23
2025-12-24 03:00:00,472.0
2025-12-24 04:00:00,467.44
2025-12-24 05:00:00,493.15
2025-12-24 06:00:00,515.57
2025-12-24 07:00:00,494.5
2025-12-24 08:00:00,533.68
2025-12-24 09:00:00,524.87
2025-12-24 10:00:00,556.92
2025-12-24 11:00:00,533.72
2025-12-24 12:00:00,541.11
2025-12-24 13:00:00,557.76
2025-12-24 14:00:00,517.64
2025-12-24 15:00:00,541.58
2025-12-24 16:00:00,526.96
2025-12-24 17:00:00,503.61
2025-12-24 18:00:00,609.01
2025-12-24 19:00:00,574.44
2025-12-24 20:00:00,610.24
2025-12-24 21:00:00,582.69
2025-12-24 22:00:00,573.71
2025-12-24 23:00:00,470.74
2025-12-25 00:00:00,463.7
2025-12-25 01:00:00,473.19
2025-12-25 02:00:00,439.45
2025-12-25 03:00:00,469.97
2025-12-25 04:00:00,479.58
2025-12-25 05:00:00,443.76
2025-12-25 06:00:00,476.62
2025-12-25 07:00:00,491.54
2025-12-25 08:00:00,553.53
2025-12-25 09:00:00,519.58
2025-12-25 10:00:00,536.98
2025-12-25 11:00:00,548.22
2025-12-25 12:00:00,520.54
2025-12-25 13:00:00,523.95
2025-12-25 14:00:00,560.59
2025-12-25 15:00:00,550.45
2025-12-25 16:00:00,512.97
2025-12-25 17:00:00,491.29
2025-12-25 18:00:00,605.71
2025-12-25 19:00:00,590.01
2025-12-25 20:00:00,570.56
2025-12-25 21:00:00,549.84
2025-12-25 22:00:00,575.05
2025-12-25 23:00:00,472.04
2025-12-26 00:00:00,452.71
2025-12-26 01:00:00,456.66
2025-12-26 02:00:00,447.66
2025-12-26 03:00:00,473.62
2025-12-26 04:00:00,472.3
2025-12-26 05:00:00,495.88
2025-12-26 06:00:00,494.7
2025-12-26 07:00:00,524.94
2025-12-26 08:00:00,510.17
2025-12-26 09:00:00,509.55
2025-12-26 10:00:00,551.92
2025-12-26 11:00:00,553.53
2025-12-26 12:00:00,568.69
2025-12-26 13:00:00,536.61
2025-12-26 14:00:00,552.28
2025-12-26 15:00:00,501.06
2025-12-26 16:00:00,529.48
2025-12-26 17:00:00,513.17
2025-12-26 18:00:00,601.4
2025-12-26 19:00:00,606.55
2025-12-26 20:00:00,577.55
2025-12-26 21:00:00,538.33
2025-12-26 22:00:00,566.66
2025-12-26 23:00:00,432.64
2025-12-27 00:00:00,425.82
2025-12-27 01:00:00,429.94
2025-12-27 02:00:00,424.41
2025-12-27 03:00:00,417.06
2025-12-27 04:00:00,439.37
2025-12-27 05:00:00,446.09
2025-12-27 06:00:00,472.7
2025-12-27 07:00:00,481.43
2025-12-27 08:00:00,503.2
2025-12-27 09:00:00,488.15
2025-12-27 10:00:00,505.47
2025-12-27 11:00:00,517.89
2025-12-27 12:00:00,508.13
2025-12-27 13:00:00,525.46
2025-12-27 14:00:00,510.23
2025-12-27 15:00:00,498.71
2025-12-27 16:00:00,500.13
2025-12-27 17:00:00,503.36
2025-12-27 18:00:00,585.0
2025-12-27 19:00:00,555.3
2025-12-27 20:00:00,545.57
2025-12-27 21:00:00,526.4
2025-12-27 22:00:00,510.59
2025-12-27 23:00:00,419.56
2025-12-28 00:00:00,444.25
2025-12-28 01:00:00,435.95
2025-12-28 02:00:00,429.12
2025-12-28 03:00:00,446.09
2025-12-28 04:00:00,459.65
2025-12-28 05:00:00,455.53
2025-12-28 06:00:00,479.68
2025-12-28 07:00:00,497.48
2025-12-28 08:00:00,466.03
2025-12-28 09:00:00,526.92
2025-12-28 10:00:00,489.08
2025-12-28 11:00:00,521.49
2025-12-28 12:00:00,521.72
2025-12-28 13:00:00,529.0
2025-12-28 14:00:00,524.0
2025-12-28 15:00:00,514.28
2025-12-28 16:00:00,479.21
2025-12-28 17:00:00,479.68
2025-12-28 18:00:00,558.47
2025-12-28 19:00:00,567.86
2025-12-28 20:00:00,555.52
2025-12-28 21:00:00,544.12
2025-12-28 22:00:00,507.87
2025-12-28 23:00:00,420.12
2025-12-29 00:00:00,460.2
2025-12-29 01:00:00,440.66
2025-12-29 02:00:00,464.74
2025-12-29 03:00:00,478.69
2025-12-29 04:00:00,471.08
2025-12-29 05:00:00,460.65
2025-12-29 06:00:00,505.78
2025-12-29 07:00:00,517.88
2025-12-29 08:00:00,523.46
2025-12-29 09:00:00,520.1
2025-12-29 10:00:00,525.69
2025-12-29 11:00:00,551.18
2025-12-29 12:00:00,557.96
2025-12-29 13:00:00,562.85
2025-12-29 14:00:00,551.78
2025-12-29 15:00:00,542.96
2025-12-29 16:00:00,547.6
2025-12-29 17:00:00,527.15
2025-12-29 18:00:00,634.39
2025-12-29 19:00:00,588.97
2025-12-29 20:00:00,590.48
2025-12-29 21:00:00,568.36
2025-12-29 22:00:00,553.15
2025-12-29 23:00:00,443.6
2025-12-30 00:00:00,436.18
2025-12-30 01:00:00,450.86
2025-12-30 02:00:00,467.39
2025-12-30 03:00:00,447.42
2025-12-30 04:00:00,475.75
2025-12-30 05:00:00,499.63
2025-12-30 06:00:00,500.15
2025-12-30 07:00:00,517.1
2025-12-30 08:00:00,517.23
2025-12-30 09:00:00,516.28
2025-12-30 10:00:00,538.35
2025-12-30 11:00:00,553.35
2025-12-30 12:00:00,552.8
2025-12-30 13:00:00,543.02
2025-12-30 14:00:00,551.21
2025-12-30 15:00:00,520.35
2025-12-30 16:00:00,509.78
2025-12-30 17:00:00,523.46
2025-12-30 18:00:00,612.88
2025-12-30 19:00:00,606.13
2025-12-30 20:00:00,566.48
2025-12-30 21:00:00,568.04
2025-12-30 22:00:00,547.83
2025-12-30 23:00:00,464.16
2025-12-31 00:00:00,425.95
